state,city,station,last_update,latitude,longitude,pollutant_id,pollutant_min,pollutant_max,pollutant_avg
Bihar,Kishanganj,"SDM Office_Khagra, Kishanganj - BSPCB",14-11-2025 21:00,26.0881305,87.93840336,NO2,NA,NA,NA
Bihar,Kishanganj,"SDM Office_Khagra, Kishanganj - BSPCB",14-11-2025 21:00,26.0881305,87.93840336,CO,12,16,14
Bihar,Manguraha,"Forest Rest House, Manguraha - BSPCB",14-11-2025 21:00,27.308328,84.531742,PM2.5,45,117,61
Bihar,Manguraha,"Forest Rest House, Manguraha - BSPCB",14-11-2025 21:00,27.308328,84.531742,PM10,55,131,77
Bihar,Manguraha,"Forest Rest House, Manguraha - BSPCB",14-11-2025 21:00,27.308328,84.531742,NH3,1,2,1
Bihar,Manguraha,"Forest Rest House, Manguraha - BSPCB",14-11-2025 21:00,27.308328,84.531742,CO,32,33,32
Bihar,Manguraha,"Forest Rest House, Manguraha - BSPCB",14-11-2025 21:00,27.308328,84.531742,OZONE,10,18,14
Bihar,Motihari,"Gandak Colony, Motihari - BSPCB",14-11-2025 21:00,26.63086,84.90051,NO2,8,11,9
Bihar,Munger,"Town Hall, Munger - BSPCB",14-11-2025 21:00,25.376776,86.471523,NO2,4,5,5
Bihar,Munger,"Town Hall, Munger - BSPCB",14-11-2025 21:00,25.376776,86.471523,SO2,14,18,16
Bihar,Munger,"Town Hall, Munger - BSPCB",14-11-2025 21:00,25.376776,86.471523,OZONE,12,29,20
Bihar,Bhagalpur,"Mayaganj, Bhagalpur - BSPCB",14-11-2025 21:00,25.265194,87.012947,SO2,12,55,36
Bihar,Bhagalpur,"Mayaganj, Bhagalpur - BSPCB",14-11-2025 21:00,25.265194,87.012947,OZONE,18,111,71
Bihar,Bihar Sharif,"D M Colony, Bihar Sharif - BSPCB",14-11-2025 21:00,25.204762,85.51496,NO2,9,10,9
Bihar,Bihar Sharif,"D M Colony, Bihar Sharif - BSPCB",14-11-2025 21:00,25.204762,85.51496,SO2,10,10,10
Bihar,Bihar Sharif,"D M Colony, Bihar Sharif - BSPCB",14-11-2025 21:00,25.204762,85.51496,CO,2,46,40
Bihar,Bihar Sharif,"D M Colony, Bihar Sharif - BSPCB",14-11-2025 21:00,25.204762,85.51496,OZONE,19,40,29
Bihar,Buxar,"Charitra Van, Buxar - BSPCB",14-11-2025 21:00,25.56752,83.966379,PM2.5,75,318,152
Bihar,Buxar,"Charitra Van, Buxar - BSPCB",14-11-2025 21:00,25.56752,83.966379,OZONE,3,170,105
Bihar,Chhapra,"Darshan Nagar, Chhapra - BSPCB",14-11-2025 21:00,25.7808257,84.7446768,NH3,2,6,3
Bihar,Chhapra,"Darshan Nagar, Chhapra - BSPCB",14-11-2025 21:00,25.7808257,84.7446768,SO2,20,22,20
Bihar,Chhapra,"Darshan Nagar, Chhapra - BSPCB",14-11-2025 21:00,25.7808257,84.7446768,OZONE,13,46,29
Andhra_Pradesh,Visakhapatnam,"GVM Corporation, Visakhapatnam - APPCB",14-11-2025 21:00,17.72,83.3,PM10,136,367,184
Andhra_Pradesh,Visakhapatnam,"GVM Corporation, Visakhapatnam - APPCB",14-11-2025 21:00,17.72,83.3,SO2,14,35,25
Arunachal_Pradesh,Naharlagun,"Naharlagun, Naharlagun - APSPCB",14-11-2025 21:00,27.103358,93.679645,SO2,8,8,8
Assam,Byrnihat,"Central Academy for SFS, Byrnihat - PCBA",14-11-2025 21:00,26.071318,91.87488,SO2,NA,NA,NA
Assam,Guwahati,"IITG, Guwahati - PCBA",14-11-2025 21:00,26.2028636,91.70046436,PM2.5,32,316,100
Assam,Guwahati,"IITG, Guwahati - PCBA",14-11-2025 21:00,26.2028636,91.70046436,SO2,23,26,24
Assam,Guwahati,"LGBI Airport, Guwahati - PCBA",14-11-2025 21:00,26.10887,91.589544,PM2.5,41,79,56
Bihar,Gaya,"Kareemganj, Gaya - BSPCB",14-11-2025 21:00,24.792403,84.992416,NO2,2,8,5
Bihar,Gaya,"SFTI Kusdihra, Gaya - BSPCB",14-11-2025 21:00,24.762518,84.982348,NH3,3,3,3
Bihar,Hajipur,"Industrial Area, Hajipur - BSPCB",14-11-2025 21:00,25.697189,85.2459,PM10,35,148,101
Bihar,Hajipur,"Industrial Area, Hajipur - BSPCB",14-11-2025 21:00,25.697189,85.2459,NO2,37,79,47
Bihar,Hajipur,"Industrial Area, Hajipur - BSPCB",14-11-2025 21:00,25.697189,85.2459,OZONE,9,155,100
Bihar,Katihar,"Mirchaibari, Katihar - BSPCB",14-11-2025 21:00,25.560083,87.553265,NH3,1,1,1
Bihar,Kishanganj,"SDM Office_Khagra, Kishanganj - BSPCB",14-11-2025 21:00,26.0881305,87.93840336,PM2.5,NA,NA,NA
Bihar,Kishanganj,"SDM Office_Khagra, Kishanganj - BSPCB",14-11-2025 21:00,26.0881305,87.93840336,PM10,NA,NA,NA
Assam,Silchar,"Tarapur, Silchar - PCBA",14-11-2025 21:00,24.82827,92.79525,SO2,5,8,6
Assam,Silchar,"Tarapur, Silchar - PCBA",14-11-2025 21:00,24.82827,92.79525,CO,17,42,23
Assam,Sivasagar,"Girls College, Sivasagar - PCBA",14-11-2025 21:00,26.987634,94.636574,PM10,23,94,52
Bihar,Araria,"Kharahiya Basti, Araria - BSPCB",14-11-2025 21:00,26.146529,87.454184,PM2.5,34,240,135
Bihar,Araria,"Kharahiya Basti, Araria - BSPCB",14-11-2025 21:00,26.146529,87.454184,PM10,30,134,96
Bihar,Arrah,"New DM Office, Arrah - BSPCB",14-11-2025 21:00,25.5626095,84.663264,PM10,38,111,71
Bihar,Arrah,"New DM Office, Arrah - BSPCB",14-11-2025 21:00,25.5626095,84.663264,NH3,1,1,1
Andhra_Pradesh,Anantapur,"Gulzarpet, Anantapur - APPCB",14-11-2025 21:00,14.675886,77.593027,CO,34,46,41
Andhra_Pradesh,Chittoor,"Gangineni Cheruvu, Chittoor - APPCB",14-11-2025 21:00,13.20488,79.097889,NO2,20,22,21
Andhra_Pradesh,Chittoor,"Gangineni Cheruvu, Chittoor - APPCB",14-11-2025 21:00,13.20488,79.097889,OZONE,53,59,56
Andhra_Pradesh,Rajamahendravaram,"Anand Kala Kshetram, Rajamahendravaram - APPCB",14-11-2025 21:00,16.9872867,81.7363176,NO2,13,66,27
Andhra_Pradesh,Rajamahendravaram,"Anand Kala Kshetram, Rajamahendravaram - APPCB",14-11-2025 21:00,16.9872867,81.7363176,CO,17,60,39
Andhra_Pradesh,Rajamahendravaram,"Anand Kala Kshetram, Rajamahendravaram - APPCB",14-11-2025 21:00,16.9872867,81.7363176,OZONE,1,52,19
Bihar,Begusarai,"Lohiyanagar, Begusarai - BSPCB",14-11-2025 21:00,25.42742023,86.13886079,PM2.5,47,95,69
Bihar,Begusarai,"Lohiyanagar, Begusarai - BSPCB",14-11-2025 21:00,25.42742023,86.13886079,OZONE,21,112,75
Bihar,Bettiah,"Kamalnath Nagar, Bettiah - BSPCB",14-11-2025 21:00,26.80365,84.51954,OZONE,19,23,21
Bihar,Bhagalpur,"Mayaganj, Bhagalpur - BSPCB",14-11-2025 21:00,25.265194,87.012947,PM10,62,123,82
Andhra_Pradesh,Tirupati,"Vaikuntapuram, Tirupati - APPCB",14-11-2025 21:00,13.615387,79.40923,PM2.5,NA,NA,NA
Andhra_Pradesh,Vijayawada,"HB Colony, Vijayawada - APPCB",14-11-2025 21:00,16.536107,80.594233,NO2,16,22,18
Andhra_Pradesh,Vijayawada,"Rajiv Gandhi Park, Vijayawada - APPCB",14-11-2025 21:00,16.509717,80.612222,PM2.5,72,82,77
Andhra_Pradesh,Vijayawada,"Rajiv Gandhi Park, Vijayawada - APPCB",14-11-2025 21:00,16.509717,80.612222,PM10,69,82,75
Assam,Guwahati,"LGBI Airport, Guwahati - PCBA",14-11-2025 21:00,26.10887,91.589544,SO2,6,20,13
Assam,Nalbari,"Bata Chowk, Nalbari - PCBA",14-11-2025 21:00,26.446912,91.439057,PM10,42,109,71
Assam,Silchar,"Tarapur, Silchar - PCBA",14-11-2025 21:00,24.82827,92.79525,PM10,48,71,58
Andhra_Pradesh,Amaravati,"Secretariat, Amaravati - APPCB",14-11-2025 21:00,16.5150833,80.5181667,SO2,7,13,10
Andhra_Pradesh,Amaravati,"Secretariat, Amaravati - APPCB",14-11-2025 21:00,16.5150833,80.5181667,OZONE,24,69,51
Andhra_Pradesh,Anantapur,"Gulzarpet, Anantapur - APPCB",14-11-2025 21:00,14.675886,77.593027,PM10,50,92,71
Bihar,Patna,"IGSC Planetarium Complex, Patna - BSPCB",14-11-2025 21:00,25.610369,85.132568,NO2,1,18,12
Bihar,Patna,"IGSC Planetarium Complex, Patna - BSPCB",14-11-2025 21:00,25.610369,85.132568,SO2,1,29,19
Bihar,Patna,"IGSC Planetarium Complex, Patna - BSPCB",14-11-2025 21:00,25.610369,85.132568,CO,34,69,43
Bihar,Patna,"IGSC Planetarium Complex, Patna - BSPCB",14-11-2025 21:00,25.610369,85.132568,OZONE,29,30,30
Bihar,Patna,"Muradpur, Patna - BSPCB",14-11-2025 21:00,25.619651,85.147382,PM10,113,131,120
Bihar,Patna,"Muradpur, Patna - BSPCB",14-11-2025 21:00,25.619651,85.147382,NO2,7,10,8
Bihar,Patna,"Muradpur, Patna - BSPCB",14-11-2025 21:00,25.619651,85.147382,NH3,4,5,5
Bihar,Patna,"Rajbansi Nagar, Patna - BSPCB",14-11-2025 21:00,25.599486,85.113666,NH3,4,9,7
Bihar,Patna,"Samanpura, Patna - BSPCB",14-11-2025 21:00,25.596727,85.085624,PM10,NA,NA,NA
Bihar,Patna,"Samanpura, Patna - BSPCB",14-11-2025 21:00,25.596727,85.085624,SO2,1,2,2
Bihar,Patna,"Samanpura, Patna - BSPCB",14-11-2025 21:00,25.596727,85.085624,CO,2,103,65
Delhi,Delhi,"CRRI Mathura Road, Delhi - IMD",14-11-2025 21:00,28.5512005,77.2735737,PM10,252,388,312
Delhi,Delhi,"Chandni Chowk, Delhi - IITM",14-11-2025 21:00,28.656756,77.227234,SO2,18,39,27
Delhi,Delhi,"DTU, Delhi - CPCB",14-11-2025 21:00,28.7500499,77.1112615,PM10,171,405,314
Delhi,Delhi,"DTU, Delhi - CPCB",14-11-2025 21:00,28.7500499,77.1112615,NO2,47,82,62
Delhi,Delhi,"DTU, Delhi - CPCB",14-11-2025 21:00,28.7500499,77.1112615,SO2,32,36,34
Delhi,Delhi,"Dr. Karni Singh Shooting Range, Delhi - DPCC",14-11-2025 21:00,28.498571,77.26484,NO2,75,129,99
Delhi,Delhi,"Dwarka-Sector 8, Delhi - DPCC ",14-11-2025 21:00,28.5710274,77.0719006,PM2.5,335,426,383
Delhi,Delhi,"Dwarka-Sector 8, Delhi - DPCC ",14-11-2025 21:00,28.5710274,77.0719006,NO2,57,160,107
Bihar,Muzaffarpur,"Buddha Colony, Muzaffarpur - BSPCB",14-11-2025 21:00,26.11442,85.39813,NH3,7,10,9
Bihar,Muzaffarpur,"MIT-Daudpur Kothi, Muzaffarpur - BSPCB",14-11-2025 21:00,26.1403345,85.3650192,NH3,1,1,1
Bihar,Muzaffarpur,"MIT-Daudpur Kothi, Muzaffarpur - BSPCB",14-11-2025 21:00,26.1403345,85.3650192,OZONE,14,40,37
Bihar,Muzaffarpur,"Muzaffarpur Collectorate, Muzaffarpur - BSPCB",14-11-2025 21:00,26.1209,85.3647,PM2.5,80,127,108
Bihar,Patna,"DRM Office Danapur, Patna - BSPCB",14-11-2025 21:00,25.586562,85.043586,SO2,8,11,9
Bihar,Patna,"Govt. High School Shikarpur, Patna - BSPCB",14-11-2025 21:00,25.592539,85.227158,PM10,103,166,133
Chhattisgarh,Bhilai,"32Bungalows, Bhilai - CECB",14-11-2025 21:00,21.194815,81.31477,OZONE,1,82,56
Chhattisgarh,Bilaspur,"Mangala, Bilaspur - NTPC",14-11-2025 21:00,22.08815,82.13737,NO2,17,66,23
Chhattisgarh,Bilaspur,"Mangala, Bilaspur - NTPC",14-11-2025 21:00,22.08815,82.13737,SO2,9,21,16
Chhattisgarh,Chhal,"Nawapara SECL Colony, Chhal - CECB",14-11-2025 21:00,22.118125,83.140608,NH3,5,6,5
Chhattisgarh,Chhal,"Nawapara SECL Colony, Chhal - CECB",14-11-2025 21:00,22.118125,83.140608,SO2,3,57,18
Chhattisgarh,Korba,"Rampur, Korba - CECB",14-11-2025 21:00,22.368195,82.746431,NO2,18,26,22
Chhattisgarh,Korba,"Rampur, Korba - CECB",14-11-2025 21:00,22.368195,82.746431,CO,20,39,22
Chhattisgarh,Korba,"Urja Nagar, Korba - CECB",14-11-2025 21:00,22.348441,82.549611,SO2,3,19,12
Chhattisgarh,Kunjemura,"OP Jindal School, Kunjemura - CECB",14-11-2025 21:00,22.12665,83.483212,PM10,51,157,81
Chhattisgarh,Raipur,"AIIMS, Raipur - CECB",14-11-2025 21:00,21.258815,81.578979,NH3,3,5,4
Chhattisgarh,Raipur,"AIIMS, Raipur - CECB",14-11-2025 21:00,21.258815,81.578979,OZONE,6,7,6
Chhattisgarh,Raipur,"Bhatagaon New ISBT, Raipur - CECB",14-11-2025 21:00,21.219665,81.630094,SO2,7,30,11
Chhattisgarh,Raipur,"Bhatagaon New ISBT, Raipur - CECB",14-11-2025 21:00,21.219665,81.630094,CO,38,112,50
Chhattisgarh,Raipur,"Krishak Nagar, Raipur - CECB",14-11-2025 21:00,21.237755,81.705301,NH3,2,2,2
Chhattisgarh,Raipur,"Krishak Nagar, Raipur - CECB",14-11-2025 21:00,21.237755,81.705301,SO2,5,14,9
Chhattisgarh,Tumidih,"OP Jindal Industrial Park, Tumidih - CECB",14-11-2025 21:00,22.06631475,83.33820077,SO2,5,21,7
Chhattisgarh,Tumidih,"OP Jindal Industrial Park, Tumidih - CECB",14-11-2025 21:00,22.06631475,83.33820077,CO,19,52,29
Delhi,Delhi,"Alipur, Delhi - DPCC",14-11-2025 21:00,28.815329,77.15301,OZONE,2,76,53
Chandigarh,Chandigarh,"Sector 22, Chandigarh - CPCC",14-11-2025 21:00,30.735567,76.775714,OZONE,5,61,45
Chandigarh,Chandigarh,"Sector-25, Chandigarh - CPCC",14-11-2025 21:00,30.751462,76.762879,NH3,7,13,9
Chhattisgarh,Bhilai,"32Bungalows, Bhilai - CECB",14-11-2025 21:00,21.194815,81.31477,NO2,16,118,54
Chhattisgarh,Bhilai,"32Bungalows, Bhilai - CECB",14-11-2025 21:00,21.194815,81.31477,NH3,1,19,6
Bihar,Samastipur,"DM Office_Kasipur, Samastipur - BSPCB",14-11-2025 21:00,25.859655,85.77944,PM2.5,NA,NA,NA
Bihar,Samastipur,"DM Office_Kasipur, Samastipur - BSPCB",14-11-2025 21:00,25.859655,85.77944,OZONE,8,8,8
Bihar,Sasaram,"Dada Peer, Sasaram - BSPCB",14-11-2025 21:00,24.952822,84.002396,SO2,NA,NA,NA
Bihar,Siwan,"Chitragupta Nagar, Siwan - BSPCB",14-11-2025 21:00,26.2271665,84.3570427,NO2,1,3,2
Delhi,Delhi,"Anand Vihar, Delhi - DPCC",14-11-2025 21:00,28.647622,77.315809,NH3,NA,NA,NA
Delhi,Delhi,"Ashok Vihar, Delhi - DPCC",14-11-2025 21:00,28.695381,77.181665,SO2,18,36,23
Delhi,Delhi,"CRRI Mathura Road, Delhi - IMD",14-11-2025 21:00,28.5512005,77.2735737,PM2.5,336,398,366
Gujarat,Ankleshwar,"GIDC, Ankleshwar - GPCB",14-11-2025 21:00,21.613267,73.010555,CO,59,113,66
Gujarat,Gandhinagar,"GIFT City, Gandhinagar - IITM",14-11-2025 21:00,23.163798,72.677768,NH3,3,18,7
Gujarat,Gandhinagar,"IIPHG Lekawada, Gandhinagar - IITM",14-11-2025 21:00,23.243639,72.68994,NO2,6,13,9
Gujarat,Gandhinagar,"IIPHG Lekawada, Gandhinagar - IITM",14-11-2025 21:00,23.243639,72.68994,CO,4,98,32
Gujarat,Gandhinagar,"Sector-10, Gandhinagar - GPCB",14-11-2025 21:00,23.221714,72.654328,CO,24,50,34
Gujarat,Gandhinagar,"Sector-10, Gandhinagar - GPCB",14-11-2025 21:00,23.221714,72.654328,OZONE,9,121,76
Gujarat,Surat,"Science Center, Surat - SMC",14-11-2025 21:00,21.170046,72.795405,SO2,28,35,30
Delhi,Delhi,"Jawaharlal Nehru Stadium, Delhi - DPCC",14-11-2025 21:00,28.58028,77.233829,CO,55,117,72
Delhi,Delhi,"Lodhi Road, Delhi - IMD",14-11-2025 21:00,28.5918245,77.2273074,OZONE,4,172,90
Delhi,Delhi,"Major Dhyan Chand National Stadium, Delhi - DPCC",14-11-2025 21:00,28.611281,77.237738,PM2.5,306,403,363
Delhi,Delhi,"Mandir Marg, Delhi - DPCC",14-11-2025 21:00,28.636429,77.201067,SO2,9,99,70
Delhi,Delhi,"Mundka, Delhi - DPCC",14-11-2025 21:00,28.684678,77.076574,PM10,163,439,296
Delhi,Delhi,"Mundka, Delhi - DPCC",14-11-2025 21:00,28.684678,77.076574,NH3,10,16,13
Delhi,Delhi,"Mundka, Delhi - DPCC",14-11-2025 21:00,28.684678,77.076574,SO2,2,69,30
Delhi,Delhi,"IGI Airport (T3), Delhi - IMD",14-11-2025 21:00,28.5627763,77.1180053,PM10,241,352,294
Delhi,Delhi,"IHBAS, Dilshad Garden, Delhi - CPCB",14-11-2025 21:00,28.6811736,77.3025234,NO2,50,55,53
Delhi,Delhi,"IHBAS, Dilshad Garden, Delhi - CPCB",14-11-2025 21:00,28.6811736,77.3025234,CO,52,98,67
Delhi,Delhi,"ITO, Delhi - CPCB",14-11-2025 21:00,28.628624,77.24106,NO2,34,88,59
Delhi,Delhi,"ITO, Delhi - CPCB",14-11-2025 21:00,28.628624,77.24106,NH3,3,5,4
Delhi,Delhi,"Jahangirpuri, Delhi - DPCC",14-11-2025 21:00,28.73282,77.170633,NO2,58,165,124
Delhi,Delhi,"Jawaharlal Nehru Stadium, Delhi - DPCC",14-11-2025 21:00,28.58028,77.233829,PM10,301,432,371
Gujarat,Ahmedabad,"Chandkheda, Ahmedabad - IITM",14-11-2025 21:00,23.107969,72.574648,PM2.5,43,163,83
Gujarat,Ahmedabad,"Chandkheda, Ahmedabad - IITM",14-11-2025 21:00,23.107969,72.574648,NO2,10,118,50
Gujarat,Ahmedabad,"Gyaspur, Ahmedabad - IITM",14-11-2025 21:00,22.977134,72.553024,PM10,120,418,220
Gujarat,Ahmedabad,"Maninagar, Ahmedabad - GPCB",14-11-2025 21:00,23.002657,72.591912,PM2.5,25,111,59
Gujarat,Ahmedabad,"Maninagar, Ahmedabad - GPCB",14-11-2025 21:00,23.002657,72.591912,SO2,27,53,38
Gujarat,Ahmedabad,"Maninagar, Ahmedabad - GPCB",14-11-2025 21:00,23.002657,72.591912,CO,16,80,40
Gujarat,Ahmedabad,"Maninagar, Ahmedabad - GPCB",14-11-2025 21:00,23.002657,72.591912,OZONE,1,42,31
Gujarat,Ahmedabad,"Raikhad, Ahmedabad - IITM",14-11-2025 21:00,23.020509,72.579261,PM2.5,71,321,168
Delhi,Delhi,"Pusa, Delhi - IMD",14-11-2025 21:00,28.63611,77.173332,PM2.5,311,416,366
Delhi,Delhi,"R K Puram, Delhi - DPCC",14-11-2025 21:00,28.563262,77.186937,PM2.5,348,437,384
Delhi,Delhi,"R K Puram, Delhi - DPCC",14-11-2025 21:00,28.563262,77.186937,PM10,250,417,317
Delhi,Delhi,"R K Puram, Delhi - DPCC",14-11-2025 21:00,28.563262,77.186937,OZONE,11,193,111
Delhi,Delhi,"Shadipur, Delhi - CPCB",14-11-2025 21:00,28.6514781,77.1473105,NH3,8,14,11
Delhi,Delhi,"Shadipur, Delhi - CPCB",14-11-2025 21:00,28.6514781,77.1473105,OZONE,12,52,32
Delhi,Delhi,"Sirifort, Delhi - CPCB",14-11-2025 21:00,28.5504249,77.2159377,PM2.5,352,417,386
Delhi,Delhi,"Sirifort, Delhi - CPCB",14-11-2025 21:00,28.5504249,77.2159377,NO2,39,68,52
Delhi,Delhi,"North Campus, DU, Delhi - IMD",14-11-2025 21:00,28.6573814,77.1585447,NO2,64,237,138
Delhi,Delhi,"North Campus, DU, Delhi - IMD",14-11-2025 21:00,28.6573814,77.1585447,CO,46,134,79
Delhi,Delhi,"Okhla Phase-2, Delhi - DPCC",14-11-2025 21:00,28.530785,77.271255,CO,59,112,73
Delhi,Delhi,"Punjabi Bagh, Delhi - DPCC",14-11-2025 21:00,28.674045,77.131023,PM10,210,432,365
Delhi,Delhi,"Punjabi Bagh, Delhi - DPCC",14-11-2025 21:00,28.674045,77.131023,CO,30,106,61
Delhi,Delhi,"Pusa, Delhi - DPCC",14-11-2025 21:00,28.639652,77.146275,PM2.5,336,423,395
Delhi,Delhi,"Pusa, Delhi - DPCC",14-11-2025 21:00,28.639652,77.146275,NH3,3,20,12
Delhi,Delhi,"Sirifort, Delhi - CPCB",14-11-2025 21:00,28.5504249,77.2159377,SO2,20,32,28
Delhi,Delhi,"Sonia Vihar, Delhi - DPCC",14-11-2025 21:00,28.710508,77.249485,NO2,30,110,69
Delhi,Delhi,"Sri Aurobindo Marg, Delhi - DPCC",14-11-2025 21:00,28.531346,77.190156,NO2,35,73,53
Delhi,Delhi,"Vivek Vihar, Delhi - DPCC",14-11-2025 21:00,28.672342,77.31526,PM10,226,436,372
Delhi,Delhi,"Wazirpur, Delhi - DPCC",14-11-2025 21:00,28.699793,77.165453,PM2.5,323,463,402
Delhi,Delhi,"Wazirpur, Delhi - DPCC",14-11-2025 21:00,28.699793,77.165453,NH3,9,10,10
Gujarat,Ahmedabad,"Rakhial, Ahmedabad - IITM",14-11-2025 21:00,23.016834,72.625775,SO2,16,69,34
Gujarat,Ahmedabad,"Rakhial, Ahmedabad - IITM",14-11-2025 21:00,23.016834,72.625775,CO,8,137,30
Gujarat,Ahmedabad,"SAC ISRO Bopal, Ahmedabad - IITM",14-11-2025 21:00,23.041137,72.456691,PM10,NA,NA,NA
Gujarat,Ahmedabad,"SAC ISRO Bopal, Ahmedabad - IITM",14-11-2025 21:00,23.041137,72.456691,NH3,NA,NA,NA
Gujarat,Ahmedabad,"SAC ISRO Satellite, Ahmedabad - IITM",14-11-2025 21:00,23.023389,72.515201,CO,50,156,77
Gujarat,Ahmedabad,"SVPI Airport Hansol, Ahmedabad - IITM",14-11-2025 21:00,23.076793,72.627874,CO,4,104,43
Delhi,Delhi,"NSIT Dwarka, Delhi - CPCB",14-11-2025 21:00,28.60909,77.0325413,PM10,320,482,408
Delhi,Delhi,"NSIT Dwarka, Delhi - CPCB",14-11-2025 21:00,28.60909,77.0325413,SO2,10,14,11
Delhi,Delhi,"Najafgarh, Delhi - DPCC",14-11-2025 21:00,28.570173,76.933762,PM2.5,322,435,383
Delhi,Delhi,"Najafgarh, Delhi - DPCC",14-11-2025 21:00,28.570173,76.933762,NO2,111,148,127
Delhi,Delhi,"Narela, Delhi - DPCC",14-11-2025 21:00,28.822836,77.101981,SO2,17,45,27
Delhi,Delhi,"Narela, Delhi - DPCC",14-11-2025 21:00,28.822836,77.101981,OZONE,4,167,109
Haryana,Mandikhera,"General Hospital, Mandikhera - HSPCB",14-11-2025 21:00,27.9002,76.9938,OZONE,25,32,27
Haryana,Manesar,"Sector-2 IMT, Manesar - HSPCB",14-11-2025 21:00,28.360699,76.93609,PM2.5,137,327,221
Haryana,Manesar,"Sector-2 IMT, Manesar - HSPCB",14-11-2025 21:00,28.360699,76.93609,NH3,16,21,19
Haryana,Manesar,"Sector-2 IMT, Manesar - HSPCB",14-11-2025 21:00,28.360699,76.93609,SO2,16,27,20
Haryana,Narnaul,"Shastri Nagar, Narnaul - HSPCB",14-11-2025 21:00,28.060249,76.113115,SO2,11,12,12
Haryana,Palwal,"Shyam Nagar, Palwal - HSPCB",14-11-2025 21:00,28.1485564,77.3320667,NH3,8,9,9
Haryana,Palwal,"Shyam Nagar, Palwal - HSPCB",14-11-2025 21:00,28.1485564,77.3320667,OZONE,23,25,24
Haryana,Panchgaon,"Amity University, Panchgaon - IITM",14-11-2025 21:00,28.3153,76.9143,PM2.5,NA,NA,NA
Haryana,Panchgaon,"Amity University, Panchgaon - IITM",14-11-2025 21:00,28.3153,76.9143,SO2,NA,NA,NA
Haryana,Panchgaon,"Amity University, Panchgaon - IITM",14-11-2025 21:00,28.3153,76.9143,CO,54,68,56
Haryana,Gurugram,"Sector-51, Gurugram - HSPCB",14-11-2025 21:00,28.4227,77.0667,CO,24,30,26
Haryana,Gurugram,"Teri Gram, Gurugram - HSPCB",14-11-2025 21:00,28.4275,77.1465,PM10,117,392,170
Haryana,Hisar,"Urban Estate-II, Hisar - HSPCB",14-11-2025 21:00,29.14056,75.744941,PM10,141,242,183
Haryana,Jind,"Police Lines, Jind - HSPCB",14-11-2025 21:00,29.307814,76.337619,PM10,NA,NA,NA
Haryana,Jind,"Police Lines, Jind - HSPCB",14-11-2025 21:00,29.307814,76.337619,SO2,NA,NA,NA
Haryana,Kaithal,"Rishi Nagar, Kaithal - HSPCB",14-11-2025 21:00,29.8006,76.4155,PM2.5,84,300,191
Haryana,Faridabad,"Sector 30, Faridabad - HSPCB",14-11-2025 21:00,28.4417,77.3217,PM10,162,182,169
Haryana,Faridabad,"Sector 30, Faridabad - HSPCB",14-11-2025 21:00,28.4417,77.3217,NO2,35,39,37
Haryana,Faridabad,"Sector 30, Faridabad - HSPCB",14-11-2025 21:00,28.4417,77.3217,NH3,11,12,11
Haryana,Faridabad,"Sector 30, Faridabad - HSPCB",14-11-2025 21:00,28.4417,77.3217,CO,60,67,62
Haryana,Fatehabad,"Huda Sector, Fatehabad - HSPCB",14-11-2025 21:00,29.503664,75.467934,NO2,18,20,19
Haryana,Gurugram,"NISE Gwal Pahari, Gurugram - IMD",14-11-2025 21:00,28.422681,77.148944,CO,29,77,41
Haryana,Gurugram,"NISE Gwal Pahari, Gurugram - IMD",14-11-2025 21:00,28.422681,77.148944,OZONE,3,92,48
Gujarat,Vapi,"Phase-1 GIDC, Vapi - GPCB",14-11-2025 21:00,20.362421,72.918013,NO2,1,2,1
Gujarat,Vapi,"Phase-1 GIDC, Vapi - GPCB",14-11-2025 21:00,20.362421,72.918013,OZONE,2,2,2
Gujarat,Vatva,"Phase-4 GIDC, Vatva - GPCB",14-11-2025 21:00,22.969611,72.6435,CO,9,42,19
Haryana,Bahadurgarh,"Arya Nagar, Bahadurgarh - HSPCB",14-11-2025 21:00,28.6701,76.9254,PM2.5,2,500,394
Haryana,Ballabgarh,"Nathu Colony, Ballabgarh - HSPCB",14-11-2025 21:00,28.3419248,77.319699,PM2.5,196,235,208
Haryana,Bhiwani,"H.B. Colony, Bhiwani - HSPCB",14-11-2025 21:00,28.806223,76.141105,NH3,1,8,7
Haryana,Bhiwani,"H.B. Colony, Bhiwani - HSPCB",14-11-2025 21:00,28.806223,76.141105,SO2,12,13,12
Haryana,Dharuhera,"Municipal Corporation Office, Dharuhera -  HSPCB",14-11-2025 21:00,28.2068,76.7997,PM10,179,405,272
Haryana,Dharuhera,"Municipal Corporation Office, Dharuhera -  HSPCB",14-11-2025 21:00,28.2068,76.7997,OZONE,10,72,45
Haryana,Faridabad,"New Industrial Town, Faridabad - HSPCB",14-11-2025 21:00,28.39072,77.30059,NO2,24,26,25
Karnataka,Bagalkot,"Vidayagiri, Bagalkot - KSPCB",14-11-2025 21:00,16.172806,75.659694,NH3,1,2,1
Karnataka,Bengaluru,"BTM Layout, Bengaluru - CPCB",14-11-2025 21:00,12.9135218,77.5950804,NO2,23,68,31
Karnataka,Bengaluru,"BTM Layout, Bengaluru - CPCB",14-11-2025 21:00,12.9135218,77.5950804,CO,42,56,46
Karnataka,Bengaluru,"BWSSB Kadabesanahalli, Bengaluru - CPCB",14-11-2025 21:00,12.9352049,77.6814488,NO2,23,25,25
Karnataka,Bengaluru,"Hebbal, Bengaluru - KSPCB",14-11-2025 21:00,13.029152,77.585901,PM2.5,62,126,87
Haryana,Panchkula,"Sector-6, Panchkula - HSPCB ",14-11-2025 21:00,30.7057778,76.85318056,CO,21,22,22
Haryana,Panipat,"Sector-18, Panipat - HSPCB",14-11-2025 21:00,29.432304,76.972765,NO2,31,32,31
Haryana,Sirsa,"F-Block, Sirsa - HSPCB",14-11-2025 21:00,29.5364,75.0158,NO2,NA,NA,NA
Haryana,Sonipat,"Murthal, Sonipat - HSPCB",14-11-2025 21:00,29.0272,77.0621,NH3,9,24,16
Haryana,Yamuna Nagar,"Gobind Pura, Yamuna Nagar - HSPCB",14-11-2025 21:00,30.1480566,77.2893471,PM10,100,184,140
Haryana,Yamuna Nagar,"Gobind Pura, Yamuna Nagar - HSPCB",14-11-2025 21:00,30.1480566,77.2893471,OZONE,38,38,38
Himachal Pradesh,Baddi,"HIMUDA Complex Phase-1, Baddi - HPPCB",14-11-2025 21:00,30.943887,76.801991,PM2.5,38,335,163
Haryana,Kaithal,"Rishi Nagar, Kaithal - HSPCB",14-11-2025 21:00,29.8006,76.4155,SO2,27,35,31
Haryana,Kurukshetra,"Sector-7, Kurukshetra - HSPCB",14-11-2025 21:00,29.966942,76.875879,PM2.5,173,341,251
Haryana,Kurukshetra,"Sector-7, Kurukshetra - HSPCB",14-11-2025 21:00,29.966942,76.875879,PM10,124,254,169
Haryana,Kurukshetra,"Sector-7, Kurukshetra - HSPCB",14-11-2025 21:00,29.966942,76.875879,NH3,5,5,5
Karnataka,Bengaluru,"Peenya, Bengaluru - CPCB",14-11-2025 21:00,13.0270199,77.494094,PM2.5,18,63,33
Karnataka,Bengaluru,"Peenya, Bengaluru - CPCB",14-11-2025 21:00,13.0270199,77.494094,CO,16,57,33
Karnataka,Bengaluru,"Peenya, Bengaluru - CPCB",14-11-2025 21:00,13.0270199,77.494094,OZONE,22,23,22
Karnataka,Bengaluru,"RVCE-Mailasandra, Bengaluru - KSPCB",14-11-2025 21:00,12.921418,77.502466,NH3,3,3,3
Karnataka,Bengaluru,"Sanegurava Halli, Bengaluru - KSPCB",14-11-2025 21:00,12.990328,77.5431385,PM10,51,55,52
Karnataka,Bengaluru,"Sanegurava Halli, Bengaluru - KSPCB",14-11-2025 21:00,12.990328,77.5431385,CO,20,61,31
Karnataka,Bengaluru,"Shivapura_Peenya, Bengaluru - KSPCB",14-11-2025 21:00,13.0246342,77.5080115,CO,44,63,47
Karnataka,Bengaluru,"Silk Board, Bengaluru - KSPCB",14-11-2025 21:00,12.917348,77.622813,PM2.5,71,98,87
Kerala,Thiruvananthapuram,"Plammoodu, Thiruvananthapuram - Kerala PCB",14-11-2025 21:00,8.5149093,76.9435879,PM2.5,NA,NA,NA
Kerala,Thiruvananthapuram,"Plammoodu, Thiruvananthapuram - Kerala PCB",14-11-2025 21:00,8.5149093,76.9435879,PM10,NA,NA,NA
Kerala,Thiruvananthapuram,"Plammoodu, Thiruvananthapuram - Kerala PCB",14-11-2025 21:00,8.5149093,76.9435879,CO,16,36,25
Kerala,Thrissur,"Corporation Ground, Thrissur - Kerala PCB",14-11-2025 21:00,10.5324,76.2159,CO,21,32,29
Madhya Pradesh,Bhopal,"Idgah Hills, Bhopal - MPPCB",14-11-2025 21:00,23.264759,77.381568,PM10,106,242,157
Madhya Pradesh,Bhopal,"Paryavaran Parisar, Bhopal - MPPCB",14-11-2025 21:00,23.210494,77.425409,PM10,109,410,222
Madhya Pradesh,Bhopal,"Paryavaran Parisar, Bhopal - MPPCB",14-11-2025 21:00,23.210494,77.425409,NO2,34,132,73
Karnataka,Bengaluru,"Silk Board, Bengaluru - KSPCB",14-11-2025 21:00,12.917348,77.622813,NH3,2,2,2
Karnataka,Bidar,"Naubad, Bidar - KSPCB",14-11-2025 21:00,17.930306,77.482194,PM10,NA,NA,NA
Karnataka,Chamarajanagar,"Urban, Chamarajanagar - KSPCB",14-11-2025 21:00,11.55358,76.55521,PM10,31,62,46
Karnataka,Chamarajanagar,"Urban, Chamarajanagar - KSPCB",14-11-2025 21:00,11.55358,76.55521,NH3,1,3,2
Karnataka,Chamarajanagar,"Urban, Chamarajanagar - KSPCB",14-11-2025 21:00,11.55358,76.55521,SO2,3,8,5
Karnataka,Chamarajanagar,"Urban, Chamarajanagar - KSPCB",14-11-2025 21:00,11.55358,76.55521,OZONE,14,38,33
Karnataka,Davanagere,"Devaraj Urs Badavane, Davanagere - KSPCB",14-11-2025 21:00,14.4758,75.9052,NO2,23,33,28
Karnataka,Shivamogga,"Vinoba Nagara, Shivamogga - KSPCB",14-11-2025 21:00,13.94,75.555917,PM2.5,21,43,30
Karnataka,Shivamogga,"Vinoba Nagara, Shivamogga - KSPCB",14-11-2025 21:00,13.94,75.555917,CO,13,35,26
Karnataka,Tumakuru,"Thimmalapura, Tumakuru - KSPCB",14-11-2025 21:00,13.377516,77.099072,PM10,55,58,56
Karnataka,Udupi,"Brahmagiri, Udupi - KSPCB",14-11-2025 21:00,13.34194444,74.74694444,NO2,18,24,20
Karnataka,Vijayapura,"Ibrahimpur, Vijayapura - KSPCB",14-11-2025 21:00,16.802639,75.722694,NH3,1,2,1
Karnataka,Vijayapura,"Ibrahimpur, Vijayapura - KSPCB",14-11-2025 21:00,16.802639,75.722694,CO,15,120,25
Karnataka,Bengaluru,"Hebbal, Bengaluru - KSPCB",14-11-2025 21:00,13.029152,77.585901,SO2,2,7,5
Karnataka,Bengaluru,"Jayanagar 5th Block, Bengaluru - KSPCB",14-11-2025 21:00,12.920984,77.584908,NO2,12,78,44
Karnataka,Bengaluru,"Jigani, Bengaluru - KSPCB",14-11-2025 21:00,12.7816279,77.6299145,NO2,20,21,20
Karnataka,Bengaluru,"Jigani, Bengaluru - KSPCB",14-11-2025 21:00,12.7816279,77.6299145,NH3,3,3,3
Karnataka,Bengaluru,"Kasturi Nagar, Bengaluru - KSPCB",14-11-2025 21:00,13.003872,77.664217,NH3,NA,NA,NA
Madhya Pradesh,Damoh,"Shrivastav Colony, Damoh - MPPCB",14-11-2025 21:00,23.81748678,79.446246,PM10,13,63,36
Madhya Pradesh,Damoh,"Shrivastav Colony, Damoh - MPPCB",14-11-2025 21:00,23.81748678,79.446246,CO,17,24,20
Madhya Pradesh,Gwalior,"City Center, Gwalior - MPPCB",14-11-2025 21:00,26.203442,78.193251,PM2.5,77,308,196
Madhya Pradesh,Gwalior,"Deen Dayal Nagar, Gwalior - MPPCB",14-11-2025 21:00,26.259242,78.216432,NO2,1,178,62
Karnataka,Gadag,"Panchal Nagar, Gadag - KSPCB",14-11-2025 21:00,15.411456,75.638133,NH3,2,3,2
Karnataka,Hubballi,"Lingaraj Nagar, Hubballi - KSPCB",14-11-2025 21:00,15.3714823,75.1160168,SO2,1,1,1
Karnataka,Kalaburagi,"Mahatma Basaveswar Colony, Kalaburgi - KSPCB",14-11-2025 21:00,17.336318,76.847397,PM2.5,17,56,31
Karnataka,Koppal,"Diwator Nagar, Koppal - KSPCB",14-11-2025 21:00,15.34763,76.181767,PM10,42,78,52
Karnataka,Koppal,"Diwator Nagar, Koppal - KSPCB",14-11-2025 21:00,15.34763,76.181767,NH3,7,7,7
Karnataka,Mysuru,"Hebbal 1st Stage, Mysuru - KSPCB",14-11-2025 21:00,12.21041,76.37376,PM10,57,128,84
Karnataka,Mysuru,"Hebbal 1st Stage, Mysuru - KSPCB",14-11-2025 21:00,12.21041,76.37376,NO2,10,35,20
Kerala,Kollam,"Polayathode, Kollam - Kerala PCB",14-11-2025 21:00,8.8787,76.6073,PM2.5,16,189,138
Kerala,Thiruvananthapuram,"Kariavattom, Thiruvananthapuram - Kerala PCB",14-11-2025 21:00,8.5637,76.8865,NO2,6,7,7
Maharashtra,Amravati,"Shri Shivaji Science College, Amravati - MPCB",14-11-2025 21:00,20.939198,77.765701,NO2,12,102,41
Maharashtra,Aurangabad,"MIDC Chilkalthana, Aurangabad - MPCB",14-11-2025 21:00,19.87562,75.38731,PM10,81,147,112
Maharashtra,Aurangabad,"MIDC Chilkalthana, Aurangabad - MPCB",14-11-2025 21:00,19.87562,75.38731,NO2,NA,NA,NA
Maharashtra,Aurangabad,"Rachnakar Colony, Aurangabad - MPCB",14-11-2025 21:00,19.863756,75.321188,PM2.5,55,415,104
Maharashtra,Aurangabad,"Rachnakar Colony, Aurangabad - MPCB",14-11-2025 21:00,19.863756,75.321188,SO2,8,53,23
Maharashtra,Aurangabad,"Rachnakar Colony, Aurangabad - MPCB",14-11-2025 21:00,19.863756,75.321188,CO,24,101,40
Maharashtra,Aurangabad,"Rachnakar Colony, Aurangabad - MPCB",14-11-2025 21:00,19.863756,75.321188,OZONE,6,88,59
Maharashtra,Badlapur,"Katrap, Badlapur - MPCB",14-11-2025 21:00,19.16485,73.23409,NO2,10,32,22
Maharashtra,Badlapur,"Katrap, Badlapur - MPCB",14-11-2025 21:00,19.16485,73.23409,OZONE,12,119,62
Madhya Pradesh,Jabalpur,"Govindh Bhavan Colony, Jabalpur - JMC",14-11-2025 21:00,23.163174,79.973061,CO,36,64,52
Madhya Pradesh,Jabalpur,"Gupteshwar, Jabalpur - JMC",14-11-2025 21:00,23.142888,79.916147,CO,22,127,78
Madhya Pradesh,Jabalpur,"Gupteshwar, Jabalpur - JMC",14-11-2025 21:00,23.142888,79.916147,OZONE,4,100,51
Madhya Pradesh,Jabalpur,"Marhatal, Jabalpur - MPPCB",14-11-2025 21:00,23.168606,79.932247,SO2,1,23,13
Madhya Pradesh,Jabalpur,"Marhatal, Jabalpur - MPPCB",14-11-2025 21:00,23.168606,79.932247,OZONE,4,90,53
Madhya Pradesh,Jabalpur,"Suhagi, Jabalpur - JMC",14-11-2025 21:00,23.218135,79.95777,NO2,22,153,51
Madhya Pradesh,Katni,"Gole Bazar, Katni - MPPCB",14-11-2025 21:00,23.50016,80.23284,PM10,64,352,170
Madhya Pradesh,Katni,"Gole Bazar, Katni - MPPCB",14-11-2025 21:00,23.50016,80.23284,SO2,11,108,48
Maharashtra,Bhiwandi,"Gokul Nagar, Bhiwandi - MPCB",14-11-2025 21:00,19.309073,73.057223,PM2.5,55,211,140
Maharashtra,Bhiwandi,"Gokul Nagar, Bhiwandi - MPCB",14-11-2025 21:00,19.309073,73.057223,NO2,16,30,23
Maharashtra,Boisar,"Khaira, Boisar - MPCB",14-11-2025 21:00,19.786089,72.757971,PM10,52,154,96
Maharashtra,Boisar,"Khaira, Boisar - MPCB",14-11-2025 21:00,19.786089,72.757971,NO2,12,84,25
Maharashtra,Chandrapur,"Chauhan Colony, Chandrapur - MPCB",14-11-2025 21:00,19.9629,79.298714,PM2.5,35,112,67
Maharashtra,Chandrapur,"Chauhan Colony, Chandrapur - MPCB",14-11-2025 21:00,19.9629,79.298714,PM10,116,207,148
Maharashtra,Chandrapur,"Chauhan Colony, Chandrapur - MPCB",14-11-2025 21:00,19.9629,79.298714,NH3,2,2,2
Maharashtra,Chandrapur,"MIDC Khutala, Chandrapur - MPCB",14-11-2025 21:00,19.9775302,79.2337086,PM10,NA,NA,NA
Madhya Pradesh,Katni,"Gole Bazar, Katni - MPPCB",14-11-2025 21:00,23.50016,80.23284,CO,15,160,52
Madhya Pradesh,Mandideep,"Sector-D Industrial Area, Mandideep - MPPCB",14-11-2025 21:00,23.10844,77.511428,PM2.5,63,380,257
Madhya Pradesh,Mandideep,"Sector-D Industrial Area, Mandideep - MPPCB",14-11-2025 21:00,23.10844,77.511428,NO2,46,206,109
Madhya Pradesh,Mandideep,"Sector-D Industrial Area, Mandideep - MPPCB",14-11-2025 21:00,23.10844,77.511428,NH3,1,8,4
Madhya Pradesh,Mandideep,"Sector-D Industrial Area, Mandideep - MPPCB",14-11-2025 21:00,23.10844,77.511428,SO2,24,124,69
Madhya Pradesh,Sagar,"Civil Lines, Sagar - MPPCB",14-11-2025 21:00,23.838586,78.759431,PM10,61,164,102
Madhya Pradesh,Sagar,"Civil Lines, Sagar - MPPCB",14-11-2025 21:00,23.838586,78.759431,NH3,1,5,1
Madhya Pradesh,Sagar,"Civil Lines, Sagar - MPPCB",14-11-2025 21:00,23.838586,78.759431,OZONE,36,71,52
Madhya Pradesh,Gwalior,"Maharaj Bada, Gwalior - MPPCB",14-11-2025 21:00,26.200388,78.147714,CO,2,116,49
Madhya Pradesh,Indore,"Airport Area, Indore - IMC",14-11-2025 21:00,22.7289,75.8076,NO2,2,2,2
Madhya Pradesh,Indore,"Airport Area, Indore - IMC",14-11-2025 21:00,22.7289,75.8076,OZONE,1,10,7
Madhya Pradesh,Indore,"Chhoti Gwaltoli, Indore - MPPCB",14-11-2025 21:00,22.431,75.5213,PM2.5,71,323,152
Madhya Pradesh,Indore,"Chhoti Gwaltoli, Indore - MPPCB",14-11-2025 21:00,22.431,75.5213,PM10,84,222,126
Madhya Pradesh,Indore,"Regional Park, Indore - IMC",14-11-2025 21:00,22.678,75.8559,PM2.5,49,129,75
Madhya Pradesh,Indore,"Regional Park, Indore - IMC",14-11-2025 21:00,22.678,75.8559,PM10,52,153,84
Madhya Pradesh,Indore,"Regional Park, Indore - IMC",14-11-2025 21:00,22.678,75.8559,CO,24,37,26
Madhya Pradesh,Singrauli,"Suryakiran Bhawan NCL, Singrauli - MPPCB",14-11-2025 21:00,24.10897,82.64558,PM2.5,NA,NA,NA
Madhya Pradesh,Singrauli,"Suryakiran Bhawan NCL, Singrauli - MPPCB",14-11-2025 21:00,24.10897,82.64558,CO,12,44,25
Madhya Pradesh,Singrauli,"Suryakiran Bhawan NCL, Singrauli - MPPCB",14-11-2025 21:00,24.10897,82.64558,OZONE,14,100,88
Maharashtra,Akola,"Ramdaspeth, Akola - MPCB",14-11-2025 21:00,20.719516,77.000253,PM10,5,223,108
Maharashtra,Akola,"Ramdaspeth, Akola - MPCB",14-11-2025 21:00,20.719516,77.000253,OZONE,1,76,49
Maharashtra,Amravati,"Shivneri Colony, Amravati - MPCB",14-11-2025 21:00,20.9402359,77.7895248,PM2.5,63,174,101
Maharashtra,Amravati,"Shivneri Colony, Amravati - MPCB",14-11-2025 21:00,20.9402359,77.7895248,CO,19,50,22
Maharashtra,Chandrapur,"MIDC Khutala, Chandrapur - MPCB",14-11-2025 21:00,19.9775302,79.2337086,OZONE,17,19,18
Maharashtra,Dhule,"Deopur, Dhule - MPCB",14-11-2025 21:00,20.918946,74.776388,PM2.5,65,219,102
Maharashtra,Dhule,"Deopur, Dhule - MPCB",14-11-2025 21:00,20.918946,74.776388,PM10,115,463,173
Maharashtra,Dhule,"Deopur, Dhule - MPCB",14-11-2025 21:00,20.918946,74.776388,OZONE,16,33,28
Maharashtra,Jalna,"Old MIDC, Jalna - MPCB",14-11-2025 21:00,19.854616,75.905894,NH3,3,5,4
Maharashtra,Kolhapur,"Shivaji University, Kolhapur - MPCB",14-11-2025 21:00,16.6870449,74.2505872,PM10,49,127,86
Maharashtra,Kolhapur,"Shivaji University, Kolhapur - MPCB",14-11-2025 21:00,16.6870449,74.2505872,NO2,19,115,47
Maharashtra,Kolhapur,"Shivaji University, Kolhapur - MPCB",14-11-2025 21:00,16.6870449,74.2505872,OZONE,4,47,37
Maharashtra,Kolhapur,"Sinchan Bhavan, Kolhapur - MPCB",14-11-2025 21:00,16.7143745,74.2426398,NH3,5,32,13
Maharashtra,Latur,"Sawe Wadi, Latur - MPCB",14-11-2025 21:00,18.39963,76.57452,CO,6,42,23
Maharashtra,Malegaon,"Mahesh Nagar, Malegaon - MPCB",14-11-2025 21:00,20.555712,74.529236,PM2.5,NA,NA,NA
Maharashtra,Malegaon,"Mahesh Nagar, Malegaon - MPCB",14-11-2025 21:00,20.555712,74.529236,NO2,NA,NA,NA
Maharashtra,Mumbai,"Borivali East, Mumbai - IITM",14-11-2025 21:00,19.23241,72.86895,PM2.5,65,161,109
Maharashtra,Mumbai,"Borivali East, Mumbai - IITM",14-11-2025 21:00,19.23241,72.86895,CO,16,57,28
Maharashtra,Mumbai,"Borivali East, Mumbai - MPCB",14-11-2025 21:00,19.2243333,72.8658113,PM10,NA,NA,NA
Maharashtra,Mumbai,"Borivali East, Mumbai - MPCB",14-11-2025 21:00,19.2243333,72.8658113,NH3,NA,NA,NA
Maharashtra,Mumbai,"Borivali East, Mumbai - MPCB",14-11-2025 21:00,19.2243333,72.8658113,OZONE,5,8,5
Maharashtra,Mumbai,"Byculla, Mumbai - BMC",14-11-2025 21:00,18.9767,72.838,PM2.5,43,80,61
Maharashtra,Mumbai,"Byculla, Mumbai - BMC",14-11-2025 21:00,18.9767,72.838,NH3,9,33,20
Maharashtra,Mumbai,"Byculla, Mumbai - BMC",14-11-2025 21:00,18.9767,72.838,OZONE,1,81,50
Maharashtra,Mumbai,"Chakala-Andheri East, Mumbai - IITM",14-11-2025 21:00,19.11074,72.86084,PM10,90,229,143
Maharashtra,Nagpur,"Ambazari, Nagpur - MPCB",14-11-2025 21:00,21.121801,79.04952,NO2,2,61,27
Maharashtra,Nagpur,"Ambazari, Nagpur - MPCB",14-11-2025 21:00,21.121801,79.04952,CO,17,69,32
Maharashtra,Nagpur,"Mahal, Nagpur - MPCB",14-11-2025 21:00,21.14472,79.107595,NH3,3,7,4
Maharashtra,Nagpur,"Opp GPO Civil Lines, Nagpur - MPCB",14-11-2025 21:00,21.152875,79.0517531,PM10,109,157,129
Maharashtra,Nagpur,"Opp GPO Civil Lines, Nagpur - MPCB",14-11-2025 21:00,21.152875,79.0517531,OZONE,2,87,57
Maharashtra,Nagpur,"Ram Nagar, Nagpur - MPCB",14-11-2025 21:00,21.143383,79.048912,SO2,10,72,22
Maharashtra,Nanded,"Sneh Nagar, Nanded - MPCB",14-11-2025 21:00,19.173852,77.296291,PM2.5,2,124,90
Maharashtra,Mumbai,"Ghatkopar, Mumbai - BMC",14-11-2025 21:00,19.083694,72.920967,NH3,3,17,8
Maharashtra,Mumbai,"Ghatkopar, Mumbai - BMC",14-11-2025 21:00,19.083694,72.920967,CO,14,94,26
Maharashtra,Mumbai,"Kherwadi_Bandra East, Mumbai - MPCB",14-11-2025 21:00,19.0632143,72.8456324,PM10,108,425,183
Maharashtra,Mumbai,"Kherwadi_Bandra East, Mumbai - MPCB",14-11-2025 21:00,19.0632143,72.8456324,NH3,7,15,12
Maharashtra,Mumbai,"Kherwadi_Bandra East, Mumbai - MPCB",14-11-2025 21:00,19.0632143,72.8456324,SO2,3,4,3
Maharashtra,Mumbai,"Khindipada-Bhandup West, Mumbai - IITM",14-11-2025 21:00,19.1653323,72.922099,PM10,90,195,147
Maharashtra,Mumbai,"Khindipada-Bhandup West, Mumbai - IITM",14-11-2025 21:00,19.1653323,72.922099,NO2,13,67,26
Maharashtra,Mumbai,"Siddharth Nagar-Worli, Mumbai - IITM",14-11-2025 21:00,19.000083,72.813993,NO2,55,176,102
Maharashtra,Mumbai,"Siddharth Nagar-Worli, Mumbai - IITM",14-11-2025 21:00,19.000083,72.813993,OZONE,3,304,177
Maharashtra,Mumbai,"Vasai West, Mumbai - MPCB",14-11-2025 21:00,19.3832,72.8204,NH3,2,5,4
Maharashtra,Mumbai,"Vile Parle West, Mumbai - MPCB",14-11-2025 21:00,19.10861,72.83622,PM10,100,118,111
Maharashtra,Mumbai,"Worli, Mumbai - MPCB",14-11-2025 21:00,18.9936162,72.8128113,PM10,91,174,117
Maharashtra,Mumbai,"Kurla, Mumbai - MPCB",14-11-2025 21:00,19.0863,72.8888,PM2.5,72,136,90
Maharashtra,Mumbai,"Kurla, Mumbai - MPCB",14-11-2025 21:00,19.0863,72.8888,CO,9,32,13
Maharashtra,Mumbai,"Mazgaon, Mumbai - IITM",14-11-2025 21:00,18.96702,72.84214,PM2.5,98,248,190
Maharashtra,Mumbai,"Mindspace-Malad West, Mumbai - MPCB",14-11-2025 21:00,19.1878657,72.8304069,PM10,79,141,112
Maharashtra,Mumbai,"Mindspace-Malad West, Mumbai - MPCB",14-11-2025 21:00,19.1878657,72.8304069,NO2,21,106,65
Maharashtra,Mumbai,"Chhatrapati Shivaji Intl. Airport (T2), Mumbai - MPCB",14-11-2025 21:00,19.10078,72.87462,PM10,93,169,128
Maharashtra,Mumbai,"Chhatrapati Shivaji Intl. Airport (T2), Mumbai - MPCB",14-11-2025 21:00,19.10078,72.87462,SO2,20,21,21
Maharashtra,Mumbai,"Colaba, Mumbai - MPCB",14-11-2025 21:00,18.91,72.82,NO2,28,31,29
Maharashtra,Mumbai,"Deonar, Mumbai - IITM",14-11-2025 21:00,19.04946,72.923,NO2,14,119,49
Maharashtra,Mumbai,"Deonar, Mumbai - IITM",14-11-2025 21:00,19.04946,72.923,CO,28,113,59
Maharashtra,Nashik,"Pandav Nagari, Nashik - MPCB",14-11-2025 21:00,19.9591346,73.7788008,SO2,1,7,5
Maharashtra,Nashik,"Pandav Nagari, Nashik - MPCB",14-11-2025 21:00,19.9591346,73.7788008,CO,16,57,30
Maharashtra,Navi Mumbai,"Kopripada-Vashi, Navi Mumbai - MPCB",14-11-2025 21:00,19.090337,73.014232,NO2,11,66,37
Maharashtra,Navi Mumbai,"Mahape, Navi Mumbai - MPCB",14-11-2025 21:00,19.1135051,73.008978,NO2,34,37,35
Maharashtra,Mumbai,"Mulund West, Mumbai - MPCB",14-11-2025 21:00,19.175,72.9419,NH3,3,4,4
Maharashtra,Mumbai,"Navy Nagar-Colaba, Mumbai - IITM",14-11-2025 21:00,18.897756,72.81332,PM2.5,40,311,249
Maharashtra,Mumbai,"Navy Nagar-Colaba, Mumbai - IITM",14-11-2025 21:00,18.897756,72.81332,OZONE,6,202,134
Maharashtra,Mumbai,"Shivaji Nagar, Mumbai - BMC",14-11-2025 21:00,19.060498,72.923356,PM10,120,169,137
Maharashtra,Nashik,"Gangapur Road, Nashik - MPCB",14-11-2025 21:00,20.0073285,73.7762427,PM2.5,71,243,171
Maharashtra,Nashik,"Hirawadi, Nashik - MPCB",14-11-2025 21:00,20.021503,73.813844,NO2,8,61,23
Maharashtra,Nashik,"MIDC Ambad, Nashik - MPCB",14-11-2025 21:00,19.95022,73.73148,PM10,NA,NA,NA
Maharashtra,Nashik,"MIDC Ambad, Nashik - MPCB",14-11-2025 21:00,19.95022,73.73148,CO,13,16,14
Meghalaya,Shillong,"Lumpyngngad, Shillong - Meghalaya PCB",14-11-2025 21:00,25.5586,91.8985,PM2.5,NA,NA,NA
Nagaland,Kohima,"PWD Junction, Kohima - NPCB",14-11-2025 21:00,25.6635413,94.0989878,NO2,2,4,3
Nagaland,Kohima,"PWD Junction, Kohima - NPCB",14-11-2025 21:00,25.6635413,94.0989878,CO,2,17,9
Odisha,Angul,"Hakimapada, Angul - OSPCB",14-11-2025 21:00,20.832874,85.104082,CO,30,82,53
Odisha,Balasore,"Kalidaspur, Balasore - OSPCB",14-11-2025 21:00,21.51161,86.89088,PM2.5,103,293,210
Odisha,Balasore,"Kalidaspur, Balasore - OSPCB",14-11-2025 21:00,21.51161,86.89088,PM10,107,185,130
Odisha,Balasore,"Kalidaspur, Balasore - OSPCB",14-11-2025 21:00,21.51161,86.89088,NO2,6,80,23
Odisha,Balasore,"Kalidaspur, Balasore - OSPCB",14-11-2025 21:00,21.51161,86.89088,SO2,6,18,10
Odisha,Barbil,"Forest Office, Barbil - OSPCB",14-11-2025 21:00,22.1166054,85.3945546,NH3,3,4,3
Odisha,Barbil,"Forest Office, Barbil - OSPCB",14-11-2025 21:00,22.1166054,85.3945546,SO2,5,34,13
Odisha,Barbil,"Forest Office, Barbil - OSPCB",14-11-2025 21:00,22.1166054,85.3945546,CO,23,65,43
Odisha,Baripada,"Meher Colony, Baripada - OSPCB",14-11-2025 21:00,21.941841,86.728318,NO2,5,84,37
Odisha,Bhubaneswar,"Lingraj Mandir, Bhubaneswar - OSPCB",14-11-2025 21:00,20.24079,85.836784,SO2,13,89,26
Odisha,Bhubaneswar,"Lingraj Mandir, Bhubaneswar - OSPCB",14-11-2025 21:00,20.24079,85.836784,OZONE,4,305,201
Odisha,Bhubaneswar,"Patia, Bhubaneswar - OSPCB",14-11-2025 21:00,20.34652,85.8163,NO2,12,100,39
Odisha,Bhubaneswar,"Patia, Bhubaneswar - OSPCB",14-11-2025 21:00,20.34652,85.8163,OZONE,3,192,110
Odisha,Bileipada,"Tata Township, Bileipada - OSPCB",14-11-2025 21:00,22.06156703,85.47409613,PM2.5,68,68,68
Odisha,Bileipada,"Tata Township, Bileipada - OSPCB",14-11-2025 21:00,22.06156703,85.47409613,PM10,98,170,130
Odisha,Bileipada,"Tata Township, Bileipada - OSPCB",14-11-2025 21:00,22.06156703,85.47409613,SO2,1,8,3
Odisha,Bileipada,"Tata Township, Bileipada - OSPCB",14-11-2025 21:00,22.06156703,85.47409613,CO,28,43,31
Maharashtra,Pune,"Savitribai Phule Pune University, Pune - MPCB",14-11-2025 21:00,18.547056,73.826908,OZONE,3,129,87
Maharashtra,Pune,"Transport Nagar-Nigdi, Pune - IITM",14-11-2025 21:00,18.664282,73.763966,PM10,101,174,142
Maharashtra,Sangli,"Vijay Nagar, Sangli - MPCB",14-11-2025 21:00,16.5038,74.3623,SO2,5,8,6
Maharashtra,Sangli,"Vijay Nagar, Sangli - MPCB",14-11-2025 21:00,16.5038,74.3623,OZONE,7,58,46
Maharashtra,Solapur,"Dnyaneshwar Nagar, Solapur - MPCB",14-11-2025 21:00,17.6336264,75.9132495,PM10,74,124,97
Maharashtra,Solapur,"Ratandeep Housing Society, Solapur - MPCB",14-11-2025 21:00,17.65439,75.90649,PM2.5,71,173,106
Maharashtra,Solapur,"Ratandeep Housing Society, Solapur - MPCB",14-11-2025 21:00,17.65439,75.90649,NH3,2,17,4
Maharashtra,Pimpri-Chinchwad,"Park Street Wakad, Pimpri Chinchwad - MPCB",14-11-2025 21:00,18.59051,73.77946,CO,23,127,49
Maharashtra,Pimpri-Chinchwad,"Thergaon, Pimpri Chinchwad - MPCB",14-11-2025 21:00,18.616318,73.765797,PM10,122,234,162
Maharashtra,Pune,"Bhumkar Nagar, Pune - IITM",14-11-2025 21:00,18.60577,73.749976,NO2,NA,NA,NA
Maharashtra,Pune,"Dhankawadi, Pune - IITM",14-11-2025 21:00,18.459883,73.852193,PM2.5,65,216,117
Maharashtra,Pune,"Hadapsar, Pune - IITM",14-11-2025 21:00,18.501793,73.927532,PM10,110,374,184
Maharashtra,Pune,"Hadapsar, Pune - IITM",14-11-2025 21:00,18.501793,73.927532,NO2,26,61,44
Maharashtra,Thane,"Kasarvadavali, Thane - MPCB",14-11-2025 21:00,19.26777,72.97182,CO,12,70,27
Maharashtra,Thane,"Upvan Fort, Thane - MPCB",14-11-2025 21:00,19.222279,72.957979,PM2.5,26,94,53
Maharashtra,Thane,"Upvan Fort, Thane - MPCB",14-11-2025 21:00,19.222279,72.957979,CO,16,28,22
Maharashtra,Thane,"Upvan Fort, Thane - MPCB",14-11-2025 21:00,19.222279,72.957979,OZONE,33,88,70
Maharashtra,Ulhasnagar,"Sidhi Vinayak Nagar, Ulhasnagar - MPCB",14-11-2025 21:00,19.235581,73.159121,NH3,4,7,5
Maharashtra,Virar,"Bolinj, Virar - MPCB",14-11-2025 21:00,19.445821,72.7988231,CO,18,81,36
Maharashtra,Navi Mumbai,"Tondare-Taloja, Navi Mumbai - MPCB",14-11-2025 21:00,19.063,73.1209,OZONE,11,42,34
Maharashtra,Parbhani,"Masoom Colony, Parbhani - MPCB",14-11-2025 21:00,19.265594,76.761463,NH3,1,2,2
Maharashtra,Pimpri-Chinchwad,"Gavalinagar, Pimpri Chinchwad - MPCB",14-11-2025 21:00,18.63673,73.82487,PM2.5,84,229,164
Maharashtra,Pimpri-Chinchwad,"Park Street Wakad, Pimpri Chinchwad - MPCB",14-11-2025 21:00,18.59051,73.77946,PM2.5,99,324,239
Maharashtra,Pune,"Katraj Dairy, Pune - MPCB",14-11-2025 21:00,18.45445,73.854155,NO2,NA,NA,NA
Maharashtra,Pune,"Katraj Dairy, Pune - MPCB",14-11-2025 21:00,18.45445,73.854155,NH3,NA,NA,NA
Maharashtra,Pune,"Mhada Colony, Pune - IITM",14-11-2025 21:00,18.57304,73.927715,PM10,119,199,147
Maharashtra,Pune,"Panchawati_Pashan, Pune - IITM",14-11-2025 21:00,18.536457,73.805454,PM10,64,113,83
Maharashtra,Pune,"Revenue Colony-Shivajinagar, Pune - IITM",14-11-2025 21:00,18.530085,73.849598,CO,64,160,160
Odisha,Byasanagar,"Ferro Chrome Colony, Byasanagar - OSPCB",14-11-2025 21:00,20.94185,86.1151,NO2,7,36,17
Odisha,Cuttack,"CDA Area, Cuttack - OSPCB",14-11-2025 21:00,20.48891,85.84768,PM2.5,117,358,264
Odisha,Keonjhar,"Jagamohanpur, Keonjhar - OSPCB",14-11-2025 21:00,21.6439,85.599355,SO2,8,35,14
Maharashtra,Navi Mumbai,"Nerul, Navi Mumbai - MPCB",14-11-2025 21:00,19.008751,73.01662,PM10,110,227,161
Odisha,Nayagarh,"Dabuna, Nayagarh - OSPCB",14-11-2025 21:00,21.847279,85.416905,PM2.5,40,77,58
Odisha,Rairangpur,"Divisional Forest Office, Rairangpur - OSPCB",14-11-2025 21:00,22.265816,86.174829,NH3,1,1,1
Odisha,Rairangpur,"Divisional Forest Office, Rairangpur - OSPCB",14-11-2025 21:00,22.265816,86.174829,CO,28,48,36
Odisha,Rourkela,"Fertilizer Township, Rourkela - OSPCB",14-11-2025 21:00,22.18972222,84.86277778,PM2.5,111,139,123
Odisha,Rourkela,"Fertilizer Township, Rourkela - OSPCB",14-11-2025 21:00,22.18972222,84.86277778,PM10,98,111,103
Odisha,Rourkela,"Fertilizer Township, Rourkela - OSPCB",14-11-2025 21:00,22.18972222,84.86277778,CO,3,102,46
Odisha,Rourkela,"Raghunathpali, Rourkela - OSPCB",14-11-2025 21:00,22.220833,84.809444,PM2.5,60,304,146
Odisha,Talcher,"Talcher Coalfields,Talcher - OSPCB",14-11-2025 21:00,20.9360711,85.1707021,PM2.5,45,342,201
Odisha,Talcher,"Talcher Coalfields,Talcher - OSPCB",14-11-2025 21:00,20.9360711,85.1707021,CO,46,110,65
Odisha,Talcher,"Talcher Coalfields,Talcher - OSPCB",14-11-2025 21:00,20.9360711,85.1707021,OZONE,12,23,20
Odisha,Tensa,"Barsua Iron Ore Mines, Tensa - OSPCB",14-11-2025 21:00,21.869985,85.167016,SO2,13,43,21
Odisha,Tensa,"Barsua Iron Ore Mines, Tensa - OSPCB",14-11-2025 21:00,21.869985,85.167016,OZONE,11,56,35
Puducherry,Puducherry,"Jawahar Nagar, Puducherry - PPCC",14-11-2025 21:00,11.9309,79.8027,CO,18,36,28
Punjab,Amritsar,"Golden Temple, Amritsar - PPCB",14-11-2025 21:00,31.62,74.876512,OZONE,29,43,34
Punjab,Bathinda,"Hardev Nagar, Bathinda - PPCB",14-11-2025 21:00,30.233011,74.907758,PM10,NA,NA,NA
Punjab,Bathinda,"Hardev Nagar, Bathinda - PPCB",14-11-2025 21:00,30.233011,74.907758,CO,76,80,78
Punjab,Jalandhar,"Civil Line, Jalandhar - PPCB",14-11-2025 21:00,31.321907,75.578914,NO2,27,35,31
Punjab,Rupnagar,"Ratanpura, Rupnagar - Ambuja Cements",14-11-2025 21:00,31.0325454,76.5623046,SO2,10,19,14
Rajasthan,Ajmer,"Civil Lines,  Ajmer - RSPCB",14-11-2025 21:00,26.470859,74.646594,NO2,20,37,25
Rajasthan,Ajmer,"Civil Lines,  Ajmer - RSPCB",14-11-2025 21:00,26.470859,74.646594,NH3,2,3,3
Rajasthan,Ajmer,"Civil Lines,  Ajmer - RSPCB",14-11-2025 21:00,26.470859,74.646594,OZONE,12,151,87
Rajasthan,Banswara,"Rati Talai, Banswara - RSPCB",14-11-2025 21:00,23.55519,74.44001,NO2,14,114,38
Rajasthan,Banswara,"Rati Talai, Banswara - RSPCB",14-11-2025 21:00,23.55519,74.44001,CO,9,76,39
Rajasthan,Baran,"Bamboliya, Baran - RSPCB",14-11-2025 21:00,25.106006,76.469948,OZONE,4,158,120
Punjab,Khanna,"Kalal Majra, Khanna - PPCB",14-11-2025 21:00,30.736056,76.209694,PM2.5,112,341,248
Punjab,Ludhiana,"Punjab Agricultural University, Ludhiana - PPCB",14-11-2025 21:00,30.9028,75.8086,OZONE,13,29,16
Punjab,Mandi Gobindgarh,"RIMT University, Mandi Gobindgarh - PPCB",14-11-2025 21:00,30.649961,76.331442,SO2,4,17,9
Punjab,Mandi Gobindgarh,"RIMT University, Mandi Gobindgarh - PPCB",14-11-2025 21:00,30.649961,76.331442,OZONE,33,40,34
Punjab,Patiala,"Model Town, Patiala - PPCB",14-11-2025 21:00,30.349388,76.366642,PM10,129,177,148
Punjab,Patiala,"Model Town, Patiala - PPCB",14-11-2025 21:00,30.349388,76.366642,NH3,6,7,6
Rajasthan,Dholpur,"Raja Ganj, Dholpur - RSPCB",14-11-2025 21:00,26.699557,77.898881,PM10,63,167,124
Rajasthan,Dholpur,"Raja Ganj, Dholpur - RSPCB",14-11-2025 21:00,26.699557,77.898881,NH3,7,12,9
Rajasthan,Dungarpur,"Bhoiwada, Dungarpur - RSPCB",14-11-2025 21:00,23.837789,73.714926,PM2.5,27,153,81
Rajasthan,Dungarpur,"Bhoiwada, Dungarpur - RSPCB",14-11-2025 21:00,23.837789,73.714926,OZONE,3,118,79
Rajasthan,Hanumangarh,"Housing Board, Hanumangarh - RSPCB",14-11-2025 21:00,29.61075,74.283608,NO2,9,68,37
Rajasthan,Jaipur,"Adarsh Nagar, Jaipur - RSPCB",14-11-2025 21:00,26.902909,75.836858,NO2,30,145,82
Rajasthan,Jaipur,"Adarsh Nagar, Jaipur - RSPCB",14-11-2025 21:00,26.902909,75.836858,NH3,14,63,27
Rajasthan,Jaipur,"Police Commissionerate, Jaipur - RSPCB",14-11-2025 21:00,26.9164092,75.7994901,SO2,7,9,8
Rajasthan,Jaipur,"Police Commissionerate, Jaipur - RSPCB",14-11-2025 21:00,26.9164092,75.7994901,OZONE,2,80,55
Rajasthan,Jaipur,"RIICO Sitapura, Jaipur - RSPCB",14-11-2025 21:00,26.786682,75.827928,PM2.5,47,365,187
Rajasthan,Jaipur,"RIICO Sitapura, Jaipur - RSPCB",14-11-2025 21:00,26.786682,75.827928,NO2,13,157,66
Rajasthan,Jaipur,"RIICO Sitapura, Jaipur - RSPCB",14-11-2025 21:00,26.786682,75.827928,NH3,2,26,11
Rajasthan,Jaipur,"Shastri Nagar, Jaipur - RSPCB",14-11-2025 21:00,26.9502929,75.730943,NO2,42,114,73
Rajasthan,Jaipur,"Shastri Nagar, Jaipur - RSPCB",14-11-2025 21:00,26.9502929,75.730943,NH3,3,32,15
Rajasthan,Jaipur,"Shastri Nagar, Jaipur - RSPCB",14-11-2025 21:00,26.9502929,75.730943,OZONE,12,50,36
Rajasthan,Jhalawar,"Rajlaxmi Nagar, Jhalawar - RSPCB",14-11-2025 21:00,24.588397,76.172782,PM2.5,16,107,58
Rajasthan,Bhiwadi,"Vasundhara Nagar_UIT, Bhiwadi - RSPCB",14-11-2025 21:00,28.207266,76.829265,CO,44,140,67
Rajasthan,Bikaner,"MM Ground, Bikaner - RSPCB",14-11-2025 21:00,28.018792,73.292658,NO2,24,152,71
Rajasthan,Chittorgarh,"Shastri Nagar, Chittorgarh - RSPCB",14-11-2025 21:00,24.892047,74.623527,PM2.5,22,153,75
Rajasthan,Barmer,"Railway Colony, Barmer - RSPCB",14-11-2025 21:00,25.747299,71.393989,NH3,3,17,6
Rajasthan,Barmer,"Railway Colony, Barmer - RSPCB",14-11-2025 21:00,25.747299,71.393989,CO,8,74,26
Rajasthan,Bhilwara,"Pratap Nagar, Bhilwara - RSPCB",14-11-2025 21:00,25.339605,74.618883,NH3,2,5,3
Rajasthan,Bhilwara,"Pratap Nagar, Bhilwara - RSPCB",14-11-2025 21:00,25.339605,74.618883,CO,14,123,48
Rajasthan,Rajsamand,"Dhoinda, Rajsamand - RSPCB",14-11-2025 21:00,25.03636,73.883502,PM10,37,139,71
Rajasthan,Rajsamand,"Dhoinda, Rajsamand - RSPCB",14-11-2025 21:00,25.03636,73.883502,SO2,3,10,6
Rajasthan,Rajsamand,"Dhoinda, Rajsamand - RSPCB",14-11-2025 21:00,25.03636,73.883502,CO,12,66,19
Rajasthan,Sawai Madhopur,"Sahu Nagar, Sawai Madhopur - RSPCB",14-11-2025 21:00,26.031443,76.359327,NH3,5,9,7
Rajasthan,Sikar,"Radhakishan Pura, Sikar - RSPCB",14-11-2025 21:00,27.608912,75.153302,NO2,19,130,62
Rajasthan,Sri Ganganagar,"Old City, Sri Ganganagar - RSPCB",14-11-2025 21:00,29.931624,73.864511,PM2.5,35,309,102
Rajasthan,Sri Ganganagar,"Old City, Sri Ganganagar - RSPCB",14-11-2025 21:00,29.931624,73.864511,PM10,84,495,205
TamilNadu,Coimbatore,"SIDCO Kurichi, Coimbatore - TNPCB",14-11-2025 21:00,10.942451,76.978996,CO,34,76,42
TamilNadu,Cuddalore,"Kudikadu, Cuddalore - TNPCB",14-11-2025 21:00,11.6829898,79.7532099,OZONE,10,13,11
TamilNadu,Cuddalore,"Semmandalam, Cuddalore - TNPCB",14-11-2025 21:00,11.7637683,79.7499835,PM2.5,75,137,92
TamilNadu,Cuddalore,"Semmandalam, Cuddalore - TNPCB",14-11-2025 21:00,11.7637683,79.7499835,NO2,1,20,8
TamilNadu,Dindigul,"Mendonsa Colony, Dindigul - TNPCB",14-11-2025 21:00,10.358535,77.984321,NO2,8,14,11
TamilNadu,Gummidipoondi,"Anthoni Pillai Nagar, Gummidipoondi - TNPCB",14-11-2025 21:00,13.4127,80.1081,NH3,1,3,2
TamilNadu,Chennai,"Manali Village, Chennai - TNPCB",14-11-2025 21:00,13.1662,80.2584,SO2,15,17,16
TamilNadu,Chennai,"Manali, Chennai - CPCB",14-11-2025 21:00,13.164544,80.26285,NO2,11,18,14
TamilNadu,Chennai,"Perungudi, Chennai - TNPCB",14-11-2025 21:00,12.9533,80.2357,NH3,3,4,3
TamilNadu,Chennai,"Velachery Res. Area, Chennai - CPCB",14-11-2025 21:00,13.0052189,80.2398125,NO2,13,16,14
TamilNadu,Coimbatore,"PSG College of Arts and Science, Coimbatore - TNPCB",14-11-2025 21:00,11.0328,77.0349,PM2.5,47,160,91
Rajasthan,Kota,"Nayapura, Kota - RSPCB",14-11-2025 21:00,25.196024,75.855668,CO,4,113,35
Rajasthan,Nagaur,"Karni Colony, Nagaur - RSPCB",14-11-2025 21:00,27.213494,73.734444,NO2,8,107,36
Rajasthan,Nagaur,"Karni Colony, Nagaur - RSPCB",14-11-2025 21:00,27.213494,73.734444,NH3,7,15,9
Rajasthan,Pali,"Indira Colony Vistar, Pali - RSPCB",14-11-2025 21:00,25.771061,73.340227,NO2,25,81,38
Rajasthan,Pali,"Indira Colony Vistar, Pali - RSPCB",14-11-2025 21:00,25.771061,73.340227,NH3,7,18,10
Rajasthan,Pratapgarh,"Pragati Nagar, Pratapgarh - RSPCB",14-11-2025 21:00,24.041198,74.780702,NO2,9,41,20
TamilNadu,Chennai,"Alandur Bus Depot, Chennai - CPCB",14-11-2025 21:00,12.9099161,80.1076538,PM10,116,154,130
TamilNadu,Chennai,"Alandur Bus Depot, Chennai - CPCB",14-11-2025 21:00,12.9099161,80.1076538,CO,11,20,12
TamilNadu,Chennai,"Arumbakkam, Chennai - TNPCB",14-11-2025 21:00,13.0664,80.2112,NH3,3,4,4
TamilNadu,Chennai,"Gandhi Nagar_Ennore, Chennai - TNPCB",14-11-2025 21:00,13.218341,80.32027,PM10,51,76,61
TamilNadu,Chennai,"Kodungaiyur, Chennai - TNPCB",14-11-2025 21:00,13.1278,80.2642,PM10,67,147,105
TamilNadu,Kanchipuram,"Kilambi, Kanchipuram - TNPCB",14-11-2025 21:00,12.864618,79.659968,OZONE,8,9,8
TamilNadu,Madurai,"Uchapatti, Madurai - TNPCB",14-11-2025 21:00,9.865935,78.022669,NO2,16,16,16
TamilNadu,Nagapattinam,"Velippalayam, Nagapattinam - TNPCB",14-11-2025 21:00,10.798548,79.838212,SO2,8,12,10
TamilNadu,Nagapattinam,"Velippalayam, Nagapattinam - TNPCB",14-11-2025 21:00,10.798548,79.838212,CO,21,30,25
TamilNadu,Nagapattinam,"Velippalayam, Nagapattinam - TNPCB",14-11-2025 21:00,10.798548,79.838212,OZONE,1,1,1
Rajasthan,Jodhpur,"Samrat Ashok Udhyan, Jodhpur - RSPCB",14-11-2025 21:00,26.253384,72.976571,SO2,1,13,4
Rajasthan,Karauli,"Satyawati Vihar, Karauli - RSPCB",14-11-2025 21:00,26.506177,77.025989,PM2.5,49,273,124
Rajasthan,Kota,"Nayapura, Kota - RSPCB",14-11-2025 21:00,25.196024,75.855668,NH3,8,31,15
Rajasthan,Jhunjhunu,"Indra Nagar, Jhunjhunu - RSPCB",14-11-2025 21:00,28.108988,75.386577,SO2,3,32,8
Rajasthan,Jodhpur,"Collectorate, Jodhpur - RSPCB",14-11-2025 21:00,26.268249,73.0193853,NH3,6,31,14
Rajasthan,Jodhpur,"Mandor, Jodhpur - RSPCB",14-11-2025 21:00,26.358805,73.047444,NO2,6,110,42
Rajasthan,Sri Ganganagar,"Old City, Sri Ganganagar - RSPCB",14-11-2025 21:00,29.931624,73.864511,SO2,1,20,7
Rajasthan,Udaipur,"Ashok Nagar, Udaipur - RSPCB",14-11-2025 21:00,24.5886166,73.6321397,CO,9,111,51
Uttar_Pradesh,Baghpat,"Sardar Patel Inter College, Baghpat - UPPCB",14-11-2025 21:00,28.964949,77.278761,CO,36,96,62
Uttar_Pradesh,Bareilly,"Civil Lines, Bareilly - UPPCB",14-11-2025 21:00,28.359581,79.414455,PM10,52,111,77
Uttar_Pradesh,Bareilly,"Civil Lines, Bareilly - UPPCB",14-11-2025 21:00,28.359581,79.414455,NH3,1,3,1
Uttar_Pradesh,Bareilly,"Civil Lines, Bareilly - UPPCB",14-11-2025 21:00,28.359581,79.414455,SO2,4,28,17
Uttar_Pradesh,Bareilly,"Rajendra Nagar, Bareilly - UPPCB",14-11-2025 21:00,28.38910936,79.42963708,NO2,9,10,10
Uttar_Pradesh,Bulandshahr,"Yamunapuram, Bulandshahr - UPPCB",14-11-2025 21:00,28.406963,77.849831,PM10,261,441,387
Uttar_Pradesh,Bulandshahr,"Yamunapuram, Bulandshahr - UPPCB",14-11-2025 21:00,28.406963,77.849831,NH3,10,22,14
Uttar_Pradesh,Bulandshahr,"Yamunapuram, Bulandshahr - UPPCB",14-11-2025 21:00,28.406963,77.849831,CO,48,101,65
Uttar_Pradesh,Bulandshahr,"Yamunapuram, Bulandshahr - UPPCB",14-11-2025 21:00,28.406963,77.849831,OZONE,2,132,64
Uttar_Pradesh,Firozabad,"Nagla Bhau, Firozabad - UPPCB",14-11-2025 21:00,27.168897,78.37696,SO2,15,21,18
TamilNadu,Salem,"Sona College of Technology, Salem - TNPCB",14-11-2025 21:00,11.679111,78.125052,OZONE,5,5,5
TamilNadu,Thanjavur,"Parisutham Nagar, Thanjavur - TNPCB",14-11-2025 21:00,10.7654824,79.1389968,PM10,68,95,82
TamilNadu,Thanjavur,"Parisutham Nagar, Thanjavur - TNPCB",14-11-2025 21:00,10.7654824,79.1389968,NH3,1,1,1
TamilNadu,Tiruchirappalli,"St Joseph College, Tiruchirappalli - TNPCB",14-11-2025 21:00,10.830158,78.691849,SO2,NA,NA,NA
TamilNadu,Tirupur,"Kumaran College, Tirupur - TNPCB",14-11-2025 21:00,11.0973603,77.3228673,NO2,7,14,9
TamilNadu,Tirupur,"Kumaran College, Tirupur - TNPCB",14-11-2025 21:00,11.0973603,77.3228673,CO,22,34,26
TamilNadu,Vellore,"Vasanthapuram, Vellore - TNPCB",14-11-2025 21:00,12.909494,79.131861,NO2,NA,NA,NA
TamilNadu,Palkalaiperur,"Bharathidasan University, Palkalaiperur - TNPCB",14-11-2025 21:00,10.681158,78.741746,PM2.5,18,55,35
TamilNadu,Palkalaiperur,"Bharathidasan University, Palkalaiperur - TNPCB",14-11-2025 21:00,10.681158,78.741746,PM10,27,56,42
TamilNadu,Perundurai,"SIPCOT Industrial Park, Perundurai - TNPCB",14-11-2025 21:00,11.258242,77.552761,NH3,3,3,3
TamilNadu,Pudukottai,"SIPCOT Nathampannai, Pudukottai - TNPCB",14-11-2025 21:00,10.423417,78.784889,PM2.5,85,200,122
TamilNadu,Pudukottai,"SIPCOT Nathampannai, Pudukottai - TNPCB",14-11-2025 21:00,10.423417,78.784889,NH3,3,3,3
TamilNadu,Ramanathapuram,"Chalai Bazaar, Ramanathapuram - TNPCB",14-11-2025 21:00,9.36399,78.831977,NH3,3,3,3
TamilNadu,Ramanathapuram,"Chalai Bazaar, Ramanathapuram - TNPCB",14-11-2025 21:00,9.36399,78.831977,SO2,2,20,4
Telangana,Hyderabad,"Zoo Park, Hyderabad - TSPCB",14-11-2025 21:00,17.349694,78.451437,SO2,3,4,4
Telangana,Hyderabad,"Zoo Park, Hyderabad - TSPCB",14-11-2025 21:00,17.349694,78.451437,CO,2,96,73
Telangana,Hyderabad,"Zoo Park, Hyderabad - TSPCB",14-11-2025 21:00,17.349694,78.451437,OZONE,22,25,23
Uttar_Pradesh,Agra,"Manoharpur, Agra - UPPCB",14-11-2025 21:00,27.23711,78.01936,OZONE,7,10,8
Uttar_Pradesh,Agra,"Rohta, Agra - UPPCB",14-11-2025 21:00,27.106972,78.000111,PM10,105,288,180
Uttar_Pradesh,Agra,"Rohta, Agra - UPPCB",14-11-2025 21:00,27.106972,78.000111,NO2,18,21,20
Uttar_Pradesh,Agra,"Rohta, Agra - UPPCB",14-11-2025 21:00,27.106972,78.000111,NH3,7,8,8
Uttar_Pradesh,Agra,"Rohta, Agra - UPPCB",14-11-2025 21:00,27.106972,78.000111,OZONE,8,15,10
Telangana,Hyderabad,"New Malakpet, Hyderabad - TSPCB",14-11-2025 21:00,17.37206,78.50864,SO2,11,16,14
Telangana,Hyderabad,"Ramachandrapuram, Hyderabad - TSPCB",14-11-2025 21:00,17.528544,78.286195,CO,18,40,20
Telangana,Hyderabad,"Somajiguda, Hyderabad - TSPCB",14-11-2025 21:00,17.417094,78.457437,PM10,61,142,130
Telangana,Hyderabad,"Somajiguda, Hyderabad - TSPCB",14-11-2025 21:00,17.417094,78.457437,SO2,10,16,13
Telangana,Hyderabad,"Zoo Park, Hyderabad - TSPCB",14-11-2025 21:00,17.349694,78.451437,PM2.5,143,178,160
Telangana,Hyderabad,"Zoo Park, Hyderabad - TSPCB",14-11-2025 21:00,17.349694,78.451437,PM10,NA,NA,NA
Telangana,Hyderabad,"Zoo Park, Hyderabad - TSPCB",14-11-2025 21:00,17.349694,78.451437,NO2,14,37,25
Uttar_Pradesh,Ghaziabad,"Indirapuram, Ghaziabad - UPPCB",14-11-2025 21:00,28.646233,77.358075,SO2,2,16,4
Uttar_Pradesh,Ghaziabad,"Sanjay Nagar, Ghaziabad - UPPCB",14-11-2025 21:00,28.685382,77.453839,SO2,13,46,25
Uttar_Pradesh,Ghaziabad,"Sanjay Nagar, Ghaziabad - UPPCB",14-11-2025 21:00,28.685382,77.453839,OZONE,10,140,75
Uttar_Pradesh,Ghaziabad,"Vasundhara, Ghaziabad - UPPCB",14-11-2025 21:00,28.6603346,77.3572563,CO,22,136,63
Uttar_Pradesh,Agra,"Sector-3B Avas Vikas Colony, Agra - UPPCB",14-11-2025 21:00,27.19412,77.96237,NH3,7,8,7
Uttar_Pradesh,Agra,"Shahjahan Garden, Agra - UPPCB",14-11-2025 21:00,27.169338,78.03582,PM10,NA,NA,NA
Uttar_Pradesh,Baghpat,"Sardar Patel Inter College, Baghpat - UPPCB",14-11-2025 21:00,28.964949,77.278761,NH3,5,10,8
Telangana,Hyderabad,"Kokapet, Hyderabad - TSPCB",14-11-2025 21:00,17.393559,78.339194,NH3,2,3,2
Telangana,Hyderabad,"Kompally Municipal Office, Hyderabad - TSPCB",14-11-2025 21:00,17.544899,78.486949,NO2,13,17,15
Telangana,Hyderabad,"Nacharam_TSIIC IALA, Hyderabad - TSPCB",14-11-2025 21:00,17.429398,78.569354,NO2,9,17,14
Telangana,Hyderabad,"Nacharam_TSIIC IALA, Hyderabad - TSPCB",14-11-2025 21:00,17.429398,78.569354,SO2,12,16,14
Telangana,Hyderabad,"ECIL Kapra, Hyderabad - TSPCB",14-11-2025 21:00,17.470431,78.566959,PM10,63,81,69
Telangana,Hyderabad,"ECIL Kapra, Hyderabad - TSPCB",14-11-2025 21:00,17.470431,78.566959,NH3,3,4,3
Uttar_Pradesh,Gorakhpur,"Madan Mohan Malaviya University of Technology, Gorakhpur - UPPCB",14-11-2025 21:00,26.730136,83.433859,PM10,10,131,76
Uttar_Pradesh,Gorakhpur,"Madan Mohan Malaviya University of Technology, Gorakhpur - UPPCB",14-11-2025 21:00,26.730136,83.433859,NO2,11,12,11
Uttar_Pradesh,Gorakhpur,"Madan Mohan Malaviya University of Technology, Gorakhpur - UPPCB",14-11-2025 21:00,26.730136,83.433859,CO,6,9,6
Uttar_Pradesh,Greater Noida,"Knowledge Park - III, Greater Noida - UPPCB",14-11-2025 21:00,28.47272,77.482,PM2.5,323,407,369
Uttar_Pradesh,Greater Noida,"Knowledge Park - V, Greater Noida - UPPCB",14-11-2025 21:00,28.557054,77.453663,PM2.5,343,454,373
Uttar_Pradesh,Greater Noida,"Knowledge Park - V, Greater Noida - UPPCB",14-11-2025 21:00,28.557054,77.453663,NO2,46,167,71
Uttar_Pradesh,Greater Noida,"Knowledge Park - V, Greater Noida - UPPCB",14-11-2025 21:00,28.557054,77.453663,OZONE,5,14,9
Uttar_Pradesh,Hapur,"Anand Vihar, Hapur - UPPCB",14-11-2025 21:00,28.725645,77.749675,CO,57,121,81
Uttar_Pradesh,Moradabad,"Kashiram Nagar, Moradabad - UPPCB",14-11-2025 21:00,28.849399,78.742362,CO,30,92,43
Uttar_Pradesh,Moradabad,"Kashiram Nagar, Moradabad - UPPCB",14-11-2025 21:00,28.849399,78.742362,OZONE,21,72,32
Uttar_Pradesh,Muzaffarnagar,"New Mandi, Muzaffarnagar - UPPCB",14-11-2025 21:00,29.4723508,77.7194031,PM2.5,308,425,365
Uttar_Pradesh,Muzaffarnagar,"New Mandi, Muzaffarnagar - UPPCB",14-11-2025 21:00,29.4723508,77.7194031,OZONE,12,105,71
Uttar_Pradesh,Noida,"Sector - 125, Noida - UPPCB",14-11-2025 21:00,28.5447608,77.3231257,CO,30,109,65
Uttar_Pradesh,Noida,"Sector - 62, Noida - IMD",14-11-2025 21:00,28.6245479,77.3577104,CO,22,79,40
Uttar_Pradesh,Noida,"Sector-1, Noida - UPPCB",14-11-2025 21:00,28.5898,77.3101,PM2.5,323,395,372
Uttar_Pradesh,Lucknow,"Lalbagh, Lucknow - CPCB",14-11-2025 21:00,26.8458805,80.9365541,SO2,3,19,9
Uttar_Pradesh,Lucknow,"Lalbagh, Lucknow - CPCB",14-11-2025 21:00,26.8458805,80.9365541,OZONE,6,61,41
Uttar_Pradesh,Lucknow,"Talkatora District Industries Center, Lucknow - CPCB",14-11-2025 21:00,26.83399722,80.8917361,NO2,44,71,56
Uttar_Pradesh,Lucknow,"Talkatora District Industries Center, Lucknow - CPCB",14-11-2025 21:00,26.83399722,80.8917361,CO,6,59,34
Uttar_Pradesh,Meerut,"Ganga Nagar, Meerut - UPPCB",14-11-2025 21:00,28.999264,77.7590354,NO2,53,134,87
Uttar_Pradesh,Meerut,"Jai Bhim Nagar, Meerut - UPPCB",14-11-2025 21:00,28.9535882,77.7622941,NH3,13,24,20
Uttar_Pradesh,Noida,"Sector-1, Noida - UPPCB",14-11-2025 21:00,28.5898,77.3101,SO2,20,37,27
Uttar_Pradesh,Noida,"Sector-116, Noida - UPPCB",14-11-2025 21:00,28.56923,77.393848,NO2,66,256,122
Uttar_Pradesh,Noida,"Sector-116, Noida - UPPCB",14-11-2025 21:00,28.56923,77.393848,OZONE,11,300,131
Uttar_Pradesh,Prayagraj,"Jhunsi, Prayagraj - UPPCB",14-11-2025 21:00,25.425602,81.917152,SO2,7,22,10
Uttar_Pradesh,Prayagraj,"Jhunsi, Prayagraj - UPPCB",14-11-2025 21:00,25.425602,81.917152,CO,35,96,46
Uttar_Pradesh,Prayagraj,"Motilal Nehru NIT, Prayagraj - UPPCB",14-11-2025 21:00,25.494,81.863,NO2,11,12,12
Uttar_Pradesh,Lucknow,"B R Ambedkar University, Lucknow - UPPCB",14-11-2025 21:00,26.766433,80.927299,NH3,4,7,5
Uttar_Pradesh,Lucknow,"B R Ambedkar University, Lucknow - UPPCB",14-11-2025 21:00,26.766433,80.927299,CO,54,58,55
Uttar_Pradesh,Lucknow,"B R Ambedkar University, Lucknow - UPPCB",14-11-2025 21:00,26.766433,80.927299,OZONE,27,28,28
Uttar_Pradesh,Lucknow,"Gomti Nagar, Lucknow - UPPCB",14-11-2025 21:00,26.86812,81.005119,NO2,7,9,8
Uttar_Pradesh,Lucknow,"Gomti Nagar, Lucknow - UPPCB",14-11-2025 21:00,26.86812,81.005119,SO2,10,13,10
Uttar_Pradesh,Lucknow,"Kendriya Vidyalaya, Lucknow - CPCB",14-11-2025 21:00,26.906111,80.948222,NH3,12,17,15
Uttar_Pradesh,Meerut,"Pallavpuram Phase 2, Meerut - UPPCB",14-11-2025 21:00,29.06351,77.709723,SO2,17,40,26
Uttar_Pradesh,Moradabad,"Buddhi Vihar, Moradabad - UPPCB",14-11-2025 21:00,28.83526,78.7446,NH3,4,5,5
Uttar_Pradesh,Moradabad,"Eco Herbal Park, Moradabad - UPPCB",14-11-2025 21:00,28.840739,78.697531,SO2,3,41,16
Uttar_Pradesh,Moradabad,"Eco Herbal Park, Moradabad - UPPCB",14-11-2025 21:00,28.840739,78.697531,OZONE,6,95,57
Uttar_Pradesh,Kanpur,"NSI Kalyanpur, Kanpur - UPPCB",14-11-2025 21:00,26.509954,80.249612,PM2.5,49,304,186
Uttar_Pradesh,Kanpur,"Nehru Nagar, Kanpur - UPPCB",14-11-2025 21:00,26.4703136,80.3229863,SO2,NA,NA,NA
Uttar_Pradesh,Kanpur,"Nehru Nagar, Kanpur - UPPCB",14-11-2025 21:00,26.4703136,80.3229863,CO,34,57,44
Uttar_Pradesh,Moradabad,"Jigar Colony, Moradabad - UPPCB",14-11-2025 21:00,28.856664,78.772638,PM2.5,65,271,142
Uttar_Pradesh,Moradabad,"Jigar Colony, Moradabad - UPPCB",14-11-2025 21:00,28.856664,78.772638,NH3,6,6,6
Uttar_Pradesh,Moradabad,"Kashiram Nagar, Moradabad - UPPCB",14-11-2025 21:00,28.849399,78.742362,PM2.5,51,299,161
Uttar_Pradesh,Varanasi,"IESD Banaras Hindu University, Varanasi - UPPCB",14-11-2025 21:00,25.262326,82.995408,NH3,1,5,2
Uttar_Pradesh,Varanasi,"Maldahiya, Varanasi - UPPCB",14-11-2025 21:00,25.32393,82.99687,CO,22,64,33
Uttar_Pradesh,Vrindavan,"Omex Eternity, Vrindavan - UPPCB",14-11-2025 21:00,27.571409,77.655757,PM2.5,26,267,121
Uttarakhand,Dehradun,"Doon University, Dehradun - UKPCB",14-11-2025 21:00,30.269444,78.044167,PM10,14,55,36
Uttarakhand,Dehradun,"Doon University, Dehradun - UKPCB",14-11-2025 21:00,30.269444,78.044167,SO2,1,2,2
Uttarakhand,Kashipur,"Govt. Girls Inter College, Kashipur - UKPCB",14-11-2025 21:00,29.2124114,78.9611753,PM10,33,128,78
Uttarakhand,Kashipur,"Govt. Girls Inter College, Kashipur - UKPCB",14-11-2025 21:00,29.2124114,78.9611753,SO2,2,9,7
Uttarakhand,Kashipur,"Govt. Girls Inter College, Kashipur - UKPCB",14-11-2025 21:00,29.2124114,78.9611753,OZONE,1,23,10
Uttarakhand,Rishikesh,"Shivaji Nagar, Rishikesh - UKPCB",14-11-2025 21:00,30.075911,78.2859547,PM10,49,78,63
Uttarakhand,Rishikesh,"Shivaji Nagar, Rishikesh - UKPCB",14-11-2025 21:00,30.075911,78.2859547,SO2,5,5,5
Uttarakhand,Rishikesh,"Shivaji Nagar, Rishikesh - UKPCB",14-11-2025 21:00,30.075911,78.2859547,OZONE,67,67,67
West_Bengal,Asansol,"Asansol Court Area, Asansol - WBPCB",14-11-2025 21:00,23.685297,86.945968,PM2.5,78,220,156
West_Bengal,Asansol,"Evelyn Lodge, Asansol - WBPCB",14-11-2025 21:00,23.697936,86.944395,PM2.5,67,224,137
West_Bengal,Asansol,"Mahabir Colliery, Asansol - WBPCB",14-11-2025 21:00,23.618183,87.105718,PM2.5,58,323,206
West_Bengal,Asansol,"Mahabir Colliery, Asansol - WBPCB",14-11-2025 21:00,23.618183,87.105718,PM10,56,154,114
West_Bengal,Asansol,"Mahabir Colliery, Asansol - WBPCB",14-11-2025 21:00,23.618183,87.105718,CO,20,102,57
West_Bengal,Asansol,"Mahabir Colliery, Asansol - WBPCB",14-11-2025 21:00,23.618183,87.105718,OZONE,13,68,49
West_Bengal,Asansol,"Trivenidevi Bhalotia College, Asansol - WBPCB",14-11-2025 21:00,23.616515,87.119133,OZONE,12,83,70
West_Bengal,Durgapur,"Mahishkapur Road_B-Zone, Durgapur - WBPCB",14-11-2025 21:00,23.567923,87.306843,SO2,12,93,23
West_Bengal,Durgapur,"PCBL Residential Complex, Durgapur - WBPCB",14-11-2025 21:00,23.508764,87.35444,PM2.5,NA,NA,NA
West_Bengal,Durgapur,"PCBL Residential Complex, Durgapur - WBPCB",14-11-2025 21:00,23.508764,87.35444,CO,46,102,73
West_Bengal,Durgapur,"Womens College_City Center, Durgapur - WBPCB (Formerly known as Sidhu Kanhu Indoor Stadium)",14-11-2025 21:00,23.549395,87.300496,CO,30,66,35
West_Bengal,Howrah,"Botanical Garden, Howrah - WBPCB",14-11-2025 21:00,22.554954,88.292568,NO2,10,25,14
West_Bengal,Howrah,"Dasnagar, Howrah - WBPCB",14-11-2025 21:00,22.6025571,88.3105664,PM10,91,171,124
West_Bengal,Howrah,"Dasnagar, Howrah - WBPCB",14-11-2025 21:00,22.6025571,88.3105664,NO2,14,81,45
West_Bengal,Howrah,"Ghusuri, Howrah - WBPCB",14-11-2025 21:00,22.611968,88.347422,NO2,21,38,26
West_Bengal,Kolkata,"Ballygunge, Kolkata - WBPCB",14-11-2025 21:00,22.5367507,88.3638022,SO2,11,20,16
West_Bengal,Kolkata,"Fort William, Kolkata - WBPCB",14-11-2025 21:00,22.55664,88.342674,NO2,NA,NA,NA
West_Bengal,Kolkata,"Fort William, Kolkata - WBPCB",14-11-2025 21:00,22.55664,88.342674,NH3,NA,NA,NA
West_Bengal,Kolkata,"Rabindra Bharati University, Kolkata - WBPCB",14-11-2025 21:00,22.627847,88.380669,PM2.5,NA,NA,NA
West_Bengal,Kolkata,"Rabindra Bharati University, Kolkata - WBPCB",14-11-2025 21:00,22.627847,88.380669,PM10,NA,NA,NA
West_Bengal,Kolkata,"Rabindra Bharati University, Kolkata - WBPCB",14-11-2025 21:00,22.627847,88.380669,NO2,NA,NA,NA
West_Bengal,Kolkata,"Rabindra Bharati University, Kolkata - WBPCB",14-11-2025 21:00,22.627847,88.380669,CO,30,66,34
West_Bengal,Kolkata,"Rabindra Bharati University, Kolkata - WBPCB",14-11-2025 21:00,22.627847,88.380669,OZONE,7,109,76
West_Bengal,Kolkata,"Rabindra Sarobar, Kolkata - WBPCB",14-11-2025 21:00,22.51106,88.35142,SO2,7,31,16
West_Bengal,Kolkata,"Rabindra Sarobar, Kolkata - WBPCB",14-11-2025 21:00,22.51106,88.35142,OZONE,2,140,68
West_Bengal,Kolkata,"Victoria, Kolkata - WBPCB",14-11-2025 21:00,22.5448082,88.3403691,PM2.5,172,347,281
West_Bengal,Kolkata,"Victoria, Kolkata - WBPCB",14-11-2025 21:00,22.5448082,88.3403691,NO2,12,26,18
West_Bengal,Siliguri,"Ward-32 Bapupara, Siliguri - WBPCB",14-11-2025 21:00,26.6879226,88.4152495,PM2.5,47,93,67
West_Bengal,Siliguri,"Ward-32 Bapupara, Siliguri - WBPCB",14-11-2025 21:00,26.6879226,88.4152495,NH3,11,11,11
Assam,Byrnihat,"Central Academy for SFS, Byrnihat - PCBA",14-11-2025 21:00,26.071318,91.87488,NO2,NA,NA,NA
Assam,Byrnihat,"Central Academy for SFS, Byrnihat - PCBA",14-11-2025 21:00,26.071318,91.87488,CO,43,58,52
Assam,Byrnihat,"Central Academy for SFS, Byrnihat - PCBA",14-11-2025 21:00,26.071318,91.87488,OZONE,16,41,27
Assam,Guwahati,"IITG, Guwahati - PCBA",14-11-2025 21:00,26.2028636,91.70046436,NH3,5,5,5
Assam,Guwahati,"LGBI Airport, Guwahati - PCBA",14-11-2025 21:00,26.10887,91.589544,OZONE,13,18,16
Assam,Guwahati,"Pan Bazaar, Guwahati - PCBA",14-11-2025 21:00,26.1875,91.744194,PM2.5,30,139,78
Assam,Guwahati,"Pan Bazaar, Guwahati - PCBA",14-11-2025 21:00,26.1875,91.744194,SO2,36,66,50
Assam,Guwahati,"Railway Colony, Guwahati - PCBA",14-11-2025 21:00,26.181742,91.78063,PM10,50,140,105
Assam,Guwahati,"Railway Colony, Guwahati - PCBA",14-11-2025 21:00,26.181742,91.78063,SO2,27,34,32
Bihar,Bettiah,"Kamalnath Nagar, Bettiah - BSPCB",14-11-2025 21:00,26.80365,84.51954,NH3,1,2,1
Bihar,Bhagalpur,"DM Office_Kachari Chowk, Bhagalpur - BSPCB",14-11-2025 21:00,25.251013,86.989001,PM2.5,NA,NA,NA
Bihar,Bhagalpur,"DM Office_Kachari Chowk, Bhagalpur - BSPCB",14-11-2025 21:00,25.251013,86.989001,PM10,NA,NA,NA
Bihar,Bhagalpur,"DM Office_Kachari Chowk, Bhagalpur - BSPCB",14-11-2025 21:00,25.251013,86.989001,NH3,NA,NA,NA
Bihar,Bhagalpur,"DM Office_Kachari Chowk, Bhagalpur - BSPCB",14-11-2025 21:00,25.251013,86.989001,CO,10,16,12
Bihar,Bhagalpur,"DM Office_Kachari Chowk, Bhagalpur - BSPCB",14-11-2025 21:00,25.251013,86.989001,OZONE,13,33,17
Bihar,Bhagalpur,"Mayaganj, Bhagalpur - BSPCB",14-11-2025 21:00,25.265194,87.012947,NO2,7,9,8
Bihar,Bihar Sharif,"D M Colony, Bihar Sharif - BSPCB",14-11-2025 21:00,25.204762,85.51496,PM2.5,57,277,81
Andhra_Pradesh,Kadapa,"Yerramukkapalli, Kadapa - APPCB",14-11-2025 21:00,14.465052,78.824187,SO2,12,18,15
Andhra_Pradesh,Rajamahendravaram,"Anand Kala Kshetram, Rajamahendravaram - APPCB",14-11-2025 21:00,16.9872867,81.7363176,PM2.5,80,232,128
Andhra_Pradesh,Tirumala,"Toll Gate, Tirumala - APPCB",14-11-2025 21:00,13.67,79.35,NO2,14,31,20
Andhra_Pradesh,Tirumala,"Toll Gate, Tirumala - APPCB",14-11-2025 21:00,13.67,79.35,OZONE,32,60,45
Andhra_Pradesh,Tirupati,"Vaikuntapuram, Tirupati - APPCB",14-11-2025 21:00,13.615387,79.40923,NH3,NA,NA,NA
Andhra_Pradesh,Vijayawada,"HB Colony, Vijayawada - APPCB",14-11-2025 21:00,16.536107,80.594233,NH3,4,5,5
Andhra_Pradesh,Vijayawada,"Rajiv Nagar, Vijayawada - APPCB",14-11-2025 21:00,16.554731,80.64911,NO2,8,11,9
Andhra_Pradesh,Visakhapatnam,"GVM Corporation, Visakhapatnam - APPCB",14-11-2025 21:00,17.72,83.3,OZONE,3,170,146
Arunachal_Pradesh,Naharlagun,"Naharlagun, Naharlagun - APSPCB",14-11-2025 21:00,27.103358,93.679645,PM2.5,21,205,63
Arunachal_Pradesh,Naharlagun,"Naharlagun, Naharlagun - APSPCB",14-11-2025 21:00,27.103358,93.679645,PM10,24,142,66
Arunachal_Pradesh,Naharlagun,"Naharlagun, Naharlagun - APSPCB",14-11-2025 21:00,27.103358,93.679645,OZONE,4,5,5
Assam,Byrnihat,"Central Academy for SFS, Byrnihat - PCBA",14-11-2025 21:00,26.071318,91.87488,PM2.5,NA,NA,NA
Andhra_Pradesh,Anantapur,"Gulzarpet, Anantapur - APPCB",14-11-2025 21:00,14.675886,77.593027,NO2,14,18,15
Andhra_Pradesh,Anantapur,"Gulzarpet, Anantapur - APPCB",14-11-2025 21:00,14.675886,77.593027,NH3,4,4,4
Andhra_Pradesh,Anantapur,"Gulzarpet, Anantapur - APPCB",14-11-2025 21:00,14.675886,77.593027,SO2,17,17,17
Andhra_Pradesh,Anantapur,"Gulzarpet, Anantapur - APPCB",14-11-2025 21:00,14.675886,77.593027,OZONE,37,71,66
Andhra_Pradesh,Chittoor,"Gangineni Cheruvu, Chittoor - APPCB",14-11-2025 21:00,13.20488,79.097889,PM2.5,18,204,113
Andhra_Pradesh,Chittoor,"Gangineni Cheruvu, Chittoor - APPCB",14-11-2025 21:00,13.20488,79.097889,PM10,15,133,87
Andhra_Pradesh,Kadapa,"Yerramukkapalli, Kadapa - APPCB",14-11-2025 21:00,14.465052,78.824187,PM10,62,73,65
Bihar,Motihari,"Gandak Colony, Motihari - BSPCB",14-11-2025 21:00,26.63086,84.90051,PM2.5,38,243,109
Bihar,Munger,"Town Hall, Munger - BSPCB",14-11-2025 21:00,25.376776,86.471523,NH3,6,8,6
Bihar,Munger,"Town Hall, Munger - BSPCB",14-11-2025 21:00,25.376776,86.471523,CO,22,41,29
Bihar,Muzaffarpur,"Buddha Colony, Muzaffarpur - BSPCB",14-11-2025 21:00,26.11442,85.39813,SO2,3,5,4
Bihar,Muzaffarpur,"MIT-Daudpur Kothi, Muzaffarpur - BSPCB",14-11-2025 21:00,26.1403345,85.3650192,CO,56,63,63
Bihar,Araria,"Kharahiya Basti, Araria - BSPCB",14-11-2025 21:00,26.146529,87.454184,NO2,4,65,26
Bihar,Arrah,"New DM Office, Arrah - BSPCB",14-11-2025 21:00,25.5626095,84.663264,OZONE,1,24,13
Bihar,Aurangabad,"Gurdeo Nagar, Aurangabad - BSPCB",14-11-2025 21:00,24.75746,84.366208,PM10,61,147,93
Bihar,Begusarai,"Lohiyanagar, Begusarai - BSPCB",14-11-2025 21:00,25.42742023,86.13886079,NO2,18,24,20
Bihar,Begusarai,"Lohiyanagar, Begusarai - BSPCB",14-11-2025 21:00,25.42742023,86.13886079,CO,NA,NA,NA
Assam,Nagaon,"Christianpatty, Nagaon - PCBA",14-11-2025 21:00,26.349082,92.68449,PM10,32,38,33
Assam,Nagaon,"Christianpatty, Nagaon - PCBA",14-11-2025 21:00,26.349082,92.68449,NO2,1,1,1
Assam,Nagaon,"Christianpatty, Nagaon - PCBA",14-11-2025 21:00,26.349082,92.68449,SO2,7,16,12
Assam,Nagaon,"Christianpatty, Nagaon - PCBA",14-11-2025 21:00,26.349082,92.68449,OZONE,8,9,9
Assam,Sivasagar,"Girls College, Sivasagar - PCBA",14-11-2025 21:00,26.987634,94.636574,SO2,7,12,10
Bihar,Gaya,"SFTI Kusdihra, Gaya - BSPCB",14-11-2025 21:00,24.762518,84.982348,OZONE,12,37,28
Bihar,Katihar,"Mirchaibari, Katihar - BSPCB",14-11-2025 21:00,25.560083,87.553265,PM2.5,57,173,96
Bihar,Patna,"Rajbansi Nagar, Patna - BSPCB",14-11-2025 21:00,25.599486,85.113666,PM10,80,148,116
Delhi,Delhi,"ITO, Delhi - CPCB",14-11-2025 21:00,28.628624,77.24106,SO2,7,33,17
Delhi,Delhi,"ITO, Delhi - CPCB",14-11-2025 21:00,28.628624,77.24106,OZONE,10,78,48
Delhi,Delhi,"Jahangirpuri, Delhi - DPCC",14-11-2025 21:00,28.73282,77.170633,PM2.5,297,444,402
Delhi,Delhi,"Jawaharlal Nehru Stadium, Delhi - DPCC",14-11-2025 21:00,28.58028,77.233829,PM2.5,338,414,381
Delhi,Delhi,"Jawaharlal Nehru Stadium, Delhi - DPCC",14-11-2025 21:00,28.58028,77.233829,NO2,37,173,117
Delhi,Delhi,"Jawaharlal Nehru Stadium, Delhi - DPCC",14-11-2025 21:00,28.58028,77.233829,NH3,4,6,5
Delhi,Delhi,"Lodhi Road, Delhi - IITM",14-11-2025 21:00,28.588333,77.221667,PM2.5,71,318,263
Delhi,Delhi,"Lodhi Road, Delhi - IMD",14-11-2025 21:00,28.5918245,77.2273074,PM10,176,333,261
Delhi,Delhi,"Major Dhyan Chand National Stadium, Delhi - DPCC",14-11-2025 21:00,28.611281,77.237738,PM10,214,414,309
Delhi,Delhi,"Dr. Karni Singh Shooting Range, Delhi - DPCC",14-11-2025 21:00,28.498571,77.26484,NH3,7,10,9
Delhi,Delhi,"Dwarka-Sector 8, Delhi - DPCC ",14-11-2025 21:00,28.5710274,77.0719006,PM10,254,429,337
Delhi,Delhi,"Dwarka-Sector 8, Delhi - DPCC ",14-11-2025 21:00,28.5710274,77.0719006,NH3,15,31,18
Delhi,Delhi,"Dwarka-Sector 8, Delhi - DPCC ",14-11-2025 21:00,28.5710274,77.0719006,SO2,2,32,21
Delhi,Delhi,"Dwarka-Sector 8, Delhi - DPCC ",14-11-2025 21:00,28.5710274,77.0719006,CO,54,132,84
Delhi,Delhi,"IGI Airport (T3), Delhi - IMD",14-11-2025 21:00,28.5627763,77.1180053,PM2.5,311,364,332
Delhi,Delhi,"IGI Airport (T3), Delhi - IMD",14-11-2025 21:00,28.5627763,77.1180053,NO2,89,251,160
Delhi,Delhi,"IHBAS, Dilshad Garden, Delhi - CPCB",14-11-2025 21:00,28.6811736,77.3025234,SO2,17,39,27
Delhi,Delhi,"ITO, Delhi - CPCB",14-11-2025 21:00,28.628624,77.24106,PM2.5,333,442,403
Bihar,Patna,"Samanpura, Patna - BSPCB",14-11-2025 21:00,25.596727,85.085624,NO2,35,49,44
Bihar,Purnia,"Mariam Nagar, Purnia - BSPCB",14-11-2025 21:00,25.366336,87.117468,PM2.5,37,133,78
Bihar,Purnia,"Mariam Nagar, Purnia - BSPCB",14-11-2025 21:00,25.366336,87.117468,PM10,32,101,67
Bihar,Purnia,"Mariam Nagar, Purnia - BSPCB",14-11-2025 21:00,25.366336,87.117468,NO2,5,7,6
Bihar,Purnia,"Mariam Nagar, Purnia - BSPCB",14-11-2025 21:00,25.366336,87.117468,CO,32,86,70
Bihar,Purnia,"Mariam Nagar, Purnia - BSPCB",14-11-2025 21:00,25.366336,87.117468,OZONE,20,53,36
Bihar,Rajgir,"Dangi Tola, Rajgir - BSPCB",14-11-2025 21:00,25.0328,85.41948,SO2,18,24,21
Bihar,Rajgir,"Dangi Tola, Rajgir - BSPCB",14-11-2025 21:00,25.0328,85.41948,CO,77,100,90
Bihar,Saharsa,"Police Line, Saharsa - BSPCB",14-11-2025 21:00,25.892357,86.590325,PM2.5,NA,NA,NA
Bihar,Saharsa,"Police Line, Saharsa - BSPCB",14-11-2025 21:00,25.892357,86.590325,NH3,4,4,4
Chandigarh,Chandigarh,"Sector-53, Chandigarh - CPCC",14-11-2025 21:00,30.719859,76.738637,PM2.5,48,223,113
Chandigarh,Chandigarh,"Sector-53, Chandigarh - CPCC",14-11-2025 21:00,30.719859,76.738637,NH3,5,21,9
Chandigarh,Chandigarh,"Sector-53, Chandigarh - CPCC",14-11-2025 21:00,30.719859,76.738637,SO2,6,52,12
Chandigarh,Chandigarh,"Sector-53, Chandigarh - CPCC",14-11-2025 21:00,30.719859,76.738637,CO,32,112,54
Chhattisgarh,Bhilai,"32Bungalows, Bhilai - CECB",14-11-2025 21:00,21.194815,81.31477,PM2.5,NA,NA,NA
Chhattisgarh,Bhilai,"Civic Center, Bhilai - Bhilai Steel Plant",14-11-2025 21:00,21.185571,81.343175,NO2,10,180,65
Chhattisgarh,Bhilai,"Civic Center, Bhilai - Bhilai Steel Plant",14-11-2025 21:00,21.185571,81.343175,NH3,2,33,9
Chhattisgarh,Chhal,"Nawapara SECL Colony, Chhal - CECB",14-11-2025 21:00,22.118125,83.140608,PM2.5,43,133,74
Chhattisgarh,Chhal,"Nawapara SECL Colony, Chhal - CECB",14-11-2025 21:00,22.118125,83.140608,NO2,11,30,16
Chhattisgarh,Chhal,"Nawapara SECL Colony, Chhal - CECB",14-11-2025 21:00,22.118125,83.140608,OZONE,4,176,125
Chhattisgarh,Korba,"Rampur, Korba - CECB",14-11-2025 21:00,22.368195,82.746431,PM2.5,37,58,49
Chhattisgarh,Korba,"Rampur, Korba - CECB",14-11-2025 21:00,22.368195,82.746431,NH3,2,2,2
Chhattisgarh,Korba,"Rampur, Korba - CECB",14-11-2025 21:00,22.368195,82.746431,SO2,7,11,9
Chhattisgarh,Kunjemura,"OP Jindal School, Kunjemura - CECB",14-11-2025 21:00,22.12665,83.483212,CO,14,28,18
Chhattisgarh,Milupara,"Govt. Higher Secondary School, Milupara - CECB",14-11-2025 21:00,22.1910172,83.5197009,PM2.5,56,105,81
Bihar,Samastipur,"DM Office_Kasipur, Samastipur - BSPCB",14-11-2025 21:00,25.859655,85.77944,PM10,NA,NA,NA
Bihar,Sasaram,"Dada Peer, Sasaram - BSPCB",14-11-2025 21:00,24.952822,84.002396,NO2,2,3,2
Bihar,Sasaram,"Dada Peer, Sasaram - BSPCB",14-11-2025 21:00,24.952822,84.002396,CO,46,57,52
Bihar,Siwan,"Chitragupta Nagar, Siwan - BSPCB",14-11-2025 21:00,26.2271665,84.3570427,SO2,8,8,8
Bihar,Siwan,"Chitragupta Nagar, Siwan - BSPCB",14-11-2025 21:00,26.2271665,84.3570427,OZONE,13,14,14
Chandigarh,Chandigarh,"Sector-25, Chandigarh - CPCC",14-11-2025 21:00,30.751462,76.762879,PM2.5,64,142,92
Delhi,Delhi,"Bawana, Delhi - DPCC",14-11-2025 21:00,28.7762,77.051074,PM10,188,500,349
Delhi,Delhi,"Bawana, Delhi - DPCC",14-11-2025 21:00,28.7762,77.051074,SO2,13,83,29
Delhi,Delhi,"Burari Crossing, Delhi - IMD",14-11-2025 21:00,28.7256504,77.2011573,NO2,57,171,108
Delhi,Delhi,"CRRI Mathura Road, Delhi - IMD",14-11-2025 21:00,28.5512005,77.2735737,CO,18,84,38
Delhi,Delhi,"Chandni Chowk, Delhi - IITM",14-11-2025 21:00,28.656756,77.227234,NH3,14,70,29
Delhi,Delhi,"Alipur, Delhi - DPCC",14-11-2025 21:00,28.815329,77.15301,PM2.5,230,433,380
Delhi,Delhi,"Alipur, Delhi - DPCC",14-11-2025 21:00,28.815329,77.15301,SO2,9,23,15
Delhi,Delhi,"Anand Vihar, Delhi - DPCC",14-11-2025 21:00,28.647622,77.315809,SO2,NA,NA,NA
Delhi,Delhi,"Ashok Vihar, Delhi - DPCC",14-11-2025 21:00,28.695381,77.181665,NO2,57,194,117
Chhattisgarh,Raipur,"Bhatagaon New ISBT, Raipur - CECB",14-11-2025 21:00,21.219665,81.630094,PM10,51,137,96
Chhattisgarh,Raipur,"Krishak Nagar, Raipur - CECB",14-11-2025 21:00,21.237755,81.705301,CO,16,50,21
Chhattisgarh,Raipur,"Siltara Phase-II, Raipur - CECB",14-11-2025 21:00,21.371751,81.664929,SO2,3,9,5
Delhi,Delhi,"Sri Aurobindo Marg, Delhi - DPCC",14-11-2025 21:00,28.531346,77.190156,NH3,4,6,5
Delhi,Delhi,"Vivek Vihar, Delhi - DPCC",14-11-2025 21:00,28.672342,77.31526,SO2,13,31,21
Delhi,Delhi,"Vivek Vihar, Delhi - DPCC",14-11-2025 21:00,28.672342,77.31526,CO,52,116,75
Delhi,Delhi,"Vivek Vihar, Delhi - DPCC",14-11-2025 21:00,28.672342,77.31526,OZONE,3,46,27
Delhi,Delhi,"Wazirpur, Delhi - DPCC",14-11-2025 21:00,28.699793,77.165453,CO,54,110,77
Gujarat,Ahmedabad,"Chandkheda, Ahmedabad - IITM",14-11-2025 21:00,23.107969,72.574648,SO2,3,13,9
Gujarat,Ahmedabad,"Chandkheda, Ahmedabad - IITM",14-11-2025 21:00,23.107969,72.574648,OZONE,2,68,51
Gujarat,Ahmedabad,"Gyaspur, Ahmedabad - IITM",14-11-2025 21:00,22.977134,72.553024,NO2,34,152,93
Gujarat,Gandhinagar,"IIPHG Lekawada, Gandhinagar - IITM",14-11-2025 21:00,23.243639,72.68994,OZONE,5,46,30
Gujarat,Gandhinagar,"Sector-10, Gandhinagar - GPCB",14-11-2025 21:00,23.221714,72.654328,SO2,4,11,8
Gujarat,Surat,"Science Center, Surat - SMC",14-11-2025 21:00,21.170046,72.795405,NO2,2,22,11
Gujarat,Vapi,"Phase-1 GIDC, Vapi - GPCB",14-11-2025 21:00,20.362421,72.918013,PM2.5,80,343,229
Gujarat,Vatva,"Phase-4 GIDC, Vatva - GPCB",14-11-2025 21:00,22.969611,72.6435,OZONE,6,53,43
Haryana,Ambala,"Patti Mehar, Ambala - HSPCB",14-11-2025 21:00,30.379589,76.778328,NO2,20,25,22
Haryana,Bahadurgarh,"Arya Nagar, Bahadurgarh - HSPCB",14-11-2025 21:00,28.6701,76.9254,PM10,1,500,310
Haryana,Bahadurgarh,"Arya Nagar, Bahadurgarh - HSPCB",14-11-2025 21:00,28.6701,76.9254,CO,45,50,48
Haryana,Bhiwani,"H.B. Colony, Bhiwani - HSPCB",14-11-2025 21:00,28.806223,76.141105,NO2,1,34,31
Haryana,Charkhi Dadri,"Mini Secretariat, Charkhi Dadri - HSPCB",14-11-2025 21:00,28.593883,76.270653,NH3,5,8,6
Gujarat,Ahmedabad,"SVPI Airport Hansol, Ahmedabad - IITM",14-11-2025 21:00,23.076793,72.627874,PM10,119,445,218
Gujarat,Ahmedabad,"SVPI Airport Hansol, Ahmedabad - IITM",14-11-2025 21:00,23.076793,72.627874,NH3,1,6,4
Gujarat,Ankleshwar,"GIDC, Ankleshwar - GPCB",14-11-2025 21:00,21.613267,73.010555,NO2,15,20,19
Gujarat,Ankleshwar,"GIDC, Ankleshwar - GPCB",14-11-2025 21:00,21.613267,73.010555,SO2,31,40,38
Gujarat,Gandhinagar,"GIFT City, Gandhinagar - IITM",14-11-2025 21:00,23.163798,72.677768,PM10,113,252,160
Gujarat,Gandhinagar,"GIFT City, Gandhinagar - IITM",14-11-2025 21:00,23.163798,72.677768,NO2,11,88,37
Gujarat,Ahmedabad,"Maninagar, Ahmedabad - GPCB",14-11-2025 21:00,23.002657,72.591912,NO2,40,57,48
Gujarat,Ahmedabad,"Raikhad, Ahmedabad - IITM",14-11-2025 21:00,23.020509,72.579261,PM10,121,304,181
Gujarat,Ahmedabad,"Raikhad, Ahmedabad - IITM",14-11-2025 21:00,23.020509,72.579261,NO2,27,170,87
Gujarat,Ahmedabad,"Raikhad, Ahmedabad - IITM",14-11-2025 21:00,23.020509,72.579261,CO,12,142,42
Gujarat,Ahmedabad,"SAC ISRO Bopal, Ahmedabad - IITM",14-11-2025 21:00,23.041137,72.456691,PM2.5,NA,NA,NA
Gujarat,Ahmedabad,"SAC ISRO Bopal, Ahmedabad - IITM",14-11-2025 21:00,23.041137,72.456691,NO2,NA,NA,NA
Delhi,Delhi,"Najafgarh, Delhi - DPCC",14-11-2025 21:00,28.570173,76.933762,SO2,1,34,16
Delhi,Delhi,"Najafgarh, Delhi - DPCC",14-11-2025 21:00,28.570173,76.933762,OZONE,6,19,15
Delhi,Delhi,"Narela, Delhi - DPCC",14-11-2025 21:00,28.822836,77.101981,NH3,15,17,16
Delhi,Delhi,"Nehru Nagar, Delhi - DPCC",14-11-2025 21:00,28.56789,77.250515,CO,101,133,108
Delhi,Delhi,"Okhla Phase-2, Delhi - DPCC",14-11-2025 21:00,28.530785,77.271255,PM2.5,333,391,370
Delhi,Delhi,"Rohini, Delhi - DPCC",14-11-2025 21:00,28.732528,77.11992,NO2,30,120,73
Delhi,Delhi,"Sirifort, Delhi - CPCB",14-11-2025 21:00,28.5504249,77.2159377,PM10,269,449,334
Delhi,Delhi,"Sirifort, Delhi - CPCB",14-11-2025 21:00,28.5504249,77.2159377,NH3,10,13,11
Delhi,Delhi,"Sirifort, Delhi - CPCB",14-11-2025 21:00,28.5504249,77.2159377,OZONE,8,22,16
Delhi,Delhi,"Sri Aurobindo Marg, Delhi - DPCC",14-11-2025 21:00,28.531346,77.190156,PM2.5,318,379,353
Delhi,Delhi,"Major Dhyan Chand National Stadium, Delhi - DPCC",14-11-2025 21:00,28.611281,77.237738,NO2,43,184,112
Delhi,Delhi,"Mandir Marg, Delhi - DPCC",14-11-2025 21:00,28.636429,77.201067,NH3,13,30,19
Delhi,Delhi,"Mandir Marg, Delhi - DPCC",14-11-2025 21:00,28.636429,77.201067,CO,32,113,67
Delhi,Delhi,"Mundka, Delhi - DPCC",14-11-2025 21:00,28.684678,77.076574,OZONE,2,110,70
Delhi,Delhi,"Patparganj, Delhi - DPCC",14-11-2025 21:00,28.623763,77.287209,SO2,7,10,8
Delhi,Delhi,"Pusa, Delhi - DPCC",14-11-2025 21:00,28.639652,77.146275,PM10,240,482,351
Delhi,Delhi,"Pusa, Delhi - DPCC",14-11-2025 21:00,28.639652,77.146275,SO2,7,31,15
Delhi,Delhi,"Pusa, Delhi - DPCC",14-11-2025 21:00,28.639652,77.146275,CO,76,110,93
Haryana,Rohtak,"MD University, Rohtak - HSPCB",14-11-2025 21:00,28.52123,76.37138,OZONE,12,13,13
Haryana,Sirsa,"F-Block, Sirsa - HSPCB",14-11-2025 21:00,29.5364,75.0158,PM10,NA,NA,NA
Haryana,Sirsa,"F-Block, Sirsa - HSPCB",14-11-2025 21:00,29.5364,75.0158,SO2,NA,NA,NA
Haryana,Yamuna Nagar,"Gobind Pura, Yamuna Nagar - HSPCB",14-11-2025 21:00,30.1480566,77.2893471,NO2,11,11,11
Haryana,Yamuna Nagar,"Gobind Pura, Yamuna Nagar - HSPCB",14-11-2025 21:00,30.1480566,77.2893471,SO2,10,15,11
Haryana,Yamuna Nagar,"Gobind Pura, Yamuna Nagar - HSPCB",14-11-2025 21:00,30.1480566,77.2893471,CO,30,102,82
Himachal Pradesh,Baddi,"HIMUDA Complex Phase-1, Baddi - HPPCB",14-11-2025 21:00,30.943887,76.801991,PM10,100,289,155
Himachal Pradesh,Baddi,"HIMUDA Complex Phase-1, Baddi - HPPCB",14-11-2025 21:00,30.943887,76.801991,NO2,19,110,54
Karnataka,Bengaluru,"Jayanagar 5th Block, Bengaluru - KSPCB",14-11-2025 21:00,12.920984,77.584908,NH3,1,2,1
Karnataka,Bengaluru,"Jayanagar 5th Block, Bengaluru - KSPCB",14-11-2025 21:00,12.920984,77.584908,OZONE,10,56,31
Karnataka,Bengaluru,"Jigani, Bengaluru - KSPCB",14-11-2025 21:00,12.7816279,77.6299145,PM2.5,38,459,105
Karnataka,Bengaluru,"Kasturi Nagar, Bengaluru - KSPCB",14-11-2025 21:00,13.003872,77.664217,PM2.5,NA,NA,NA
Karnataka,Bengaluru,"Kasturi Nagar, Bengaluru - KSPCB",14-11-2025 21:00,13.003872,77.664217,PM10,NA,NA,NA
Karnataka,Bengaluru,"Kasturi Nagar, Bengaluru - KSPCB",14-11-2025 21:00,13.003872,77.664217,NO2,NA,NA,NA
Karnataka,Bengaluru,"Peenya, Bengaluru - CPCB",14-11-2025 21:00,13.0270199,77.494094,SO2,6,29,10
Karnataka,Bengaluru,"RVCE-Mailasandra, Bengaluru - KSPCB",14-11-2025 21:00,12.921418,77.502466,PM2.5,27,29,28
Haryana,Gurugram,"Vikas Sadan, Gurugram - HSPCB",14-11-2025 21:00,28.4501238,77.0263051,OZONE,7,41,41
Haryana,Hisar,"Urban Estate-II, Hisar - HSPCB",14-11-2025 21:00,29.14056,75.744941,SO2,10,14,11
Haryana,Hisar,"Urban Estate-II, Hisar - HSPCB",14-11-2025 21:00,29.14056,75.744941,CO,55,103,70
Haryana,Jind,"Police Lines, Jind - HSPCB",14-11-2025 21:00,29.307814,76.337619,NH3,NA,NA,NA
Haryana,Kaithal,"Rishi Nagar, Kaithal - HSPCB",14-11-2025 21:00,29.8006,76.4155,NH3,5,6,6
Haryana,Karnal,"Sector-12, Karnal - HSPCB",14-11-2025 21:00,29.6953,77.0027,PM10,101,210,149
Haryana,Karnal,"Sector-12, Karnal - HSPCB",14-11-2025 21:00,29.6953,77.0027,OZONE,26,26,26
Haryana,Faridabad,"Sector 30, Faridabad - HSPCB",14-11-2025 21:00,28.4417,77.3217,OZONE,17,20,18
Haryana,Fatehabad,"Huda Sector, Fatehabad - HSPCB",14-11-2025 21:00,29.503664,75.467934,PM10,159,427,340
Haryana,Gurugram,"NISE Gwal Pahari, Gurugram - IMD",14-11-2025 21:00,28.422681,77.148944,PM10,174,432,311
Haryana,Gurugram,"Sector-51, Gurugram - HSPCB",14-11-2025 21:00,28.4227,77.0667,NH3,6,10,8
Haryana,Gurugram,"Teri Gram, Gurugram - HSPCB",14-11-2025 21:00,28.4275,77.1465,CO,30,101,50
Haryana,Gurugram,"Vikas Sadan, Gurugram - HSPCB",14-11-2025 21:00,28.4501238,77.0263051,PM10,80,287,134
Haryana,Palwal,"Shyam Nagar, Palwal - HSPCB",14-11-2025 21:00,28.1485564,77.3320667,NO2,23,25,24
Haryana,Palwal,"Shyam Nagar, Palwal - HSPCB",14-11-2025 21:00,28.1485564,77.3320667,CO,27,29,28
Haryana,Panchgaon,"Amity University, Panchgaon - IITM",14-11-2025 21:00,28.3153,76.9143,PM10,NA,NA,NA
Haryana,Panchgaon,"Amity University, Panchgaon - IITM",14-11-2025 21:00,28.3153,76.9143,NO2,50,103,77
Haryana,Panchgaon,"Amity University, Panchgaon - IITM",14-11-2025 21:00,28.3153,76.9143,OZONE,1,69,69
Haryana,Panchkula,"Sector-6, Panchkula - HSPCB ",14-11-2025 21:00,30.7057778,76.85318056,OZONE,15,36,23
Haryana,Panipat,"Sector-18, Panipat - HSPCB",14-11-2025 21:00,29.432304,76.972765,NH3,2,3,3
Haryana,Kurukshetra,"Sector-7, Kurukshetra - HSPCB",14-11-2025 21:00,29.966942,76.875879,CO,34,84,50
Haryana,Mandikhera,"General Hospital, Mandikhera - HSPCB",14-11-2025 21:00,27.9002,76.9938,NO2,19,24,21
Haryana,Manesar,"Sector-2 IMT, Manesar - HSPCB",14-11-2025 21:00,28.360699,76.93609,NO2,66,78,72
Haryana,Manesar,"Sector-2 IMT, Manesar - HSPCB",14-11-2025 21:00,28.360699,76.93609,OZONE,7,36,22
Haryana,Narnaul,"Shastri Nagar, Narnaul - HSPCB",14-11-2025 21:00,28.060249,76.113115,NH3,3,8,5
Haryana,Charkhi Dadri,"Mini Secretariat, Charkhi Dadri - HSPCB",14-11-2025 21:00,28.593883,76.270653,OZONE,14,18,16
Haryana,Faridabad,"New Industrial Town, Faridabad - HSPCB",14-11-2025 21:00,28.39072,77.30059,PM10,188,198,194
Haryana,Faridabad,"Sector 11, Faridabad - HSPCB",14-11-2025 21:00,28.376058,77.315741,NO2,2,58,21
Haryana,Faridabad,"Sector 11, Faridabad - HSPCB",14-11-2025 21:00,28.376058,77.315741,OZONE,4,127,67
Haryana,Faridabad,"Sector 30, Faridabad - HSPCB",14-11-2025 21:00,28.4417,77.3217,PM2.5,205,254,222
Karnataka,Bengaluru,"BWSSB Kadabesanahalli, Bengaluru - CPCB",14-11-2025 21:00,12.9352049,77.6814488,PM2.5,57,61,60
Karnataka,Bengaluru,"City Railway Station, Bengaluru - KSPCB",14-11-2025 21:00,12.9756843,77.5660749,NO2,37,52,45
Karnataka,Bengaluru,"City Railway Station, Bengaluru - KSPCB",14-11-2025 21:00,12.9756843,77.5660749,CO,86,88,87
Karnataka,Bengaluru,"Hebbal, Bengaluru - KSPCB",14-11-2025 21:00,13.029152,77.585901,NO2,21,26,24
Karnataka,Bengaluru,"Hombegowda Nagar, Bengaluru - KSPCB",14-11-2025 21:00,12.938539,77.5901,PM10,NA,NA,NA
Jharkhand,Dhanbad,"Sardar Patel Nagar, Dhanbad - JSPCB",14-11-2025 21:00,23.80569,86.44268,PM10,62,194,112
Karnataka,Bagalkot,"Vidayagiri, Bagalkot - KSPCB",14-11-2025 21:00,16.172806,75.659694,PM2.5,35,36,35
Karnataka,Bagalkot,"Vidayagiri, Bagalkot - KSPCB",14-11-2025 21:00,16.172806,75.659694,PM10,52,54,53
Karnataka,Belgaum,"Ramteerth Nagar, Belgaum - KSPCB",14-11-2025 21:00,15.888653,74.541751,PM10,50,196,98
Karnataka,Tumakuru,"Thimmalapura, Tumakuru - KSPCB",14-11-2025 21:00,13.377516,77.099072,SO2,26,27,26
Karnataka,Tumakuru,"Thimmalapura, Tumakuru - KSPCB",14-11-2025 21:00,13.377516,77.099072,CO,52,54,54
Karnataka,Tumakuru,"Thimmalapura, Tumakuru - KSPCB",14-11-2025 21:00,13.377516,77.099072,OZONE,23,23,23
Karnataka,Udupi,"Brahmagiri, Udupi - KSPCB",14-11-2025 21:00,13.34194444,74.74694444,PM10,27,119,79
Karnataka,Udupi,"Brahmagiri, Udupi - KSPCB",14-11-2025 21:00,13.34194444,74.74694444,SO2,8,8,8
Karnataka,Udupi,"Brahmagiri, Udupi - KSPCB",14-11-2025 21:00,13.34194444,74.74694444,OZONE,8,8,8
Karnataka,Vijayapura,"Ibrahimpur, Vijayapura - KSPCB",14-11-2025 21:00,16.802639,75.722694,OZONE,14,17,16
Karnataka,Yadgir,"Collector Office, Yadgir - KSPCB",14-11-2025 21:00,16.7602,77.1428,SO2,7,18,14
Karnataka,Yadgir,"Collector Office, Yadgir - KSPCB",14-11-2025 21:00,16.7602,77.1428,OZONE,16,18,17
Kerala,Eloor,"Udyogamandal, Eloor - Kerala PCB",14-11-2025 21:00,10.073232,76.302765,SO2,1,1,1
Kerala,Kannur,"Thavakkara, Kannur - Kerala PCB",14-11-2025 21:00,11.875,75.3732,PM10,55,59,56
Kerala,Kannur,"Thavakkara, Kannur - Kerala PCB",14-11-2025 21:00,11.875,75.3732,NH3,2,2,2
Karnataka,Bengaluru,"RVCE-Mailasandra, Bengaluru - KSPCB",14-11-2025 21:00,12.921418,77.502466,CO,31,47,41
Karnataka,Bengaluru,"Sanegurava Halli, Bengaluru - KSPCB",14-11-2025 21:00,12.990328,77.5431385,NO2,20,21,20
Karnataka,Bengaluru,"Sanegurava Halli, Bengaluru - KSPCB",14-11-2025 21:00,12.990328,77.5431385,SO2,7,7,7
Karnataka,Bengaluru,"Shivapura_Peenya, Bengaluru - KSPCB",14-11-2025 21:00,13.0246342,77.5080115,SO2,9,11,10
Karnataka,Bengaluru,"Silk Board, Bengaluru - KSPCB",14-11-2025 21:00,12.917348,77.622813,NO2,10,18,13
Karnataka,Bengaluru,"Silk Board, Bengaluru - KSPCB",14-11-2025 21:00,12.917348,77.622813,SO2,7,9,8
Karnataka,Bengaluru,"Silk Board, Bengaluru - KSPCB",14-11-2025 21:00,12.917348,77.622813,CO,23,60,31
Karnataka,Bengaluru,"Silk Board, Bengaluru - KSPCB",14-11-2025 21:00,12.917348,77.622813,OZONE,12,21,12
Karnataka,Bidar,"Naubad, Bidar - KSPCB",14-11-2025 21:00,17.930306,77.482194,NH3,NA,NA,NA
Karnataka,Chamarajanagar,"Urban, Chamarajanagar - KSPCB",14-11-2025 21:00,11.55358,76.55521,PM2.5,21,52,34
Karnataka,Chamarajanagar,"Urban, Chamarajanagar - KSPCB",14-11-2025 21:00,11.55358,76.55521,NO2,14,36,26
Madhya Pradesh,Bhopal,"Idgah Hills, Bhopal - MPPCB",14-11-2025 21:00,23.264759,77.381568,CO,17,92,33
Madhya Pradesh,Bhopal,"Idgah Hills, Bhopal - MPPCB",14-11-2025 21:00,23.264759,77.381568,OZONE,28,118,87
Madhya Pradesh,Bhopal,"Paryavaran Parisar, Bhopal - MPPCB",14-11-2025 21:00,23.210494,77.425409,SO2,4,12,9
Madhya Pradesh,Bhopal,"Paryavaran Parisar, Bhopal - MPPCB",14-11-2025 21:00,23.210494,77.425409,CO,4,104,43
Madhya Pradesh,Bhopal,"Paryavaran Parisar, Bhopal - MPPCB",14-11-2025 21:00,23.210494,77.425409,OZONE,14,78,54
Madhya Pradesh,Bhopal,"T T Nagar, Bhopal - MPPCB",14-11-2025 21:00,23.233584,77.400574,CO,40,134,77
Madhya Pradesh,Bhopal,"T T Nagar, Bhopal - MPPCB",14-11-2025 21:00,23.233584,77.400574,OZONE,7,177,119
Madhya Pradesh,Dewas,"Bhopal Chauraha, Dewas - MPPCB",14-11-2025 21:00,22.9682591,76.064118,PM2.5,82,297,160
Madhya Pradesh,Dewas,"Bhopal Chauraha, Dewas - MPPCB",14-11-2025 21:00,22.9682591,76.064118,PM10,115,262,154
Karnataka,Chamarajanagar,"Urban, Chamarajanagar - KSPCB",14-11-2025 21:00,11.55358,76.55521,CO,15,120,24
Karnataka,Chikkamagaluru,"Kalyana Nagara, Chikkamagaluru - KSPCB",14-11-2025 21:00,13.328028,75.797056,SO2,6,6,6
Karnataka,Davanagere,"Devaraj Urs Badavane, Davanagere - KSPCB",14-11-2025 21:00,14.4758,75.9052,PM2.5,62,101,82
Karnataka,Davanagere,"Devaraj Urs Badavane, Davanagere - KSPCB",14-11-2025 21:00,14.4758,75.9052,NH3,2,4,3
Karnataka,Dharwad,"Kalabhavan, Dharwad - KSPCB",14-11-2025 21:00,15.459706,75.008381,NH3,5,6,6
Karnataka,Gadag,"Panchal Nagar, Gadag - KSPCB",14-11-2025 21:00,15.411456,75.638133,SO2,18,24,20
Karnataka,Mangalore,"Kadri, Mangalore - KSPCB",14-11-2025 21:00,12.88925,74.853,PM10,24,84,52
Karnataka,Mangalore,"Kadri, Mangalore - KSPCB",14-11-2025 21:00,12.88925,74.853,NO2,3,7,5
Karnataka,Mangalore,"Kadri, Mangalore - KSPCB",14-11-2025 21:00,12.88925,74.853,NH3,1,2,1
Karnataka,Mangalore,"Kadri, Mangalore - KSPCB",14-11-2025 21:00,12.88925,74.853,OZONE,23,43,28
Karnataka,Shivamogga,"Vinoba Nagara, Shivamogga - KSPCB",14-11-2025 21:00,13.94,75.555917,PM10,31,65,42
Karnataka,Tumakuru,"Thimmalapura, Tumakuru - KSPCB",14-11-2025 21:00,13.377516,77.099072,PM2.5,47,50,48
Kerala,Kannur,"Thavakkara, Kannur - Kerala PCB",14-11-2025 21:00,11.875,75.3732,CO,16,18,16
Kerala,Thiruvananthapuram,"Kariavattom, Thiruvananthapuram - Kerala PCB",14-11-2025 21:00,8.5637,76.8865,CO,18,54,32
Kerala,Thiruvananthapuram,"Plammoodu, Thiruvananthapuram - Kerala PCB",14-11-2025 21:00,8.5149093,76.9435879,NO2,NA,NA,NA
Kerala,Thrissur,"Corporation Ground, Thrissur - Kerala PCB",14-11-2025 21:00,10.5324,76.2159,PM2.5,NA,NA,NA
Kerala,Thrissur,"Corporation Ground, Thrissur - Kerala PCB",14-11-2025 21:00,10.5324,76.2159,SO2,NA,NA,NA
Madhya Pradesh,Dewas,"Bhopal Chauraha, Dewas - MPPCB",14-11-2025 21:00,22.9682591,76.064118,CO,14,46,31
Madhya Pradesh,Dewas,"Bhopal Chauraha, Dewas - MPPCB",14-11-2025 21:00,22.9682591,76.064118,OZONE,23,26,24
Madhya Pradesh,Gwalior,"City Center, Gwalior - MPPCB",14-11-2025 21:00,26.203442,78.193251,PM10,119,251,162
Madhya Pradesh,Gwalior,"Maharaj Bada, Gwalior - MPPCB",14-11-2025 21:00,26.200388,78.147714,PM10,96,311,172
Madhya Pradesh,Gwalior,"Maharaj Bada, Gwalior - MPPCB",14-11-2025 21:00,26.200388,78.147714,NO2,30,132,60
Karnataka,Hubballi,"Lingaraj Nagar, Hubballi - KSPCB",14-11-2025 21:00,15.3714823,75.1160168,PM10,56,139,64
Karnataka,Kalaburagi,"Lal Bahadur Shastri Nagar, Kalaburagi - KSPCB",14-11-2025 21:00,17.321993,76.822628,PM2.5,19,52,42
Karnataka,Kalaburagi,"Mahatma Basaveswar Colony, Kalaburgi - KSPCB",14-11-2025 21:00,17.336318,76.847397,PM10,25,71,43
Karnataka,Kalaburagi,"Mahatma Basaveswar Colony, Kalaburgi - KSPCB",14-11-2025 21:00,17.336318,76.847397,OZONE,14,28,19
Madhya Pradesh,Indore,"Regional Park, Indore - IMC",14-11-2025 21:00,22.678,75.8559,NH3,NA,NA,NA
Madhya Pradesh,Indore,"Regional Park, Indore - IMC",14-11-2025 21:00,22.678,75.8559,SO2,20,26,23
Madhya Pradesh,Indore,"Regional Park, Indore - IMC",14-11-2025 21:00,22.678,75.8559,OZONE,12,19,15
Madhya Pradesh,Jabalpur,"Gupteshwar, Jabalpur - JMC",14-11-2025 21:00,23.142888,79.916147,PM2.5,42,247,100
Maharashtra,Kolhapur,"Sinchan Bhavan, Kolhapur - MPCB",14-11-2025 21:00,16.7143745,74.2426398,PM10,64,197,122
Maharashtra,Kolhapur,"Sinchan Bhavan, Kolhapur - MPCB",14-11-2025 21:00,16.7143745,74.2426398,NO2,16,90,50
Maharashtra,Kolhapur,"Sinchan Bhavan, Kolhapur - MPCB",14-11-2025 21:00,16.7143745,74.2426398,CO,18,80,37
Maharashtra,Latur,"Sawe Wadi, Latur - MPCB",14-11-2025 21:00,18.39963,76.57452,SO2,1,8,3
Maharashtra,Mahad,"Kamble Tarf Birwadi, Mahad - MPCB",14-11-2025 21:00,18.1023399,73.4783687,PM2.5,49,236,102
Maharashtra,Mahad,"Kamble Tarf Birwadi, Mahad - MPCB",14-11-2025 21:00,18.1023399,73.4783687,NO2,8,43,21
Maharashtra,Mahad,"Kamble Tarf Birwadi, Mahad - MPCB",14-11-2025 21:00,18.1023399,73.4783687,NH3,3,5,4
Maharashtra,Malegaon,"Mahesh Nagar, Malegaon - MPCB",14-11-2025 21:00,20.555712,74.529236,PM10,NA,NA,NA
Maharashtra,Malegaon,"Mahesh Nagar, Malegaon - MPCB",14-11-2025 21:00,20.555712,74.529236,NH3,NA,NA,NA
Maharashtra,Mumbai,"Borivali East, Mumbai - MPCB",14-11-2025 21:00,19.2243333,72.8658113,PM2.5,NA,NA,NA
Maharashtra,Mumbai,"Byculla, Mumbai - BMC",14-11-2025 21:00,18.9767,72.838,PM10,56,102,72
Maharashtra,Mumbai,"Chakala-Andheri East, Mumbai - IITM",14-11-2025 21:00,19.11074,72.86084,NO2,36,166,90
Maharashtra,Mumbai,"Chakala-Andheri East, Mumbai - IITM",14-11-2025 21:00,19.11074,72.86084,SO2,1,20,7
Maharashtra,Mumbai,"Chakala-Andheri East, Mumbai - IITM",14-11-2025 21:00,19.11074,72.86084,CO,9,106,49
Maharashtra,Mumbai,"Chembur, Mumbai - MPCB",14-11-2025 21:00,19.0364585,72.8954371,PM2.5,149,268,190
Maharashtra,Mumbai,"Chembur, Mumbai - MPCB",14-11-2025 21:00,19.0364585,72.8954371,PM10,112,145,129
Maharashtra,Mumbai,"Chembur, Mumbai - MPCB",14-11-2025 21:00,19.0364585,72.8954371,CO,34,88,49
Maharashtra,Aurangabad,"Rachnakar Colony, Aurangabad - MPCB",14-11-2025 21:00,19.863756,75.321188,PM10,55,408,109
Maharashtra,Badlapur,"Katrap, Badlapur - MPCB",14-11-2025 21:00,19.16485,73.23409,PM2.5,59,250,106
Maharashtra,Badlapur,"Katrap, Badlapur - MPCB",14-11-2025 21:00,19.16485,73.23409,CO,22,73,42
Maharashtra,Belapur,"CBD Belapur, Belapur - MPCB",14-11-2025 21:00,19.0243902,73.0406721,PM2.5,85,241,153
Maharashtra,Belapur,"CBD Belapur, Belapur - MPCB",14-11-2025 21:00,19.0243902,73.0406721,NH3,NA,NA,NA
Maharashtra,Belapur,"CBD Belapur, Belapur - MPCB",14-11-2025 21:00,19.0243902,73.0406721,OZONE,1,71,55
Maharashtra,Bhiwandi,"Gokul Nagar, Bhiwandi - MPCB",14-11-2025 21:00,19.309073,73.057223,CO,23,54,31
Maharashtra,Mira-Bhayandar,"Bhayandar West, Mira-Bhayandar - MPCB",14-11-2025 21:00,19.296481,72.840923,SO2,1,5,2
Maharashtra,Mumbai,"Bandra Kurla Complex, Mumbai - IITM",14-11-2025 21:00,19.053536,72.84643,PM2.5,257,350,311
Maharashtra,Mumbai,"Bandra Kurla Complex, Mumbai - MPCB",14-11-2025 21:00,19.065931,72.862131,NO2,14,96,61
Maharashtra,Mumbai,"Bandra Kurla Complex, Mumbai - MPCB",14-11-2025 21:00,19.065931,72.862131,NH3,1,25,7
Maharashtra,Mumbai,"Bandra Kurla Complex, Mumbai - MPCB",14-11-2025 21:00,19.065931,72.862131,CO,2,57,30
Maharashtra,Mumbai,"Borivali East, Mumbai - IITM",14-11-2025 21:00,19.23241,72.86895,PM10,115,172,150
Maharashtra,Mumbai,"Borivali East, Mumbai - IITM",14-11-2025 21:00,19.23241,72.86895,NO2,32,101,55
Maharashtra,Ahmednagar,"Tarakpur, Ahmednagar - MPCB",14-11-2025 21:00,19.10122,74.73339,CO,60,110,85
Maharashtra,Akola,"Ramdaspeth, Akola - MPCB",14-11-2025 21:00,20.719516,77.000253,NO2,10,108,42
Maharashtra,Amravati,"Shivneri Colony, Amravati - MPCB",14-11-2025 21:00,20.9402359,77.7895248,PM10,85,192,120
Maharashtra,Amravati,"Shri Shivaji Science College, Amravati - MPCB",14-11-2025 21:00,20.939198,77.765701,PM2.5,60,157,105
Maharashtra,Aurangabad,"MIDC Chilkalthana, Aurangabad - MPCB",14-11-2025 21:00,19.87562,75.38731,CO,5,64,48
Madhya Pradesh,Pithampur,"Sector-2 Industrial Area, Pithampur - MPPCB",14-11-2025 21:00,22.624758,75.675238,SO2,NA,NA,NA
Madhya Pradesh,Pithampur,"Sector-2 Industrial Area, Pithampur - MPPCB",14-11-2025 21:00,22.624758,75.675238,CO,26,100,51
Madhya Pradesh,Ratlam,"Shasthri Nagar, Ratlam - IPCA Lab",14-11-2025 21:00,23.331731,75.045981,PM2.5,31,122,70
Madhya Pradesh,Satna,"Bandhavgar Colony, Satna - Birla Cement",14-11-2025 21:00,24.58434363,80.8549414,PM2.5,45,47,46
Madhya Pradesh,Satna,"Bandhavgar Colony, Satna - Birla Cement",14-11-2025 21:00,24.58434363,80.8549414,CO,21,98,34
Maharashtra,Jalgaon,"Prabhat Colony, Jalgaon - MPCB",14-11-2025 21:00,21.001264,75.565602,NH3,2,3,3
Maharashtra,Jalgaon,"Prabhat Colony, Jalgaon - MPCB",14-11-2025 21:00,21.001264,75.565602,CO,24,80,37
Maharashtra,Jalna,"Old MIDC, Jalna - MPCB",14-11-2025 21:00,19.854616,75.905894,PM2.5,49,83,65
Maharashtra,Jalna,"Old MIDC, Jalna - MPCB",14-11-2025 21:00,19.854616,75.905894,PM10,76,119,99
Maharashtra,Jalna,"Old MIDC, Jalna - MPCB",14-11-2025 21:00,19.854616,75.905894,CO,14,31,16
Maharashtra,Kalyan,"Khadakpada, Kalyan - MPCB",14-11-2025 21:00,19.25292,73.142019,NO2,36,36,36
Maharashtra,Chandrapur,"Chauhan Colony, Chandrapur - MPCB",14-11-2025 21:00,19.9629,79.298714,CO,11,38,24
Maharashtra,Chandrapur,"MIDC Khutala, Chandrapur - MPCB",14-11-2025 21:00,19.9775302,79.2337086,NH3,NA,NA,NA
Maharashtra,Chandrapur,"MIDC Khutala, Chandrapur - MPCB",14-11-2025 21:00,19.9775302,79.2337086,SO2,NA,NA,NA
Maharashtra,Dhule,"Deopur, Dhule - MPCB",14-11-2025 21:00,20.918946,74.776388,NH3,1,12,2
Maharashtra,Dhule,"Deopur, Dhule - MPCB",14-11-2025 21:00,20.918946,74.776388,SO2,7,17,11
Madhya Pradesh,Katni,"Gole Bazar, Katni - MPPCB",14-11-2025 21:00,23.50016,80.23284,OZONE,7,143,70
Maharashtra,Mumbai,"Chhatrapati Shivaji Intl. Airport (T2), Mumbai - MPCB",14-11-2025 21:00,19.10078,72.87462,NH3,1,1,1
Maharashtra,Mumbai,"Colaba, Mumbai - MPCB",14-11-2025 21:00,18.91,72.82,NH3,3,3,3
Maharashtra,Mumbai,"Colaba, Mumbai - MPCB",14-11-2025 21:00,18.91,72.82,OZONE,11,11,11
Maharashtra,Mumbai,"Deonar, Mumbai - IITM",14-11-2025 21:00,19.04946,72.923,SO2,4,13,8
Maharashtra,Mumbai,"Deonar, Mumbai - IITM",14-11-2025 21:00,19.04946,72.923,OZONE,1,54,38
Maharashtra,Mumbai,"Ghatkopar, Mumbai - BMC",14-11-2025 21:00,19.083694,72.920967,PM2.5,11,193,115
Maharashtra,Mumbai,"Ghatkopar, Mumbai - BMC",14-11-2025 21:00,19.083694,72.920967,PM10,NA,NA,NA
Maharashtra,Mumbai,"Ghatkopar, Mumbai - BMC",14-11-2025 21:00,19.083694,72.920967,SO2,3,23,7
Maharashtra,Mumbai,"Kandivali East, Mumbai - MPCB",14-11-2025 21:00,19.2058,72.8682,PM2.5,64,434,136
Maharashtra,Mumbai,"Kandivali East, Mumbai - MPCB",14-11-2025 21:00,19.2058,72.8682,NO2,6,12,8
Maharashtra,Nashik,"Gangapur Road, Nashik - MPCB",14-11-2025 21:00,20.0073285,73.7762427,OZONE,9,13,11
Maharashtra,Nashik,"Hirawadi, Nashik - MPCB",14-11-2025 21:00,20.021503,73.813844,PM2.5,91,209,141
Maharashtra,Nashik,"Hirawadi, Nashik - MPCB",14-11-2025 21:00,20.021503,73.813844,NH3,1,11,2
Maharashtra,Nashik,"Hirawadi, Nashik - MPCB",14-11-2025 21:00,20.021503,73.813844,SO2,1,46,11
Maharashtra,Nashik,"MIDC Ambad, Nashik - MPCB",14-11-2025 21:00,19.95022,73.73148,NO2,NA,NA,NA
Maharashtra,Nashik,"MIDC Ambad, Nashik - MPCB",14-11-2025 21:00,19.95022,73.73148,NH3,NA,NA,NA
Maharashtra,Nashik,"MIDC Ambad, Nashik - MPCB",14-11-2025 21:00,19.95022,73.73148,OZONE,31,82,58
Maharashtra,Navi Mumbai,"Kopripada-Vashi, Navi Mumbai - MPCB",14-11-2025 21:00,19.090337,73.014232,PM10,44,141,75
Maharashtra,Navi Mumbai,"Kopripada-Vashi, Navi Mumbai - MPCB",14-11-2025 21:00,19.090337,73.014232,NH3,2,11,5
Maharashtra,Mumbai,"Sion, Mumbai - MPCB",14-11-2025 21:00,19.047,72.8746,OZONE,6,13,9
Maharashtra,Mumbai,"Vasai West, Mumbai - MPCB",14-11-2025 21:00,19.3832,72.8204,PM10,60,140,96
Maharashtra,Mumbai,"Vile Parle West, Mumbai - MPCB",14-11-2025 21:00,19.10861,72.83622,CO,24,26,25
Maharashtra,Mumbai,"Worli, Mumbai - MPCB",14-11-2025 21:00,18.9936162,72.8128113,NH3,1,2,1
Maharashtra,Mumbai,"Worli, Mumbai - MPCB",14-11-2025 21:00,18.9936162,72.8128113,SO2,17,25,20
Maharashtra,Nagpur,"Ambazari, Nagpur - MPCB",14-11-2025 21:00,21.121801,79.04952,NH3,3,15,6
Maharashtra,Nagpur,"Ambazari, Nagpur - MPCB",14-11-2025 21:00,21.121801,79.04952,OZONE,2,117,75
Maharashtra,Mumbai,"Powai, Mumbai - MPCB",14-11-2025 21:00,19.1375,72.915056,SO2,25,29,28
Maharashtra,Mumbai,"Powai, Mumbai - MPCB",14-11-2025 21:00,19.1375,72.915056,OZONE,9,9,9
Maharashtra,Mumbai,"Sewri, Mumbai - BMC",14-11-2025 21:00,19.000084,72.85673,PM10,59,117,93
Maharashtra,Mumbai,"Sewri, Mumbai - BMC",14-11-2025 21:00,19.000084,72.85673,NO2,1,15,2
Maharashtra,Mumbai,"Shivaji Nagar, Mumbai - BMC",14-11-2025 21:00,19.060498,72.923356,SO2,11,23,16
Maharashtra,Mumbai,"Siddharth Nagar-Worli, Mumbai - IITM",14-11-2025 21:00,19.000083,72.813993,NH3,3,7,5
Maharashtra,Mumbai,"Sion, Mumbai - MPCB",14-11-2025 21:00,19.047,72.8746,PM2.5,43,425,215
Maharashtra,Mumbai,"Kandivali West, Mumbai - BMC",14-11-2025 21:00,19.215859,72.831718,PM2.5,75,170,108
Maharashtra,Mumbai,"Kherwadi_Bandra East, Mumbai - MPCB",14-11-2025 21:00,19.0632143,72.8456324,NO2,3,66,41
Maharashtra,Mumbai,"Kherwadi_Bandra East, Mumbai - MPCB",14-11-2025 21:00,19.0632143,72.8456324,CO,18,58,26
Maharashtra,Mumbai,"Khindipada-Bhandup West, Mumbai - IITM",14-11-2025 21:00,19.1653323,72.922099,CO,28,48,40
Maharashtra,Mumbai,"Kurla, Mumbai - MPCB",14-11-2025 21:00,19.0863,72.8888,PM10,91,141,110
Maharashtra,Mumbai,"Kurla, Mumbai - MPCB",14-11-2025 21:00,19.0863,72.8888,SO2,36,37,37
Maharashtra,Nagpur,"Mahal, Nagpur - MPCB",14-11-2025 21:00,21.14472,79.107595,PM10,90,206,134
Maharashtra,Nagpur,"Mahal, Nagpur - MPCB",14-11-2025 21:00,21.14472,79.107595,CO,36,143,62
Maharashtra,Nagpur,"Opp GPO Civil Lines, Nagpur - MPCB",14-11-2025 21:00,21.152875,79.0517531,NH3,1,5,2
Maharashtra,Nagpur,"Opp GPO Civil Lines, Nagpur - MPCB",14-11-2025 21:00,21.152875,79.0517531,CO,18,118,49
Maharashtra,Nagpur,"Ram Nagar, Nagpur - MPCB",14-11-2025 21:00,21.143383,79.048912,PM10,121,173,137
Maharashtra,Parbhani,"Masoom Colony, Parbhani - MPCB",14-11-2025 21:00,19.265594,76.761463,PM2.5,78,320,189
Maharashtra,Parbhani,"Masoom Colony, Parbhani - MPCB",14-11-2025 21:00,19.265594,76.761463,PM10,102,181,142
Maharashtra,Pimpri-Chinchwad,"Gavalinagar, Pimpri Chinchwad - MPCB",14-11-2025 21:00,18.63673,73.82487,PM10,115,293,162
Maharashtra,Pimpri-Chinchwad,"Savta Mali Nagar, Pimpri-Chinchwad - IITM",14-11-2025 21:00,18.614767,73.799516,PM2.5,51,298,189
Maharashtra,Navi Mumbai,"Mahape, Navi Mumbai - MPCB",14-11-2025 21:00,19.1135051,73.008978,OZONE,8,12,10
Maharashtra,Navi Mumbai,"Nerul, Navi Mumbai - MPCB",14-11-2025 21:00,19.008751,73.01662,PM2.5,90,307,197
Maharashtra,Navi Mumbai,"Nerul, Navi Mumbai - MPCB",14-11-2025 21:00,19.008751,73.01662,SO2,20,20,20
Maharashtra,Navi Mumbai,"Sector-2E Kalamboli, Navi Mumbai - MPCB",14-11-2025 21:00,19.02579,73.10297,NH3,6,30,15
Maharashtra,Mumbai,"Malad West, Mumbai - IITM",14-11-2025 21:00,19.19709,72.82204,NO2,32,121,79
Maharashtra,Mumbai,"Malad West, Mumbai - IITM",14-11-2025 21:00,19.19709,72.82204,OZONE,3,209,154
Maharashtra,Mumbai,"Mazgaon, Mumbai - IITM",14-11-2025 21:00,18.96702,72.84214,NO2,22,147,91
Maharashtra,Mumbai,"Mazgaon, Mumbai - IITM",14-11-2025 21:00,18.96702,72.84214,NH3,10,19,15
Odisha,Angul,"Hakimapada, Angul - OSPCB",14-11-2025 21:00,20.832874,85.104082,SO2,7,82,22
Odisha,Balasore,"Kalidaspur, Balasore - OSPCB",14-11-2025 21:00,21.51161,86.89088,CO,8,65,60
Odisha,Barbil,"Forest Office, Barbil - OSPCB",14-11-2025 21:00,22.1166054,85.3945546,PM10,76,201,126
Odisha,Baripada,"Meher Colony, Baripada - OSPCB",14-11-2025 21:00,21.941841,86.728318,PM10,114,153,134
Odisha,Baripada,"Meher Colony, Baripada - OSPCB",14-11-2025 21:00,21.941841,86.728318,SO2,5,12,9
Odisha,Bhubaneswar,"Lingraj Mandir, Bhubaneswar - OSPCB",14-11-2025 21:00,20.24079,85.836784,PM2.5,190,364,294
Odisha,Bhubaneswar,"Lingraj Mandir, Bhubaneswar - OSPCB",14-11-2025 21:00,20.24079,85.836784,PM10,120,416,189
Odisha,Bhubaneswar,"Lingraj Mandir, Bhubaneswar - OSPCB",14-11-2025 21:00,20.24079,85.836784,NO2,24,180,79
Odisha,Byasanagar,"Ferro Chrome Colony, Byasanagar - OSPCB",14-11-2025 21:00,20.94185,86.1151,NH3,2,3,2
Odisha,Cuttack,"CDA Area, Cuttack - OSPCB",14-11-2025 21:00,20.48891,85.84768,CO,44,143,72
Odisha,Keonjhar,"Jagamohanpur, Keonjhar - OSPCB",14-11-2025 21:00,21.6439,85.599355,PM10,115,246,149
Odisha,Keonjhar,"Jagamohanpur, Keonjhar - OSPCB",14-11-2025 21:00,21.6439,85.599355,NO2,24,52,38
Odisha,Nayagarh,"Dabuna, Nayagarh - OSPCB",14-11-2025 21:00,21.847279,85.416905,OZONE,10,44,27
Odisha,Rairangpur,"Divisional Forest Office, Rairangpur - OSPCB",14-11-2025 21:00,22.265816,86.174829,PM10,81,133,104
Odisha,Rairangpur,"Divisional Forest Office, Rairangpur - OSPCB",14-11-2025 21:00,22.265816,86.174829,SO2,7,12,8
Odisha,Rairangpur,"Divisional Forest Office, Rairangpur - OSPCB",14-11-2025 21:00,22.265816,86.174829,OZONE,17,43,34
Odisha,Talcher,"Talcher Coalfields,Talcher - OSPCB",14-11-2025 21:00,20.9360711,85.1707021,PM10,82,289,162
Odisha,Talcher,"Talcher Coalfields,Talcher - OSPCB",14-11-2025 21:00,20.9360711,85.1707021,SO2,29,84,59
Odisha,Tensa,"Barsua Iron Ore Mines, Tensa - OSPCB",14-11-2025 21:00,21.869985,85.167016,NH3,NA,NA,NA
Puducherry,Puducherry,"Jawahar Nagar, Puducherry - PPCC",14-11-2025 21:00,11.9309,79.8027,SO2,5,10,8
Maharashtra,Solapur,"Dnyaneshwar Nagar, Solapur - MPCB",14-11-2025 21:00,17.6336264,75.9132495,OZONE,39,86,63
Maharashtra,Solapur,"Ratandeep Housing Society, Solapur - MPCB",14-11-2025 21:00,17.65439,75.90649,PM10,87,126,101
Maharashtra,Solapur,"Ratandeep Housing Society, Solapur - MPCB",14-11-2025 21:00,17.65439,75.90649,NO2,12,101,38
Maharashtra,Thane,"Kasarvadavali, Thane - MPCB",14-11-2025 21:00,19.26777,72.97182,NH3,1,20,6
Maharashtra,Thane,"Upvan Fort, Thane - MPCB",14-11-2025 21:00,19.222279,72.957979,PM10,52,95,75
Maharashtra,Thane,"Upvan Fort, Thane - MPCB",14-11-2025 21:00,19.222279,72.957979,NO2,16,76,40
Punjab,Amritsar,"Golden Temple, Amritsar - PPCB",14-11-2025 21:00,31.62,74.876512,NH3,5,8,6
Punjab,Jalandhar,"Civil Line, Jalandhar - PPCB",14-11-2025 21:00,31.321907,75.578914,PM2.5,87,136,112
Punjab,Jalandhar,"Civil Line, Jalandhar - PPCB",14-11-2025 21:00,31.321907,75.578914,SO2,14,17,16
Punjab,Jalandhar,"Civil Line, Jalandhar - PPCB",14-11-2025 21:00,31.321907,75.578914,OZONE,43,52,45
Punjab,Khanna,"Kalal Majra, Khanna - PPCB",14-11-2025 21:00,30.736056,76.209694,PM10,105,245,160
Punjab,Khanna,"Kalal Majra, Khanna - PPCB",14-11-2025 21:00,30.736056,76.209694,CO,14,59,23
Maharashtra,Pune,"Panchawati_Pashan, Pune - IITM",14-11-2025 21:00,18.536457,73.805454,CO,20,54,29
Maharashtra,Pune,"Revenue Colony-Shivajinagar, Pune - IITM",14-11-2025 21:00,18.530085,73.849598,SO2,1,10,5
Maharashtra,Pune,"Revenue Colony-Shivajinagar, Pune - IITM",14-11-2025 21:00,18.530085,73.849598,OZONE,1,80,34
Maharashtra,Sangli,"Vijay Nagar, Sangli - MPCB",14-11-2025 21:00,16.5038,74.3623,PM10,113,225,160
Maharashtra,Sangli,"Vijay Nagar, Sangli - MPCB",14-11-2025 21:00,16.5038,74.3623,NO2,14,54,34
Maharashtra,Ulhasnagar,"Sidhi Vinayak Nagar, Ulhasnagar - MPCB",14-11-2025 21:00,19.235581,73.159121,NO2,9,32,22
Meghalaya,Shillong,"Lumpyngngad, Shillong - Meghalaya PCB",14-11-2025 21:00,25.5586,91.8985,NO2,NA,NA,NA
Nagaland,Kohima,"PWD Junction, Kohima - NPCB",14-11-2025 21:00,25.6635413,94.0989878,PM10,27,105,65
Nagaland,Kohima,"PWD Junction, Kohima - NPCB",14-11-2025 21:00,25.6635413,94.0989878,SO2,71,74,72
Odisha,Bhubaneswar,"Patia, Bhubaneswar - OSPCB",14-11-2025 21:00,20.34652,85.8163,PM10,124,310,192
Odisha,Bileipada,"Tata Township, Bileipada - OSPCB",14-11-2025 21:00,22.06156703,85.47409613,NH3,4,4,4
Odisha,Brajrajnagar,"GM Office, Brajrajnagar - OSPCB",14-11-2025 21:00,21.8004996,83.8396977,PM2.5,34,210,76
Odisha,Brajrajnagar,"GM Office, Brajrajnagar - OSPCB",14-11-2025 21:00,21.8004996,83.8396977,PM10,47,177,93
Maharashtra,Pimpri-Chinchwad,"Thergaon, Pimpri Chinchwad - MPCB",14-11-2025 21:00,18.616318,73.765797,NO2,22,74,36
Maharashtra,Pune,"Katraj Dairy, Pune - MPCB",14-11-2025 21:00,18.45445,73.854155,PM10,NA,NA,NA
Maharashtra,Pune,"Katraj Dairy, Pune - MPCB",14-11-2025 21:00,18.45445,73.854155,CO,NA,NA,NA
Maharashtra,Pune,"Mhada Colony, Pune - IITM",14-11-2025 21:00,18.57304,73.927715,PM2.5,32,154,76
Maharashtra,Pune,"Mhada Colony, Pune - IITM",14-11-2025 21:00,18.57304,73.927715,CO,10,121,46
Rajasthan,Dungarpur,"Bhoiwada, Dungarpur - RSPCB",14-11-2025 21:00,23.837789,73.714926,PM10,68,151,103
Rajasthan,Dungarpur,"Bhoiwada, Dungarpur - RSPCB",14-11-2025 21:00,23.837789,73.714926,NH3,5,15,7
Rajasthan,Dungarpur,"Bhoiwada, Dungarpur - RSPCB",14-11-2025 21:00,23.837789,73.714926,CO,2,93,25
Rajasthan,Hanumangarh,"Housing Board, Hanumangarh - RSPCB",14-11-2025 21:00,29.61075,74.283608,CO,28,155,155
Rajasthan,Jaipur,"Adarsh Nagar, Jaipur - RSPCB",14-11-2025 21:00,26.902909,75.836858,PM2.5,50,325,185
Rajasthan,Jaipur,"Mansarovar Sector-12, Jaipur - RSPCB",14-11-2025 21:00,26.843698,75.766894,PM2.5,28,358,190
Rajasthan,Jaipur,"Mansarovar Sector-12, Jaipur - RSPCB",14-11-2025 21:00,26.843698,75.766894,PM10,79,441,214
Rajasthan,Jaipur,"Mansarovar Sector-12, Jaipur - RSPCB",14-11-2025 21:00,26.843698,75.766894,SO2,3,13,7
Rajasthan,Jaipur,"Mansarovar Sector-12, Jaipur - RSPCB",14-11-2025 21:00,26.843698,75.766894,CO,32,144,67
Rajasthan,Jaipur,"Mansarovar Sector-12, Jaipur - RSPCB",14-11-2025 21:00,26.843698,75.766894,OZONE,1,151,77
Rajasthan,Jaipur,"Police Commissionerate, Jaipur - RSPCB",14-11-2025 21:00,26.9164092,75.7994901,PM2.5,72,312,167
Rajasthan,Jaipur,"Police Commissionerate, Jaipur - RSPCB",14-11-2025 21:00,26.9164092,75.7994901,PM10,51,189,121
Rajasthan,Jaipur,"RIICO Sitapura, Jaipur - RSPCB",14-11-2025 21:00,26.786682,75.827928,PM10,87,434,180
Rajasthan,Jaipur,"RIICO Sitapura, Jaipur - RSPCB",14-11-2025 21:00,26.786682,75.827928,OZONE,2,141,85
Rajasthan,Jaipur,"Sector-2 Murlipura, Jaipur - RSPCB",14-11-2025 21:00,26.960669,75.771817,PM2.5,22,206,89
Rajasthan,Jaipur,"Sector-2 Murlipura, Jaipur - RSPCB",14-11-2025 21:00,26.960669,75.771817,PM10,61,258,145
Rajasthan,Jaipur,"Sector-2 Murlipura, Jaipur - RSPCB",14-11-2025 21:00,26.960669,75.771817,NH3,2,31,9
Rajasthan,Jaipur,"Sector-2 Murlipura, Jaipur - RSPCB",14-11-2025 21:00,26.960669,75.771817,CO,24,82,46
Rajasthan,Jaipur,"Sector-2 Murlipura, Jaipur - RSPCB",14-11-2025 21:00,26.960669,75.771817,OZONE,10,100,66
Rajasthan,Jaipur,"Shastri Nagar, Jaipur - RSPCB",14-11-2025 21:00,26.9502929,75.730943,SO2,2,62,29
Rajasthan,Jaisalmer,"Sadar Bazar, Jaisalmer - RSPCB",14-11-2025 21:00,26.912329,70.909168,PM2.5,13,311,72
Rajasthan,Jaisalmer,"Sadar Bazar, Jaisalmer - RSPCB",14-11-2025 21:00,26.912329,70.909168,SO2,2,5,3
Rajasthan,Bundi,"New Colony, Bundi - RSPCB",14-11-2025 21:00,25.435774,75.644272,SO2,3,11,8
Rajasthan,Bundi,"New Colony, Bundi - RSPCB",14-11-2025 21:00,25.435774,75.644272,OZONE,31,131,98
Rajasthan,Chittorgarh,"Shastri Nagar, Chittorgarh - RSPCB",14-11-2025 21:00,24.892047,74.623527,NH3,1,4,3
Rajasthan,Chittorgarh,"Shastri Nagar, Chittorgarh - RSPCB",14-11-2025 21:00,24.892047,74.623527,SO2,1,136,27
Rajasthan,Churu,"Subash Chowk, Churu - RSPCB",14-11-2025 21:00,28.296139,74.961696,NH3,3,9,6
Rajasthan,Churu,"Subash Chowk, Churu - RSPCB",14-11-2025 21:00,28.296139,74.961696,SO2,3,25,10
Rajasthan,Dausa,"Khatikan Mohalla, Dausa - RSPCB",14-11-2025 21:00,26.895552,76.334753,PM2.5,42,372,170
Rajasthan,Dausa,"Khatikan Mohalla, Dausa - RSPCB",14-11-2025 21:00,26.895552,76.334753,PM10,87,371,176
Rajasthan,Dholpur,"Raja Ganj, Dholpur - RSPCB",14-11-2025 21:00,26.699557,77.898881,SO2,4,64,35
Rajasthan,Banswara,"Rati Talai, Banswara - RSPCB",14-11-2025 21:00,23.55519,74.44001,PM2.5,5,32,19
Rajasthan,Banswara,"Rati Talai, Banswara - RSPCB",14-11-2025 21:00,23.55519,74.44001,PM10,78,177,115
Rajasthan,Baran,"Bamboliya, Baran - RSPCB",14-11-2025 21:00,25.106006,76.469948,PM2.5,13,303,118
Rajasthan,Baran,"Bamboliya, Baran - RSPCB",14-11-2025 21:00,25.106006,76.469948,NO2,10,54,24
Rajasthan,Baran,"Bamboliya, Baran - RSPCB",14-11-2025 21:00,25.106006,76.469948,CO,20,69,26
Rajasthan,Barmer,"Railway Colony, Barmer - RSPCB",14-11-2025 21:00,25.747299,71.393989,PM10,62,189,99
Rajasthan,Barmer,"Railway Colony, Barmer - RSPCB",14-11-2025 21:00,25.747299,71.393989,SO2,6,14,8
Rajasthan,Bharatpur,"Krishna Nagar, Bharatpur - RSPCB",14-11-2025 21:00,27.215415,77.50873,PM10,86,330,158
Rajasthan,Bharatpur,"Krishna Nagar, Bharatpur - RSPCB",14-11-2025 21:00,27.215415,77.50873,SO2,6,16,10
Rajasthan,Bhilwara,"Pratap Nagar, Bhilwara - RSPCB",14-11-2025 21:00,25.339605,74.618883,SO2,6,32,17
Rajasthan,Bhilwara,"Pratap Nagar, Bhilwara - RSPCB",14-11-2025 21:00,25.339605,74.618883,OZONE,1,45,33
Rajasthan,Bhiwadi,"RIICO Ind. Area III, Bhiwadi - RSPCB",14-11-2025 21:00,28.194909,76.862296,CO,50,130,65
Rajasthan,Bhiwadi,"Vasundhara Nagar_UIT, Bhiwadi - RSPCB",14-11-2025 21:00,28.207266,76.829265,NO2,29,145,76
Rajasthan,Bikaner,"MM Ground, Bikaner - RSPCB",14-11-2025 21:00,28.018792,73.292658,PM2.5,20,345,169
Rajasthan,Bundi,"New Colony, Bundi - RSPCB",14-11-2025 21:00,25.435774,75.644272,PM2.5,35,103,64
Rajasthan,Bundi,"New Colony, Bundi - RSPCB",14-11-2025 21:00,25.435774,75.644272,PM10,65,163,98
Rajasthan,Karauli,"Satyawati Vihar, Karauli - RSPCB",14-11-2025 21:00,26.506177,77.025989,NO2,8,100,33
Rajasthan,Karauli,"Satyawati Vihar, Karauli - RSPCB",14-11-2025 21:00,26.506177,77.025989,NH3,6,13,10
Rajasthan,Karauli,"Satyawati Vihar, Karauli - RSPCB",14-11-2025 21:00,26.506177,77.025989,OZONE,6,107,72
Rajasthan,Kota,"Dhanmandi, Kota - RSPCB",14-11-2025 21:00,25.16409,75.858137,CO,5,107,25
Rajasthan,Kota,"Nayapura, Kota - RSPCB",14-11-2025 21:00,25.196024,75.855668,PM2.5,38,315,155
Rajasthan,Kota,"Shrinath Puram, Kota - RSPCB",14-11-2025 21:00,25.14389,75.821256,PM2.5,43,312,132
Rajasthan,Nagaur,"Karni Colony, Nagaur - RSPCB",14-11-2025 21:00,27.213494,73.734444,PM10,43,446,162
Rajasthan,Jodhpur,"Jhalamand, Jodhpur - RSPCB",14-11-2025 21:00,26.215415,73.070156,NH3,5,25,14
Rajasthan,Jodhpur,"Mandor, Jodhpur - RSPCB",14-11-2025 21:00,26.358805,73.047444,PM10,57,181,95
Rajasthan,Jodhpur,"Mandor, Jodhpur - RSPCB",14-11-2025 21:00,26.358805,73.047444,SO2,1,29,11
Rajasthan,Jodhpur,"Samrat Ashok Udhyan, Jodhpur - RSPCB",14-11-2025 21:00,26.253384,72.976571,CO,24,96,40
Punjab,Mandi Gobindgarh,"RIMT University, Mandi Gobindgarh - PPCB",14-11-2025 21:00,30.649961,76.331442,NO2,23,24,24
Punjab,Patiala,"Model Town, Patiala - PPCB",14-11-2025 21:00,30.349388,76.366642,OZONE,10,42,31
Rajasthan,Alwar,"Moti Doongri, Alwar - RSPCB",14-11-2025 21:00,27.554793,76.611536,NO2,61,86,70
Rajasthan,Jalore,"Mudtra Sili, Jalore - RSPCB",14-11-2025 21:00,25.344694,72.626208,OZONE,3,106,69
TamilNadu,Perundurai,"SIPCOT Industrial Park, Perundurai - TNPCB",14-11-2025 21:00,11.258242,77.552761,SO2,12,13,12
TamilNadu,Perundurai,"SIPCOT Industrial Park, Perundurai - TNPCB",14-11-2025 21:00,11.258242,77.552761,CO,10,22,19
TamilNadu,Pudukottai,"SIPCOT Nathampannai, Pudukottai - TNPCB",14-11-2025 21:00,10.423417,78.784889,NO2,16,25,20
TamilNadu,Pudukottai,"SIPCOT Nathampannai, Pudukottai - TNPCB",14-11-2025 21:00,10.423417,78.784889,SO2,12,14,13
TamilNadu,Ramanathapuram,"Chalai Bazaar, Ramanathapuram - TNPCB",14-11-2025 21:00,9.36399,78.831977,NO2,10,10,10
TamilNadu,Ramanathapuram,"Chalai Bazaar, Ramanathapuram - TNPCB",14-11-2025 21:00,9.36399,78.831977,OZONE,3,11,6
TamilNadu,Thanjavur,"Parisutham Nagar, Thanjavur - TNPCB",14-11-2025 21:00,10.7654824,79.1389968,PM2.5,52,73,63
TamilNadu,Thanjavur,"Parisutham Nagar, Thanjavur - TNPCB",14-11-2025 21:00,10.7654824,79.1389968,SO2,16,17,17
TamilNadu,Chennai,"Perungudi, Chennai - TNPCB",14-11-2025 21:00,12.9533,80.2357,PM2.5,66,150,87
TamilNadu,Chennai,"Perungudi, Chennai - TNPCB",14-11-2025 21:00,12.9533,80.2357,CO,28,84,53
TamilNadu,Chennai,"Velachery Res. Area, Chennai - CPCB",14-11-2025 21:00,13.0052189,80.2398125,PM10,102,118,109
TamilNadu,Chennai,"Velachery Res. Area, Chennai - CPCB",14-11-2025 21:00,13.0052189,80.2398125,CO,26,40,33
TamilNadu,Chennai,"Velachery Res. Area, Chennai - CPCB",14-11-2025 21:00,13.0052189,80.2398125,OZONE,5,9,8
TamilNadu,Coimbatore,"SIDCO Kurichi, Coimbatore - TNPCB",14-11-2025 21:00,10.942451,76.978996,PM2.5,92,253,134
TamilNadu,Coimbatore,"SIDCO Kurichi, Coimbatore - TNPCB",14-11-2025 21:00,10.942451,76.978996,NH3,1,1,1
TamilNadu,Cuddalore,"Kudikadu, Cuddalore - TNPCB",14-11-2025 21:00,11.6829898,79.7532099,NH3,1,5,3
Rajasthan,Pali,"Indira Colony Vistar, Pali - RSPCB",14-11-2025 21:00,25.771061,73.340227,PM10,72,169,97
Rajasthan,Pali,"Indira Colony Vistar, Pali - RSPCB",14-11-2025 21:00,25.771061,73.340227,SO2,7,13,10
Rajasthan,Pratapgarh,"Pragati Nagar, Pratapgarh - RSPCB",14-11-2025 21:00,24.041198,74.780702,PM2.5,32,123,55
Rajasthan,Pratapgarh,"Pragati Nagar, Pratapgarh - RSPCB",14-11-2025 21:00,24.041198,74.780702,CO,15,32,23
Rajasthan,Rajsamand,"Dhoinda, Rajsamand - RSPCB",14-11-2025 21:00,25.03636,73.883502,PM2.5,13,90,39
Rajasthan,Rajsamand,"Dhoinda, Rajsamand - RSPCB",14-11-2025 21:00,25.03636,73.883502,NH3,6,18,12
Rajasthan,Rajsamand,"Dhoinda, Rajsamand - RSPCB",14-11-2025 21:00,25.03636,73.883502,OZONE,12,73,60
Rajasthan,Sawai Madhopur,"Sahu Nagar, Sawai Madhopur - RSPCB",14-11-2025 21:00,26.031443,76.359327,NO2,7,36,18
TamilNadu,Dindigul,"Mendonsa Colony, Dindigul - TNPCB",14-11-2025 21:00,10.358535,77.984321,NH3,2,3,2
TamilNadu,Gummidipoondi,"Anthoni Pillai Nagar, Gummidipoondi - TNPCB",14-11-2025 21:00,13.4127,80.1081,PM2.5,100,413,219
TamilNadu,Gummidipoondi,"Anthoni Pillai Nagar, Gummidipoondi - TNPCB",14-11-2025 21:00,13.4127,80.1081,SO2,27,71,43
TamilNadu,Hosur,"SIPCOT Phase-1, Hosur - TNPCB",14-11-2025 21:00,12.746998,77.813811,OZONE,NA,NA,NA
TamilNadu,Kanchipuram,"Kilambi, Kanchipuram - TNPCB",14-11-2025 21:00,12.864618,79.659968,NO2,5,15,9
Sikkim,Gangtok,"Zero Point GICI, Gangtok - SSPCB",14-11-2025 21:00,27.33853,88.614099,NH3,1,3,1
Sikkim,Gangtok,"Zero Point GICI, Gangtok - SSPCB",14-11-2025 21:00,27.33853,88.614099,SO2,1,1,1
TamilNadu,Ariyalur,"Keelapalur, Ariyalur - TNPCB",14-11-2025 21:00,11.06825,79.07033,PM10,70,89,80
TamilNadu,Chennai,"Alandur Bus Depot, Chennai - CPCB",14-11-2025 21:00,12.9099161,80.1076538,NO2,25,40,29
TamilNadu,Chennai,"Arumbakkam, Chennai - TNPCB",14-11-2025 21:00,13.0664,80.2112,PM10,81,500,116
Rajasthan,Sikar,"Radhakishan Pura, Sikar - RSPCB",14-11-2025 21:00,27.608912,75.153302,OZONE,6,95,63
Rajasthan,Sirohi,"Vedhaynath Colony, Sirohi - RSPCB",14-11-2025 21:00,24.885261,72.857549,NH3,1,3,2
Rajasthan,Sirohi,"Vedhaynath Colony, Sirohi - RSPCB",14-11-2025 21:00,24.885261,72.857549,SO2,2,56,11
Rajasthan,Tonk,"Shastri Nagar, Tonk - RSPCB",14-11-2025 21:00,26.159933,75.780517,PM10,84,500,215
Rajasthan,Tonk,"Shastri Nagar, Tonk - RSPCB",14-11-2025 21:00,26.159933,75.780517,CO,8,126,50
Rajasthan,Tonk,"Shastri Nagar, Tonk - RSPCB",14-11-2025 21:00,26.159933,75.780517,OZONE,1,66,41
TamilNadu,Vellore,"Vasanthapuram, Vellore - TNPCB",14-11-2025 21:00,12.909494,79.131861,PM2.5,85,160,117
TamilNadu,Virudhunagar,"Collectorate Office, Virudhunagar - TNPCB",14-11-2025 21:00,9.559382,77.948828,PM2.5,32,159,74
Telangana,Hyderabad,"Bollaram Industrial Area, Hyderabad - TSPCB",14-11-2025 21:00,17.540891,78.358528,NO2,12,47,33
Telangana,Hyderabad,"ECIL Kapra, Hyderabad - TSPCB",14-11-2025 21:00,17.470431,78.566959,PM2.5,46,46,46
TamilNadu,Chennai,"Gandhi Nagar_Ennore, Chennai - TNPCB",14-11-2025 21:00,13.218341,80.32027,NO2,5,20,12
TamilNadu,Chennai,"Gandhi Nagar_Ennore, Chennai - TNPCB",14-11-2025 21:00,13.218341,80.32027,OZONE,2,26,16
TamilNadu,Chennai,"Kodungaiyur, Chennai - TNPCB",14-11-2025 21:00,13.1278,80.2642,PM2.5,76,178,110
TamilNadu,Chennai,"Manali Village, Chennai - TNPCB",14-11-2025 21:00,13.1662,80.2584,OZONE,25,41,28
TamilNadu,Chennai,"Manali, Chennai - CPCB",14-11-2025 21:00,13.164544,80.26285,PM2.5,58,237,110
TamilNadu,Karur,"Kamadenu Nagar, Karur - TNPCB",14-11-2025 21:00,10.96782,78.080882,OZONE,7,9,8
TamilNadu,Madurai,"Uchapatti, Madurai - TNPCB",14-11-2025 21:00,9.865935,78.022669,SO2,30,35,31
TamilNadu,Ooty,"Bombay Castel, Ooty - TNPCB",14-11-2025 21:00,11.4068288,76.7138973,NH3,NA,NA,NA
Uttar_Pradesh,Ghaziabad,"Sanjay Nagar, Ghaziabad - UPPCB",14-11-2025 21:00,28.685382,77.453839,PM10,223,500,340
Uttar_Pradesh,Ghaziabad,"Sanjay Nagar, Ghaziabad - UPPCB",14-11-2025 21:00,28.685382,77.453839,NO2,42,96,60
Uttar_Pradesh,Ghaziabad,"Vasundhara, Ghaziabad - UPPCB",14-11-2025 21:00,28.6603346,77.3572563,PM2.5,280,441,382
Uttar_Pradesh,Ghaziabad,"Vasundhara, Ghaziabad - UPPCB",14-11-2025 21:00,28.6603346,77.3572563,PM10,59,443,266
Uttar_Pradesh,Ghaziabad,"Vasundhara, Ghaziabad - UPPCB",14-11-2025 21:00,28.6603346,77.3572563,NO2,51,162,78
Uttar_Pradesh,Ghaziabad,"Vasundhara, Ghaziabad - UPPCB",14-11-2025 21:00,28.6603346,77.3572563,SO2,5,30,14
Uttar_Pradesh,Greater Noida,"Knowledge Park - III, Greater Noida - UPPCB",14-11-2025 21:00,28.47272,77.482,PM10,182,500,293
Telangana,Hyderabad,"ECIL Kapra, Hyderabad - TSPCB",14-11-2025 21:00,17.470431,78.566959,OZONE,8,52,17
Telangana,Hyderabad,"ICRISAT Patancheru, Hyderabad - TSPCB",14-11-2025 21:00,17.5184,78.278777,CO,20,53,26
Telangana,Hyderabad,"IDA Pashamylaram, Hyderabad - TSPCB",14-11-2025 21:00,17.5316895,78.218939,SO2,NA,NA,NA
Telangana,Hyderabad,"IITH Kandi, Hyderabad - TSPCB",14-11-2025 21:00,17.585705,78.126199,NO2,13,15,13
Telangana,Hyderabad,"Kokapet, Hyderabad - TSPCB",14-11-2025 21:00,17.393559,78.339194,NO2,10,14,12
Telangana,Hyderabad,"Kompally Municipal Office, Hyderabad - TSPCB",14-11-2025 21:00,17.544899,78.486949,NH3,2,4,3
Telangana,Hyderabad,"Kompally Municipal Office, Hyderabad - TSPCB",14-11-2025 21:00,17.544899,78.486949,CO,14,16,15
Telangana,Hyderabad,"Kompally Municipal Office, Hyderabad - TSPCB",14-11-2025 21:00,17.544899,78.486949,OZONE,18,41,39
Telangana,Hyderabad,"Nacharam_TSIIC IALA, Hyderabad - TSPCB",14-11-2025 21:00,17.429398,78.569354,PM2.5,41,53,45
Telangana,Hyderabad,"Nacharam_TSIIC IALA, Hyderabad - TSPCB",14-11-2025 21:00,17.429398,78.569354,OZONE,15,38,28
Telangana,Hyderabad,"Ramachandrapuram, Hyderabad - TSPCB",14-11-2025 21:00,17.528544,78.286195,NH3,2,3,2
Uttar_Pradesh,Greater Noida,"Knowledge Park - V, Greater Noida - UPPCB",14-11-2025 21:00,28.557054,77.453663,NH3,4,14,6
Uttar_Pradesh,Jhansi,"Shivaji Nagar, Jhansi - UPPCB",14-11-2025 21:00,25.4547,78.6039,SO2,12,16,14
Uttar_Pradesh,Jhansi,"Shivaji Nagar, Jhansi - UPPCB",14-11-2025 21:00,25.4547,78.6039,OZONE,1,9,4
Uttar_Pradesh,Kanpur,"FTI Kidwai Nagar, Kanpur - UPPCB",14-11-2025 21:00,26.428282,80.327067,PM10,75,223,151
Uttar_Pradesh,Kanpur,"FTI Kidwai Nagar, Kanpur - UPPCB",14-11-2025 21:00,26.428282,80.327067,OZONE,21,23,21
Uttar_Pradesh,Agra,"Rohta, Agra - UPPCB",14-11-2025 21:00,27.106972,78.000111,SO2,19,45,30
Uttar_Pradesh,Agra,"Sector-3B Avas Vikas Colony, Agra - UPPCB",14-11-2025 21:00,27.19412,77.96237,NO2,38,39,38
Uttar_Pradesh,Agra,"Sector-3B Avas Vikas Colony, Agra - UPPCB",14-11-2025 21:00,27.19412,77.96237,CO,22,104,40
Uttar_Pradesh,Agra,"Shastripuram, Agra - UPPCB",14-11-2025 21:00,27.19862,77.92066,PM2.5,53,195,115
Telangana,Hyderabad,"Sanathnagar, Hyderabad - TSPCB",14-11-2025 21:00,17.4559458,78.4332152,OZONE,13,16,15
Telangana,Hyderabad,"Somajiguda, Hyderabad - TSPCB",14-11-2025 21:00,17.417094,78.457437,NH3,3,5,4
Tripura,Agartala,"Bardowali, Agartala - Tripura SPCB",14-11-2025 21:00,23.8175497,91.2726974,NH3,2,3,2
Uttar_Pradesh,Ghaziabad,"Indirapuram, Ghaziabad - UPPCB",14-11-2025 21:00,28.646233,77.358075,NH3,12,34,18
Uttar_Pradesh,Ghaziabad,"Loni, Ghaziabad - UPPCB",14-11-2025 21:00,28.757294,77.278792,PM10,185,500,356
Uttar_Pradesh,Ghaziabad,"Loni, Ghaziabad - UPPCB",14-11-2025 21:00,28.757294,77.278792,NO2,32,176,99
Uttar_Pradesh,Ghaziabad,"Loni, Ghaziabad - UPPCB",14-11-2025 21:00,28.757294,77.278792,CO,36,118,84
Uttar_Pradesh,Baghpat,"Sardar Patel Inter College, Baghpat - UPPCB",14-11-2025 21:00,28.964949,77.278761,PM2.5,94,355,269
Uttar_Pradesh,Baghpat,"Sardar Patel Inter College, Baghpat - UPPCB",14-11-2025 21:00,28.964949,77.278761,SO2,25,69,49
Uttar_Pradesh,Bareilly,"Civil Lines, Bareilly - UPPCB",14-11-2025 21:00,28.359581,79.414455,NO2,2,3,2
Uttar_Pradesh,Bulandshahr,"Yamunapuram, Bulandshahr - UPPCB",14-11-2025 21:00,28.406963,77.849831,SO2,13,92,33
Uttar_Pradesh,Firozabad,"Nagla Bhau, Firozabad - UPPCB",14-11-2025 21:00,27.168897,78.37696,PM10,71,170,124
Uttar_Pradesh,Kanpur,"NSI Kalyanpur, Kanpur - UPPCB",14-11-2025 21:00,26.509954,80.249612,CO,50,94,62
Uttar_Pradesh,Kanpur,"NSI Kalyanpur, Kanpur - UPPCB",14-11-2025 21:00,26.509954,80.249612,OZONE,15,17,16
Uttar_Pradesh,Kanpur,"Nehru Nagar, Kanpur - UPPCB",14-11-2025 21:00,26.4703136,80.3229863,PM2.5,66,330,206
Uttar_Pradesh,Kanpur,"Nehru Nagar, Kanpur - UPPCB",14-11-2025 21:00,26.4703136,80.3229863,PM10,59,192,125
Uttar_Pradesh,Kanpur,"Nehru Nagar, Kanpur - UPPCB",14-11-2025 21:00,26.4703136,80.3229863,NO2,19,43,26
Uttar_Pradesh,Khurja,"Kalindi Kunj, Khurja - UPPCB",14-11-2025 21:00,28.2348927,77.8683002,PM2.5,265,356,328
Uttar_Pradesh,Khurja,"Kalindi Kunj, Khurja - UPPCB",14-11-2025 21:00,28.2348927,77.8683002,SO2,14,15,15
Uttar_Pradesh,Khurja,"Kalindi Kunj, Khurja - UPPCB",14-11-2025 21:00,28.2348927,77.8683002,CO,28,81,60
Uttar_Pradesh,Lucknow,"B R Ambedkar University, Lucknow - UPPCB",14-11-2025 21:00,26.766433,80.927299,PM10,87,257,160
Uttar_Pradesh,Lucknow,"B R Ambedkar University, Lucknow - UPPCB",14-11-2025 21:00,26.766433,80.927299,SO2,25,26,26
Uttar_Pradesh,Prayagraj,"Jhunsi, Prayagraj - UPPCB",14-11-2025 21:00,25.425602,81.917152,NO2,6,6,6
Uttar_Pradesh,Prayagraj,"Jhunsi, Prayagraj - UPPCB",14-11-2025 21:00,25.425602,81.917152,OZONE,14,62,29
Uttar_Pradesh,Prayagraj,"Motilal Nehru NIT, Prayagraj - UPPCB",14-11-2025 21:00,25.494,81.863,NH3,8,8,8
Uttar_Pradesh,Prayagraj,"Motilal Nehru NIT, Prayagraj - UPPCB",14-11-2025 21:00,25.494,81.863,CO,24,52,30
Uttar_Pradesh,Prayagraj,"Nagar Nigam, Prayagraj - UPPCB",14-11-2025 21:00,25.44919916,81.82735986,PM2.5,81,278,170
Uttar_Pradesh,Prayagraj,"Nagar Nigam, Prayagraj - UPPCB",14-11-2025 21:00,25.44919916,81.82735986,PM10,58,115,93
Uttar_Pradesh,Prayagraj,"Nagar Nigam, Prayagraj - UPPCB",14-11-2025 21:00,25.44919916,81.82735986,NH3,5,11,8
Uttar_Pradesh,Prayagraj,"Nagar Nigam, Prayagraj - UPPCB",14-11-2025 21:00,25.44919916,81.82735986,SO2,65,103,90
Uttar_Pradesh,Prayagraj,"Nagar Nigam, Prayagraj - UPPCB",14-11-2025 21:00,25.44919916,81.82735986,CO,36,94,48
Uttar_Pradesh,Varanasi,"Ardhali Bazar, Varanasi - UPPCB",14-11-2025 21:00,25.3505986,82.9083074,CO,NA,NA,NA
Uttar_Pradesh,Meerut,"Ganga Nagar, Meerut - UPPCB",14-11-2025 21:00,28.999264,77.7590354,CO,18,110,55
Uttar_Pradesh,Meerut,"Jai Bhim Nagar, Meerut - UPPCB",14-11-2025 21:00,28.9535882,77.7622941,NO2,20,148,65
Uttar_Pradesh,Meerut,"Pallavpuram Phase 2, Meerut - UPPCB",14-11-2025 21:00,29.06351,77.709723,CO,13,110,50
Uttar_Pradesh,Moradabad,"Buddhi Vihar, Moradabad - UPPCB",14-11-2025 21:00,28.83526,78.7446,PM2.5,47,229,124
Uttar_Pradesh,Moradabad,"Buddhi Vihar, Moradabad - UPPCB",14-11-2025 21:00,28.83526,78.7446,SO2,28,85,39
Uttar_Pradesh,Moradabad,"Buddhi Vihar, Moradabad - UPPCB",14-11-2025 21:00,28.83526,78.7446,CO,22,77,54
Uttar_Pradesh,Moradabad,"Buddhi Vihar, Moradabad - UPPCB",14-11-2025 21:00,28.83526,78.7446,OZONE,10,58,28
Uttar_Pradesh,Moradabad,"Eco Herbal Park, Moradabad - UPPCB",14-11-2025 21:00,28.840739,78.697531,NO2,7,17,13
Uttar_Pradesh,Varanasi,"Bhelupur, Varanasi - UPPCB",14-11-2025 21:00,25.301778,82.996789,CO,22,100,43
Uttar_Pradesh,Varanasi,"IESD Banaras Hindu University, Varanasi - UPPCB",14-11-2025 21:00,25.262326,82.995408,PM10,97,174,132
Uttar_Pradesh,Varanasi,"IESD Banaras Hindu University, Varanasi - UPPCB",14-11-2025 21:00,25.262326,82.995408,SO2,28,32,29
Uttar_Pradesh,Varanasi,"Maldahiya, Varanasi - UPPCB",14-11-2025 21:00,25.32393,82.99687,NO2,2,2,2
Uttar_Pradesh,Varanasi,"Maldahiya, Varanasi - UPPCB",14-11-2025 21:00,25.32393,82.99687,SO2,28,29,29
Uttar_Pradesh,Vrindavan,"Omex Eternity, Vrindavan - UPPCB",14-11-2025 21:00,27.571409,77.655757,SO2,11,19,14
Uttar_Pradesh,Vrindavan,"Omex Eternity, Vrindavan - UPPCB",14-11-2025 21:00,27.571409,77.655757,OZONE,15,16,15
Uttar_Pradesh,Lucknow,"Kukrail Picnic Spot-1, Lucknow - UPPCB",14-11-2025 21:00,26.90723,80.98579,PM10,101,189,145
Uttar_Pradesh,Lucknow,"Kukrail Picnic Spot-1, Lucknow - UPPCB",14-11-2025 21:00,26.90723,80.98579,NO2,30,33,32
Uttar_Pradesh,Lucknow,"Kukrail Picnic Spot-1, Lucknow - UPPCB",14-11-2025 21:00,26.90723,80.98579,OZONE,7,37,20
Uttar_Pradesh,Lucknow,"Lalbagh, Lucknow - CPCB",14-11-2025 21:00,26.8458805,80.9365541,PM2.5,17,312,183
Uttar_Pradesh,Lucknow,"Lalbagh, Lucknow - CPCB",14-11-2025 21:00,26.8458805,80.9365541,PM10,103,351,249
Uttar_Pradesh,Lucknow,"Talkatora District Industries Center, Lucknow - CPCB",14-11-2025 21:00,26.83399722,80.8917361,NH3,7,18,12
Uttarakhand,Kashipur,"Govt. Girls Inter College, Kashipur - UKPCB",14-11-2025 21:00,29.2124114,78.9611753,PM2.5,34,194,90
Uttarakhand,Kashipur,"Govt. Girls Inter College, Kashipur - UKPCB",14-11-2025 21:00,29.2124114,78.9611753,CO,26,36,30
Uttarakhand,Rishikesh,"Shivaji Nagar, Rishikesh - UKPCB",14-11-2025 21:00,30.075911,78.2859547,PM2.5,34,80,48
Uttarakhand,Rishikesh,"Shivaji Nagar, Rishikesh - UKPCB",14-11-2025 21:00,30.075911,78.2859547,NH3,4,9,6
West_Bengal,Asansol,"Asansol Court Area, Asansol - WBPCB",14-11-2025 21:00,23.685297,86.945968,SO2,14,45,21
Uttar_Pradesh,Moradabad,"Employment Office, Moradabad - UPPCB",14-11-2025 21:00,28.88528,78.7388,PM10,79,171,132
Uttar_Pradesh,Moradabad,"Employment Office, Moradabad - UPPCB",14-11-2025 21:00,28.88528,78.7388,NO2,15,17,16
Uttar_Pradesh,Moradabad,"Jigar Colony, Moradabad - UPPCB",14-11-2025 21:00,28.856664,78.772638,PM10,88,187,137
Uttar_Pradesh,Moradabad,"Jigar Colony, Moradabad - UPPCB",14-11-2025 21:00,28.856664,78.772638,OZONE,17,57,33
Uttar_Pradesh,Noida,"Sector - 62, Noida - IMD",14-11-2025 21:00,28.6245479,77.3577104,PM2.5,111,361,306
Uttar_Pradesh,Noida,"Sector-116, Noida - UPPCB",14-11-2025 21:00,28.56923,77.393848,PM10,263,457,329
Uttar_Pradesh,Noida,"Sector-116, Noida - UPPCB",14-11-2025 21:00,28.56923,77.393848,CO,10,116,66
Uttar_Pradesh,Moradabad,"Kashiram Nagar, Moradabad - UPPCB",14-11-2025 21:00,28.849399,78.742362,SO2,42,115,95
West_Bengal,Asansol,"Trivenidevi Bhalotia College, Asansol - WBPCB",14-11-2025 21:00,23.616515,87.119133,NO2,15,45,30
West_Bengal,Barrackpore,"SVSPA Campus, Barrackpore - WBPCB",14-11-2025 21:00,22.7605581,88.3617589,PM10,66,120,93
West_Bengal,Barrackpore,"SVSPA Campus, Barrackpore - WBPCB",14-11-2025 21:00,22.7605581,88.3617589,NO2,14,48,27
West_Bengal,Barrackpore,"SVSPA Campus, Barrackpore - WBPCB",14-11-2025 21:00,22.7605581,88.3617589,NH3,3,7,6
West_Bengal,Barrackpore,"SVSPA Campus, Barrackpore - WBPCB",14-11-2025 21:00,22.7605581,88.3617589,SO2,9,14,10
West_Bengal,Durgapur,"Mahishkapur Road_B-Zone, Durgapur - WBPCB",14-11-2025 21:00,23.567923,87.306843,NO2,11,59,33
West_Bengal,Durgapur,"Womens College_City Center, Durgapur - WBPCB (Formerly known as Sidhu Kanhu Indoor Stadium)",14-11-2025 21:00,23.549395,87.300496,PM2.5,65,217,119
West_Bengal,Durgapur,"Womens College_City Center, Durgapur - WBPCB (Formerly known as Sidhu Kanhu Indoor Stadium)",14-11-2025 21:00,23.549395,87.300496,NO2,27,41,31
West_Bengal,Haldia,"Priyambada Housing Estate, Haldia - WBPCB",14-11-2025 21:00,22.06047,88.109737,PM10,77,355,135
West_Bengal,Haldia,"Priyambada Housing Estate, Haldia - WBPCB",14-11-2025 21:00,22.06047,88.109737,NO2,17,69,26
West_Bengal,Howrah,"Belur Math, Howrah - WBPCB",14-11-2025 21:00,22.629801,88.352017,CO,19,84,44
West_Bengal,Howrah,"Botanical Garden, Howrah - WBPCB",14-11-2025 21:00,22.554954,88.292568,PM2.5,50,184,103
West_Bengal,Howrah,"Botanical Garden, Howrah - WBPCB",14-11-2025 21:00,22.554954,88.292568,PM10,55,135,94
West_Bengal,Howrah,"Botanical Garden, Howrah - WBPCB",14-11-2025 21:00,22.554954,88.292568,NH3,1,3,2
West_Bengal,Howrah,"Dasnagar, Howrah - WBPCB",14-11-2025 21:00,22.6025571,88.3105664,NH3,1,3,2
West_Bengal,Howrah,"Dasnagar, Howrah - WBPCB",14-11-2025 21:00,22.6025571,88.3105664,SO2,1,51,16
West_Bengal,Howrah,"Dasnagar, Howrah - WBPCB",14-11-2025 21:00,22.6025571,88.3105664,CO,30,101,64
West_Bengal,Howrah,"Ghusuri, Howrah - WBPCB",14-11-2025 21:00,22.611968,88.347422,CO,10,76,20
West_Bengal,Howrah,"Padmapukur, Howrah - WBPCB",14-11-2025 21:00,22.5687319,88.2797276,CO,2,72,27
West_Bengal,Kolkata,"Ballygunge, Kolkata - WBPCB",14-11-2025 21:00,22.5367507,88.3638022,NO2,27,67,48
West_Bengal,Kolkata,"Ballygunge, Kolkata - WBPCB",14-11-2025 21:00,22.5367507,88.3638022,NH3,7,13,9
West_Bengal,Kolkata,"Ballygunge, Kolkata - WBPCB",14-11-2025 21:00,22.5367507,88.3638022,OZONE,5,35,23
West_Bengal,Kolkata,"Bidhannagar, Kolkata - WBPCB",14-11-2025 21:00,22.58157048,88.41002457,SO2,7,12,9
West_Bengal,Kolkata,"Fort William, Kolkata - WBPCB",14-11-2025 21:00,22.55664,88.342674,CO,NA,NA,NA
West_Bengal,Kolkata,"Victoria, Kolkata - WBPCB",14-11-2025 21:00,22.5448082,88.3403691,NH3,4,5,4
West_Bengal,Kolkata,"Victoria, Kolkata - WBPCB",14-11-2025 21:00,22.5448082,88.3403691,CO,44,103,59
Bihar,Kishanganj,"SDM Office_Khagra, Kishanganj - BSPCB",14-11-2025 21:00,26.0881305,87.93840336,SO2,NA,NA,NA
Bihar,Kishanganj,"SDM Office_Khagra, Kishanganj - BSPCB",14-11-2025 21:00,26.0881305,87.93840336,OZONE,16,24,17
Bihar,Manguraha,"Forest Rest House, Manguraha - BSPCB",14-11-2025 21:00,27.308328,84.531742,NO2,3,12,5
Bihar,Motihari,"Gandak Colony, Motihari - BSPCB",14-11-2025 21:00,26.63086,84.90051,SO2,2,3,3
Bihar,Motihari,"Gandak Colony, Motihari - BSPCB",14-11-2025 21:00,26.63086,84.90051,CO,34,47,39
Bihar,Munger,"Town Hall, Munger - BSPCB",14-11-2025 21:00,25.376776,86.471523,PM10,64,126,91
Bihar,Muzaffarpur,"Buddha Colony, Muzaffarpur - BSPCB",14-11-2025 21:00,26.11442,85.39813,PM2.5,54,244,157
Bihar,Muzaffarpur,"Buddha Colony, Muzaffarpur - BSPCB",14-11-2025 21:00,26.11442,85.39813,PM10,41,122,92
Assam,Silchar,"Tarapur, Silchar - PCBA",14-11-2025 21:00,24.82827,92.79525,NO2,16,20,18
Assam,Silchar,"Tarapur, Silchar - PCBA",14-11-2025 21:00,24.82827,92.79525,OZONE,1,14,4
Assam,Sivasagar,"Girls College, Sivasagar - PCBA",14-11-2025 21:00,26.987634,94.636574,PM2.5,29,80,52
Assam,Sivasagar,"Girls College, Sivasagar - PCBA",14-11-2025 21:00,26.987634,94.636574,OZONE,1,77,49
Bihar,Araria,"Kharahiya Basti, Araria - BSPCB",14-11-2025 21:00,26.146529,87.454184,NH3,10,12,11
Bihar,Araria,"Kharahiya Basti, Araria - BSPCB",14-11-2025 21:00,26.146529,87.454184,CO,24,34,29
Bihar,Arrah,"New DM Office, Arrah - BSPCB",14-11-2025 21:00,25.5626095,84.663264,NO2,4,12,7
Bihar,Aurangabad,"Gurdeo Nagar, Aurangabad - BSPCB",14-11-2025 21:00,24.75746,84.366208,PM2.5,28,127,57
Bihar,Gaya,"Kareemganj, Gaya - BSPCB",14-11-2025 21:00,24.792403,84.992416,PM2.5,55,312,161
Bihar,Gaya,"Kareemganj, Gaya - BSPCB",14-11-2025 21:00,24.792403,84.992416,PM10,NA,NA,NA
Bihar,Gaya,"Kareemganj, Gaya - BSPCB",14-11-2025 21:00,24.792403,84.992416,NH3,4,6,5
Bihar,Gaya,"SFTI Kusdihra, Gaya - BSPCB",14-11-2025 21:00,24.762518,84.982348,SO2,8,10,9
Bihar,Hajipur,"Industrial Area, Hajipur - BSPCB",14-11-2025 21:00,25.697189,85.2459,PM2.5,58,315,205
Bihar,Hajipur,"Industrial Area, Hajipur - BSPCB",14-11-2025 21:00,25.697189,85.2459,NH3,4,11,8
Bihar,Hajipur,"Industrial Area, Hajipur - BSPCB",14-11-2025 21:00,25.697189,85.2459,CO,17,88,52
Bihar,Katihar,"Mirchaibari, Katihar - BSPCB",14-11-2025 21:00,25.560083,87.553265,PM10,53,116,80
Bihar,Katihar,"Mirchaibari, Katihar - BSPCB",14-11-2025 21:00,25.560083,87.553265,NO2,14,19,16
Bihar,Bhagalpur,"Mayaganj, Bhagalpur - BSPCB",14-11-2025 21:00,25.265194,87.012947,NH3,5,11,7
Bihar,Buxar,"Charitra Van, Buxar - BSPCB",14-11-2025 21:00,25.56752,83.966379,NH3,3,3,3
Bihar,Buxar,"Charitra Van, Buxar - BSPCB",14-11-2025 21:00,25.56752,83.966379,SO2,3,8,5
Bihar,Chhapra,"Darshan Nagar, Chhapra - BSPCB",14-11-2025 21:00,25.7808257,84.7446768,PM2.5,25,339,169
Bihar,Chhapra,"Darshan Nagar, Chhapra - BSPCB",14-11-2025 21:00,25.7808257,84.7446768,PM10,43,416,192
Bihar,Chhapra,"Darshan Nagar, Chhapra - BSPCB",14-11-2025 21:00,25.7808257,84.7446768,NO2,2,3,2
Bihar,Chhapra,"Darshan Nagar, Chhapra - BSPCB",14-11-2025 21:00,25.7808257,84.7446768,CO,4,14,9
Bihar,Gaya,"Collectorate, Gaya - BSPCB",14-11-2025 21:00,24.7955,84.9994,CO,32,93,54
Andhra_Pradesh,Visakhapatnam,"GVM Corporation, Visakhapatnam - APPCB",14-11-2025 21:00,17.72,83.3,PM2.5,173,319,234
Andhra_Pradesh,Visakhapatnam,"GVM Corporation, Visakhapatnam - APPCB",14-11-2025 21:00,17.72,83.3,NO2,16,176,81
Andhra_Pradesh,Visakhapatnam,"GVM Corporation, Visakhapatnam - APPCB",14-11-2025 21:00,17.72,83.3,NH3,3,4,3
Andhra_Pradesh,Visakhapatnam,"GVM Corporation, Visakhapatnam - APPCB",14-11-2025 21:00,17.72,83.3,CO,2,50,29
Assam,Guwahati,"IITG, Guwahati - PCBA",14-11-2025 21:00,26.2028636,91.70046436,PM10,49,242,109
Assam,Guwahati,"IITG, Guwahati - PCBA",14-11-2025 21:00,26.2028636,91.70046436,NO2,1,8,4
Assam,Guwahati,"IITG, Guwahati - PCBA",14-11-2025 21:00,26.2028636,91.70046436,CO,8,20,11
Assam,Guwahati,"IITG, Guwahati - PCBA",14-11-2025 21:00,26.2028636,91.70046436,OZONE,1,28,12
Andhra_Pradesh,Tirupati,"Vaikuntapuram, Tirupati - APPCB",14-11-2025 21:00,13.615387,79.40923,NO2,NA,NA,NA
Andhra_Pradesh,Tirupati,"Vaikuntapuram, Tirupati - APPCB",14-11-2025 21:00,13.615387,79.40923,OZONE,16,17,17
Andhra_Pradesh,Vijayawada,"HB Colony, Vijayawada - APPCB",14-11-2025 21:00,16.536107,80.594233,PM10,37,85,65
Andhra_Pradesh,Vijayawada,"HB Colony, Vijayawada - APPCB",14-11-2025 21:00,16.536107,80.594233,SO2,12,21,17
Andhra_Pradesh,Vijayawada,"Rajiv Gandhi Park, Vijayawada - APPCB",14-11-2025 21:00,16.509717,80.612222,SO2,13,20,16
Andhra_Pradesh,Vijayawada,"Rajiv Gandhi Park, Vijayawada - APPCB",14-11-2025 21:00,16.509717,80.612222,OZONE,26,74,57
Andhra_Pradesh,Chittoor,"Gangineni Cheruvu, Chittoor - APPCB",14-11-2025 21:00,13.20488,79.097889,CO,26,41,31
Andhra_Pradesh,Rajamahendravaram,"Anand Kala Kshetram, Rajamahendravaram - APPCB",14-11-2025 21:00,16.9872867,81.7363176,PM10,84,164,119
Andhra_Pradesh,Rajamahendravaram,"Anand Kala Kshetram, Rajamahendravaram - APPCB",14-11-2025 21:00,16.9872867,81.7363176,NH3,3,12,5
Andhra_Pradesh,Tirumala,"Toll Gate, Tirumala - APPCB",14-11-2025 21:00,13.67,79.35,PM10,76,92,86
Assam,Guwahati,"LGBI Airport, Guwahati - PCBA",14-11-2025 21:00,26.10887,91.589544,NH3,6,6,6
Assam,Guwahati,"Railway Colony, Guwahati - PCBA",14-11-2025 21:00,26.181742,91.78063,PM2.5,49,238,139
Assam,Nagaon,"Christianpatty, Nagaon - PCBA",14-11-2025 21:00,26.349082,92.68449,PM2.5,28,38,28
Bihar,Begusarai,"Lohiyanagar, Begusarai - BSPCB",14-11-2025 21:00,25.42742023,86.13886079,NH3,4,5,5
Bihar,Bettiah,"Kamalnath Nagar, Bettiah - BSPCB",14-11-2025 21:00,26.80365,84.51954,CO,57,112,85
Andaman and Nicobar,Sri Vijaya Puram,"Police Line, Sri Vijaya Puram - ANPCC",14-11-2025 21:00,11.654054,92.734055,NO2,NA,NA,NA
Chhattisgarh,Raipur,"Krishak Nagar, Raipur - CECB",14-11-2025 21:00,21.237755,81.705301,OZONE,2,16,11
Chhattisgarh,Raipur,"Siltara Phase-II, Raipur - CECB",14-11-2025 21:00,21.371751,81.664929,PM2.5,66,134,84
Chhattisgarh,Raipur,"Siltara Phase-II, Raipur - CECB",14-11-2025 21:00,21.371751,81.664929,PM10,87,157,122
Chhattisgarh,Raipur,"Siltara Phase-II, Raipur - CECB",14-11-2025 21:00,21.371751,81.664929,NH3,3,3,3
Chhattisgarh,Raipur,"Siltara Phase-II, Raipur - CECB",14-11-2025 21:00,21.371751,81.664929,CO,34,36,35
Chhattisgarh,Tumidih,"OP Jindal Industrial Park, Tumidih - CECB",14-11-2025 21:00,22.06631475,83.33820077,NH3,1,2,1
Delhi,Delhi,"Alipur, Delhi - DPCC",14-11-2025 21:00,28.815329,77.15301,NO2,70,142,94
Delhi,Delhi,"Alipur, Delhi - DPCC",14-11-2025 21:00,28.815329,77.15301,NH3,1,4,4
Delhi,Delhi,"Anand Vihar, Delhi - DPCC",14-11-2025 21:00,28.647622,77.315809,PM10,NA,NA,NA
Bihar,Rajgir,"Dangi Tola, Rajgir - BSPCB",14-11-2025 21:00,25.0328,85.41948,PM2.5,65,160,94
Bihar,Rajgir,"Dangi Tola, Rajgir - BSPCB",14-11-2025 21:00,25.0328,85.41948,NH3,6,7,6
Bihar,Saharsa,"Police Line, Saharsa - BSPCB",14-11-2025 21:00,25.892357,86.590325,NO2,6,8,7
Bihar,Saharsa,"Police Line, Saharsa - BSPCB",14-11-2025 21:00,25.892357,86.590325,SO2,16,18,17
Bihar,Saharsa,"Police Line, Saharsa - BSPCB",14-11-2025 21:00,25.892357,86.590325,OZONE,NA,NA,NA
Bihar,Samastipur,"DM Office_Kasipur, Samastipur - BSPCB",14-11-2025 21:00,25.859655,85.77944,NH3,NA,NA,NA
Bihar,Sasaram,"Dada Peer, Sasaram - BSPCB",14-11-2025 21:00,24.952822,84.002396,OZONE,16,17,16
Bihar,Siwan,"Chitragupta Nagar, Siwan - BSPCB",14-11-2025 21:00,26.2271665,84.3570427,PM2.5,NA,NA,NA
Bihar,Siwan,"Chitragupta Nagar, Siwan - BSPCB",14-11-2025 21:00,26.2271665,84.3570427,PM10,NA,NA,NA
Delhi,Delhi,"Anand Vihar, Delhi - DPCC",14-11-2025 21:00,28.647622,77.315809,OZONE,5,7,6
Delhi,Delhi,"Ashok Vihar, Delhi - DPCC",14-11-2025 21:00,28.695381,77.181665,PM2.5,312,469,400
Delhi,Delhi,"Ashok Vihar, Delhi - DPCC",14-11-2025 21:00,28.695381,77.181665,PM10,217,449,368
Delhi,Delhi,"Ashok Vihar, Delhi - DPCC",14-11-2025 21:00,28.695381,77.181665,CO,52,114,73
Delhi,Delhi,"Aya Nagar, Delhi - IMD",14-11-2025 21:00,28.4706914,77.1099364,PM2.5,314,387,348
Delhi,Delhi,"Aya Nagar, Delhi - IMD",14-11-2025 21:00,28.4706914,77.1099364,PM10,274,430,362
Delhi,Delhi,"Bawana, Delhi - DPCC",14-11-2025 21:00,28.7762,77.051074,PM2.5,317,500,427
Delhi,Delhi,"Bawana, Delhi - DPCC",14-11-2025 21:00,28.7762,77.051074,NH3,5,7,6
Delhi,Delhi,"Bawana, Delhi - DPCC",14-11-2025 21:00,28.7762,77.051074,OZONE,5,162,119
Bihar,Muzaffarpur,"MIT-Daudpur Kothi, Muzaffarpur - BSPCB",14-11-2025 21:00,26.1403345,85.3650192,PM2.5,85,103,94
Bihar,Patna,"DRM Office Danapur, Patna - BSPCB",14-11-2025 21:00,25.586562,85.043586,NO2,37,101,63
Bihar,Patna,"DRM Office Danapur, Patna - BSPCB",14-11-2025 21:00,25.586562,85.043586,CO,32,114,64
Bihar,Patna,"DRM Office Danapur, Patna - BSPCB",14-11-2025 21:00,25.586562,85.043586,OZONE,7,89,35
Bihar,Patna,"Govt. High School Shikarpur, Patna - BSPCB",14-11-2025 21:00,25.592539,85.227158,NO2,10,27,17
Bihar,Patna,"Govt. High School Shikarpur, Patna - BSPCB",14-11-2025 21:00,25.592539,85.227158,NH3,4,5,5
Bihar,Patna,"Govt. High School Shikarpur, Patna - BSPCB",14-11-2025 21:00,25.592539,85.227158,SO2,9,10,9
Bihar,Patna,"Govt. High School Shikarpur, Patna - BSPCB",14-11-2025 21:00,25.592539,85.227158,OZONE,8,12,9
Chhattisgarh,Korba,"Urja Nagar, Korba - CECB",14-11-2025 21:00,22.348441,82.549611,OZONE,35,36,36
Chhattisgarh,Kunjemura,"OP Jindal School, Kunjemura - CECB",14-11-2025 21:00,22.12665,83.483212,PM2.5,33,62,46
Chhattisgarh,Kunjemura,"OP Jindal School, Kunjemura - CECB",14-11-2025 21:00,22.12665,83.483212,OZONE,5,78,53
Chhattisgarh,Milupara,"Govt. Higher Secondary School, Milupara - CECB",14-11-2025 21:00,22.1910172,83.5197009,PM10,56,139,95
Chhattisgarh,Milupara,"Govt. Higher Secondary School, Milupara - CECB",14-11-2025 21:00,22.1910172,83.5197009,CO,16,42,25
Chhattisgarh,Raipur,"AIIMS, Raipur - CECB",14-11-2025 21:00,21.258815,81.578979,CO,28,74,36
Chhattisgarh,Bhilai,"Civic Center, Bhilai - Bhilai Steel Plant",14-11-2025 21:00,21.185571,81.343175,PM10,38,135,73
Chhattisgarh,Bhilai,"Civic Center, Bhilai - Bhilai Steel Plant",14-11-2025 21:00,21.185571,81.343175,SO2,6,12,8
Chhattisgarh,Chhal,"Nawapara SECL Colony, Chhal - CECB",14-11-2025 21:00,22.118125,83.140608,PM10,44,253,87
Chhattisgarh,Chhal,"Nawapara SECL Colony, Chhal - CECB",14-11-2025 21:00,22.118125,83.140608,CO,24,46,30
Chhattisgarh,Korba,"Rampur, Korba - CECB",14-11-2025 21:00,22.368195,82.746431,PM10,48,63,61
Delhi,Delhi,"CRRI Mathura Road, Delhi - IMD",14-11-2025 21:00,28.5512005,77.2735737,OZONE,12,125,62
Delhi,Delhi,"DTU, Delhi - CPCB",14-11-2025 21:00,28.7500499,77.1112615,CO,38,91,58
Delhi,Delhi,"Dr. Karni Singh Shooting Range, Delhi - DPCC",14-11-2025 21:00,28.498571,77.26484,CO,44,92,59
Delhi,Delhi,"Dr. Karni Singh Shooting Range, Delhi - DPCC",14-11-2025 21:00,28.498571,77.26484,OZONE,19,124,78
Bihar,Patna,"Muradpur, Patna - BSPCB",14-11-2025 21:00,25.619651,85.147382,SO2,8,10,9
Bihar,Patna,"Muradpur, Patna - BSPCB",14-11-2025 21:00,25.619651,85.147382,OZONE,4,40,30
Bihar,Patna,"Rajbansi Nagar, Patna - BSPCB",14-11-2025 21:00,25.599486,85.113666,SO2,7,8,7
Bihar,Patna,"Samanpura, Patna - BSPCB",14-11-2025 21:00,25.596727,85.085624,NH3,6,7,6
Chandigarh,Chandigarh,"Sector 22, Chandigarh - CPCC",14-11-2025 21:00,30.735567,76.775714,PM2.5,50,227,113
Chandigarh,Chandigarh,"Sector 22, Chandigarh - CPCC",14-11-2025 21:00,30.735567,76.775714,CO,58,94,71
Chandigarh,Chandigarh,"Sector-53, Chandigarh - CPCC",14-11-2025 21:00,30.719859,76.738637,PM10,55,149,101
Chandigarh,Chandigarh,"Sector-53, Chandigarh - CPCC",14-11-2025 21:00,30.719859,76.738637,NO2,19,143,68
Gujarat,Ahmedabad,"Rakhial, Ahmedabad - IITM",14-11-2025 21:00,23.016834,72.625775,NO2,7,344,63
Gujarat,Ahmedabad,"SAC ISRO Bopal, Ahmedabad - IITM",14-11-2025 21:00,23.041137,72.456691,SO2,NA,NA,NA
Gujarat,Ahmedabad,"SAC ISRO Bopal, Ahmedabad - IITM",14-11-2025 21:00,23.041137,72.456691,OZONE,3,66,40
Gujarat,Ahmedabad,"SAC ISRO Satellite, Ahmedabad - IITM",14-11-2025 21:00,23.023389,72.515201,NO2,20,163,79
Gujarat,Ahmedabad,"SAC ISRO Satellite, Ahmedabad - IITM",14-11-2025 21:00,23.023389,72.515201,SO2,1,25,8
Gujarat,Ahmedabad,"SAC ISRO Satellite, Ahmedabad - IITM",14-11-2025 21:00,23.023389,72.515201,OZONE,1,56,44
Gujarat,Ahmedabad,"SVPI Airport Hansol, Ahmedabad - IITM",14-11-2025 21:00,23.076793,72.627874,SO2,6,12,8
Gujarat,Ankleshwar,"GIDC, Ankleshwar - GPCB",14-11-2025 21:00,21.613267,73.010555,NH3,5,7,6
Delhi,Delhi,"Pusa, Delhi - IMD",14-11-2025 21:00,28.63611,77.173332,PM10,180,408,310
Delhi,Delhi,"Pusa, Delhi - IMD",14-11-2025 21:00,28.63611,77.173332,CO,6,121,48
Delhi,Delhi,"R K Puram, Delhi - DPCC",14-11-2025 21:00,28.563262,77.186937,NO2,40,167,103
Delhi,Delhi,"R K Puram, Delhi - DPCC",14-11-2025 21:00,28.563262,77.186937,NH3,5,6,5
Delhi,Delhi,"Rohini, Delhi - DPCC",14-11-2025 21:00,28.732528,77.11992,PM2.5,293,499,413
Delhi,Delhi,"Rohini, Delhi - DPCC",14-11-2025 21:00,28.732528,77.11992,SO2,7,18,11
Delhi,Delhi,"Rohini, Delhi - DPCC",14-11-2025 21:00,28.732528,77.11992,OZONE,5,249,145
Delhi,Delhi,"Shadipur, Delhi - CPCB",14-11-2025 21:00,28.6514781,77.1473105,PM10,190,438,343
Delhi,Delhi,"Lodhi Road, Delhi - IITM",14-11-2025 21:00,28.588333,77.221667,PM10,150,196,174
Delhi,Delhi,"Lodhi Road, Delhi - IITM",14-11-2025 21:00,28.588333,77.221667,SO2,9,31,17
Delhi,Delhi,"Lodhi Road, Delhi - IMD",14-11-2025 21:00,28.5918245,77.2273074,PM2.5,319,383,356
Delhi,Delhi,"Lodhi Road, Delhi - IMD",14-11-2025 21:00,28.5918245,77.2273074,NO2,25,77,46
Delhi,Delhi,"Mandir Marg, Delhi - DPCC",14-11-2025 21:00,28.636429,77.201067,NO2,5,90,54
Delhi,Delhi,"Mundka, Delhi - DPCC",14-11-2025 21:00,28.684678,77.076574,PM2.5,327,479,415
Delhi,Delhi,"Mundka, Delhi - DPCC",14-11-2025 21:00,28.684678,77.076574,CO,36,103,59
Gujarat,Ahmedabad,"Chandkheda, Ahmedabad - IITM",14-11-2025 21:00,23.107969,72.574648,PM10,98,335,155
Gujarat,Ahmedabad,"Chandkheda, Ahmedabad - IITM",14-11-2025 21:00,23.107969,72.574648,NH3,6,32,15
Gujarat,Ahmedabad,"Gyaspur, Ahmedabad - IITM",14-11-2025 21:00,22.977134,72.553024,CO,22,130,68
Gujarat,Ahmedabad,"Maninagar, Ahmedabad - GPCB",14-11-2025 21:00,23.002657,72.591912,PM10,75,191,119
Gujarat,Ahmedabad,"Raikhad, Ahmedabad - IITM",14-11-2025 21:00,23.020509,72.579261,SO2,10,28,18
Gujarat,Ahmedabad,"Rakhial, Ahmedabad - IITM",14-11-2025 21:00,23.016834,72.625775,PM2.5,66,323,147
Delhi,Delhi,"North Campus, DU, Delhi - IMD",14-11-2025 21:00,28.6573814,77.1585447,PM10,221,425,345
Delhi,Delhi,"North Campus, DU, Delhi - IMD",14-11-2025 21:00,28.6573814,77.1585447,OZONE,16,325,221
Delhi,Delhi,"Patparganj, Delhi - DPCC",14-11-2025 21:00,28.623763,77.287209,PM2.5,318,426,387
Delhi,Delhi,"Patparganj, Delhi - DPCC",14-11-2025 21:00,28.623763,77.287209,CO,40,116,63
Delhi,Delhi,"Punjabi Bagh, Delhi - DPCC",14-11-2025 21:00,28.674045,77.131023,OZONE,1,134,74
Delhi,Delhi,"Sonia Vihar, Delhi - DPCC",14-11-2025 21:00,28.710508,77.249485,PM10,183,439,361
Delhi,Delhi,"Sri Aurobindo Marg, Delhi - DPCC",14-11-2025 21:00,28.531346,77.190156,PM10,175,320,231
Delhi,Delhi,"Sri Aurobindo Marg, Delhi - DPCC",14-11-2025 21:00,28.531346,77.190156,CO,46,70,51
Delhi,Delhi,"Sri Aurobindo Marg, Delhi - DPCC",14-11-2025 21:00,28.531346,77.190156,OZONE,1,149,81
Delhi,Delhi,"Wazirpur, Delhi - DPCC",14-11-2025 21:00,28.699793,77.165453,SO2,12,26,20
Gujarat,Gandhinagar,"IIPHG Lekawada, Gandhinagar - IITM",14-11-2025 21:00,23.243639,72.68994,PM10,83,164,117
Gujarat,Gandhinagar,"IIPHG Lekawada, Gandhinagar - IITM",14-11-2025 21:00,23.243639,72.68994,SO2,2,8,4
Gujarat,Gandhinagar,"Sector-10, Gandhinagar - GPCB",14-11-2025 21:00,23.221714,72.654328,PM10,90,206,126
Gujarat,Surat,"Science Center, Surat - SMC",14-11-2025 21:00,21.170046,72.795405,CO,34,42,37
Delhi,Delhi,"ITO, Delhi - CPCB",14-11-2025 21:00,28.628624,77.24106,CO,56,108,77
Delhi,Delhi,"Jahangirpuri, Delhi - DPCC",14-11-2025 21:00,28.73282,77.170633,PM10,243,469,393
Delhi,Delhi,"Jahangirpuri, Delhi - DPCC",14-11-2025 21:00,28.73282,77.170633,SO2,13,66,33
Delhi,Delhi,"Jahangirpuri, Delhi - DPCC",14-11-2025 21:00,28.73282,77.170633,OZONE,6,115,70
Delhi,Delhi,"Nehru Nagar, Delhi - DPCC",14-11-2025 21:00,28.56789,77.250515,PM10,279,440,350
Delhi,Delhi,"Nehru Nagar, Delhi - DPCC",14-11-2025 21:00,28.56789,77.250515,NH3,8,13,10
Delhi,Delhi,"North Campus, DU, Delhi - IMD",14-11-2025 21:00,28.6573814,77.1585447,PM2.5,307,428,381
Haryana,Yamuna Nagar,"Gobind Pura, Yamuna Nagar - HSPCB",14-11-2025 21:00,30.1480566,77.2893471,NH3,10,10,10
Himachal Pradesh,Baddi,"HIMUDA Complex Phase-1, Baddi - HPPCB",14-11-2025 21:00,30.943887,76.801991,NH3,5,7,6
Himachal Pradesh,Baddi,"HIMUDA Complex Phase-1, Baddi - HPPCB",14-11-2025 21:00,30.943887,76.801991,CO,44,102,60
Jammu_and_Kashmir,Srinagar,"Rajbagh, Srinagar - JKSPCB",14-11-2025 21:00,34.066206,74.81982,PM2.5,31,385,138
Jammu_and_Kashmir,Srinagar,"Rajbagh, Srinagar - JKSPCB",14-11-2025 21:00,34.066206,74.81982,PM10,38,347,126
Jammu_and_Kashmir,Srinagar,"Rajbagh, Srinagar - JKSPCB",14-11-2025 21:00,34.066206,74.81982,SO2,3,4,3
Jharkhand,Dhanbad,"Sardar Patel Nagar, Dhanbad - JSPCB",14-11-2025 21:00,23.80569,86.44268,PM2.5,2,237,85
Jharkhand,Jorapokhar,"Tata Stadium, Jorapokhar - JSPCB",14-11-2025 21:00,23.707909,86.41467,PM10,NA,NA,NA
Karnataka,Bagalkot,"Vidayagiri, Bagalkot - KSPCB",14-11-2025 21:00,16.172806,75.659694,OZONE,10,16,16
Karnataka,Belgaum,"Ramteerth Nagar, Belgaum - KSPCB",14-11-2025 21:00,15.888653,74.541751,PM2.5,38,273,88
Karnataka,Belgaum,"Ramteerth Nagar, Belgaum - KSPCB",14-11-2025 21:00,15.888653,74.541751,NH3,8,11,9
Karnataka,Belgaum,"Ramteerth Nagar, Belgaum - KSPCB",14-11-2025 21:00,15.888653,74.541751,SO2,20,21,20
Karnataka,Belgaum,"Ramteerth Nagar, Belgaum - KSPCB",14-11-2025 21:00,15.888653,74.541751,CO,10,17,15
Karnataka,Bengaluru,"BTM Layout, Bengaluru - CPCB",14-11-2025 21:00,12.9135218,77.5950804,OZONE,20,24,23
Karnataka,Bengaluru,"BWSSB Kadabesanahalli, Bengaluru - CPCB",14-11-2025 21:00,12.9352049,77.6814488,PM10,136,500,222
Karnataka,Bengaluru,"BWSSB Kadabesanahalli, Bengaluru - CPCB",14-11-2025 21:00,12.9352049,77.6814488,NH3,4,5,5
Karnataka,Bengaluru,"BWSSB Kadabesanahalli, Bengaluru - CPCB",14-11-2025 21:00,12.9352049,77.6814488,CO,11,100,78
Karnataka,Bengaluru,"BWSSB Kadabesanahalli, Bengaluru - CPCB",14-11-2025 21:00,12.9352049,77.6814488,OZONE,29,29,29
Haryana,Mandikhera,"General Hospital, Mandikhera - HSPCB",14-11-2025 21:00,27.9002,76.9938,CO,80,101,88
Haryana,Manesar,"Sector-2 IMT, Manesar - HSPCB",14-11-2025 21:00,28.360699,76.93609,PM10,106,193,134
Haryana,Manesar,"Sector-2 IMT, Manesar - HSPCB",14-11-2025 21:00,28.360699,76.93609,CO,39,72,46
Haryana,Narnaul,"Shastri Nagar, Narnaul - HSPCB",14-11-2025 21:00,28.060249,76.113115,NO2,13,42,24
Haryana,Palwal,"Shyam Nagar, Palwal - HSPCB",14-11-2025 21:00,28.1485564,77.3320667,PM2.5,51,92,78
Haryana,Panchgaon,"Amity University, Panchgaon - IITM",14-11-2025 21:00,28.3153,76.9143,NH3,11,22,16
Haryana,Panchkula,"Sector-6, Panchkula - HSPCB ",14-11-2025 21:00,30.7057778,76.85318056,PM2.5,29,251,107
Haryana,Faridabad,"New Industrial Town, Faridabad - HSPCB",14-11-2025 21:00,28.39072,77.30059,CO,10,13,12
Haryana,Faridabad,"Sector 11, Faridabad - HSPCB",14-11-2025 21:00,28.376058,77.315741,SO2,2,46,15
Haryana,Faridabad,"Sector 11, Faridabad - HSPCB",14-11-2025 21:00,28.376058,77.315741,CO,14,72,39
Haryana,Fatehabad,"Huda Sector, Fatehabad - HSPCB",14-11-2025 21:00,29.503664,75.467934,CO,25,44,32
Haryana,Gurugram,"NISE Gwal Pahari, Gurugram - IMD",14-11-2025 21:00,28.422681,77.148944,NO2,26,58,41
Haryana,Gurugram,"Sector-51, Gurugram - HSPCB",14-11-2025 21:00,28.4227,77.0667,PM2.5,194,416,296
Haryana,Panipat,"Sector-18, Panipat - HSPCB",14-11-2025 21:00,29.432304,76.972765,CO,24,26,25
Haryana,Rohtak,"MD University, Rohtak - HSPCB",14-11-2025 21:00,28.52123,76.37138,PM10,2,440,173
Haryana,Sirsa,"F-Block, Sirsa - HSPCB",14-11-2025 21:00,29.5364,75.0158,PM2.5,NA,NA,NA
Haryana,Sirsa,"F-Block, Sirsa - HSPCB",14-11-2025 21:00,29.5364,75.0158,NH3,NA,NA,NA
Haryana,Sirsa,"F-Block, Sirsa - HSPCB",14-11-2025 21:00,29.5364,75.0158,CO,36,106,45
Haryana,Sonipat,"Murthal, Sonipat - HSPCB",14-11-2025 21:00,29.0272,77.0621,CO,36,38,37
Haryana,Gurugram,"Teri Gram, Gurugram - HSPCB",14-11-2025 21:00,28.4275,77.1465,NO2,5,43,20
Haryana,Gurugram,"Teri Gram, Gurugram - HSPCB",14-11-2025 21:00,28.4275,77.1465,SO2,NA,NA,NA
Haryana,Gurugram,"Teri Gram, Gurugram - HSPCB",14-11-2025 21:00,28.4275,77.1465,OZONE,5,88,65
Haryana,Gurugram,"Vikas Sadan, Gurugram - HSPCB",14-11-2025 21:00,28.4501238,77.0263051,PM2.5,88,350,187
Haryana,Gurugram,"Vikas Sadan, Gurugram - HSPCB",14-11-2025 21:00,28.4501238,77.0263051,SO2,3,8,5
Haryana,Jind,"Police Lines, Jind - HSPCB",14-11-2025 21:00,29.307814,76.337619,NO2,NA,NA,NA
Gujarat,Vatva,"Phase-4 GIDC, Vatva - GPCB",14-11-2025 21:00,22.969611,72.6435,SO2,28,42,33
Haryana,Ambala,"Patti Mehar, Ambala - HSPCB",14-11-2025 21:00,30.379589,76.778328,PM10,114,196,159
Haryana,Ambala,"Patti Mehar, Ambala - HSPCB",14-11-2025 21:00,30.379589,76.778328,NH3,9,12,10
Haryana,Ambala,"Patti Mehar, Ambala - HSPCB",14-11-2025 21:00,30.379589,76.778328,SO2,31,32,31
Haryana,Bahadurgarh,"Arya Nagar, Bahadurgarh - HSPCB",14-11-2025 21:00,28.6701,76.9254,OZONE,16,19,18
Haryana,Bhiwani,"H.B. Colony, Bhiwani - HSPCB",14-11-2025 21:00,28.806223,76.141105,PM2.5,315,408,343
Haryana,Charkhi Dadri,"Mini Secretariat, Charkhi Dadri - HSPCB",14-11-2025 21:00,28.593883,76.270653,NO2,9,23,15
Haryana,Charkhi Dadri,"Mini Secretariat, Charkhi Dadri - HSPCB",14-11-2025 21:00,28.593883,76.270653,CO,10,25,16
Haryana,Karnal,"Sector-12, Karnal - HSPCB",14-11-2025 21:00,29.6953,77.0027,PM2.5,117,336,243
Haryana,Karnal,"Sector-12, Karnal - HSPCB",14-11-2025 21:00,29.6953,77.0027,SO2,13,17,15
Haryana,Kurukshetra,"Sector-7, Kurukshetra - HSPCB",14-11-2025 21:00,29.966942,76.875879,NO2,16,23,19
Karnataka,Dharwad,"Kalabhavan, Dharwad - KSPCB",14-11-2025 21:00,15.459706,75.008381,PM10,71,84,77
Karnataka,Dharwad,"Kalabhavan, Dharwad - KSPCB",14-11-2025 21:00,15.459706,75.008381,CO,52,110,75
Karnataka,Gadag,"Panchal Nagar, Gadag - KSPCB",14-11-2025 21:00,15.411456,75.638133,PM2.5,12,27,18
Karnataka,Gadag,"Panchal Nagar, Gadag - KSPCB",14-11-2025 21:00,15.411456,75.638133,NO2,NA,NA,NA
Karnataka,Hubballi,"Lingaraj Nagar, Hubballi - KSPCB",14-11-2025 21:00,15.3714823,75.1160168,PM2.5,39,162,49
Karnataka,Hubballi,"Lingaraj Nagar, Hubballi - KSPCB",14-11-2025 21:00,15.3714823,75.1160168,OZONE,16,22,20
Karnataka,Kalaburagi,"Lal Bahadur Shastri Nagar, Kalaburagi - KSPCB",14-11-2025 21:00,17.321993,76.822628,NH3,1,1,1
Karnataka,Kalaburagi,"Lal Bahadur Shastri Nagar, Kalaburagi - KSPCB",14-11-2025 21:00,17.321993,76.822628,SO2,68,69,69
Karnataka,Kalaburagi,"Mahatma Basaveswar Colony, Kalaburgi - KSPCB",14-11-2025 21:00,17.336318,76.847397,NO2,9,18,14
Karnataka,Yadgir,"Collector Office, Yadgir - KSPCB",14-11-2025 21:00,16.7602,77.1428,NO2,17,51,27
Kerala,Eloor,"Udyogamandal, Eloor - Kerala PCB",14-11-2025 21:00,10.073232,76.302765,PM2.5,53,301,81
Kerala,Eloor,"Udyogamandal, Eloor - Kerala PCB",14-11-2025 21:00,10.073232,76.302765,PM10,47,124,59
Kerala,Kollam,"Polayathode, Kollam - Kerala PCB",14-11-2025 21:00,8.8787,76.6073,PM10,13,106,91
Kerala,Kollam,"Polayathode, Kollam - Kerala PCB",14-11-2025 21:00,8.8787,76.6073,NH3,1,1,1
Kerala,Thiruvananthapuram,"Kariavattom, Thiruvananthapuram - Kerala PCB",14-11-2025 21:00,8.5637,76.8865,PM2.5,32,43,38
Kerala,Thiruvananthapuram,"Kariavattom, Thiruvananthapuram - Kerala PCB",14-11-2025 21:00,8.5637,76.8865,PM10,48,56,52
Karnataka,Kalaburagi,"Mahatma Basaveswar Colony, Kalaburgi - KSPCB",14-11-2025 21:00,17.336318,76.847397,CO,32,64,51
Karnataka,Koppal,"Diwator Nagar, Koppal - KSPCB",14-11-2025 21:00,15.34763,76.181767,PM2.5,21,41,25
Karnataka,Koppal,"Diwator Nagar, Koppal - KSPCB",14-11-2025 21:00,15.34763,76.181767,NO2,33,39,36
Karnataka,Madikeri,"Stuart Hill, Madikeri - KSPCB",14-11-2025 21:00,12.415911,75.73505,PM10,27,44,35
Karnataka,Madikeri,"Stuart Hill, Madikeri - KSPCB",14-11-2025 21:00,12.415911,75.73505,SO2,7,7,7
Karnataka,Mysuru,"Hebbal 1st Stage, Mysuru - KSPCB",14-11-2025 21:00,12.21041,76.37376,PM2.5,34,85,52
Madhya Pradesh,Dewas,"Bhopal Chauraha, Dewas - MPPCB",14-11-2025 21:00,22.9682591,76.064118,NH3,2,3,2
Madhya Pradesh,Dewas,"Bhopal Chauraha, Dewas - MPPCB",14-11-2025 21:00,22.9682591,76.064118,SO2,3,56,32
Madhya Pradesh,Gwalior,"City Center, Gwalior - MPPCB",14-11-2025 21:00,26.203442,78.193251,NO2,21,101,39
Madhya Pradesh,Gwalior,"Deen Dayal Nagar, Gwalior - MPPCB",14-11-2025 21:00,26.259242,78.216432,PM10,106,428,213
Madhya Pradesh,Gwalior,"Deen Dayal Nagar, Gwalior - MPPCB",14-11-2025 21:00,26.259242,78.216432,NH3,5,13,8
Madhya Pradesh,Gwalior,"Deen Dayal Nagar, Gwalior - MPPCB",14-11-2025 21:00,26.259242,78.216432,OZONE,1,291,167
Karnataka,Bengaluru,"Kasturi Nagar, Bengaluru - KSPCB",14-11-2025 21:00,13.003872,77.664217,CO,30,59,52
Karnataka,Bengaluru,"RVCE-Mailasandra, Bengaluru - KSPCB",14-11-2025 21:00,12.921418,77.502466,SO2,5,6,6
Karnataka,Bengaluru,"Shivapura_Peenya, Bengaluru - KSPCB",14-11-2025 21:00,13.0246342,77.5080115,NO2,32,36,35
Karnataka,Bengaluru,"Shivapura_Peenya, Bengaluru - KSPCB",14-11-2025 21:00,13.0246342,77.5080115,NH3,4,5,5
Karnataka,Shivamogga,"Vinoba Nagara, Shivamogga - KSPCB",14-11-2025 21:00,13.94,75.555917,NO2,15,18,16
Karnataka,Shivamogga,"Vinoba Nagara, Shivamogga - KSPCB",14-11-2025 21:00,13.94,75.555917,SO2,3,6,4
Karnataka,Shivamogga,"Vinoba Nagara, Shivamogga - KSPCB",14-11-2025 21:00,13.94,75.555917,OZONE,37,74,57
Karnataka,Yadgir,"Collector Office, Yadgir - KSPCB",14-11-2025 21:00,16.7602,77.1428,PM2.5,56,144,83
Karnataka,Bengaluru,"Hombegowda Nagar, Bengaluru - KSPCB",14-11-2025 21:00,12.938539,77.5901,NH3,NA,NA,NA
Karnataka,Bengaluru,"Jayanagar 5th Block, Bengaluru - KSPCB",14-11-2025 21:00,12.920984,77.584908,PM10,99,137,117
Karnataka,Bengaluru,"Jayanagar 5th Block, Bengaluru - KSPCB",14-11-2025 21:00,12.920984,77.584908,CO,7,95,49
Karnataka,Bidar,"Naubad, Bidar - KSPCB",14-11-2025 21:00,17.930306,77.482194,NO2,NA,NA,NA
Karnataka,Chikkamagaluru,"Kalyana Nagara, Chikkamagaluru - KSPCB",14-11-2025 21:00,13.328028,75.797056,NH3,2,3,3
Karnataka,Chikkamagaluru,"Kalyana Nagara, Chikkamagaluru - KSPCB",14-11-2025 21:00,13.328028,75.797056,OZONE,24,58,46
Madhya Pradesh,Bhopal,"Idgah Hills, Bhopal - MPPCB",14-11-2025 21:00,23.264759,77.381568,NO2,16,82,30
Madhya Pradesh,Bhopal,"T T Nagar, Bhopal - MPPCB",14-11-2025 21:00,23.233584,77.400574,NO2,40,119,73
Madhya Pradesh,Mandideep,"Sector-D Industrial Area, Mandideep - MPPCB",14-11-2025 21:00,23.10844,77.511428,PM10,86,329,174
Madhya Pradesh,Pithampur,"Sector-2 Industrial Area, Pithampur - MPPCB",14-11-2025 21:00,22.624758,75.675238,PM10,NA,NA,NA
Madhya Pradesh,Ratlam,"Shasthri Nagar, Ratlam - IPCA Lab",14-11-2025 21:00,23.331731,75.045981,PM10,69,151,115
Madhya Pradesh,Ratlam,"Shasthri Nagar, Ratlam - IPCA Lab",14-11-2025 21:00,23.331731,75.045981,NO2,8,44,18
Madhya Pradesh,Ratlam,"Shasthri Nagar, Ratlam - IPCA Lab",14-11-2025 21:00,23.331731,75.045981,SO2,1,4,2
Madhya Pradesh,Sagar,"Civil Lines, Sagar - MPPCB",14-11-2025 21:00,23.838586,78.759431,NO2,9,80,21
Madhya Pradesh,Satna,"Bandhavgar Colony, Satna - Birla Cement",14-11-2025 21:00,24.58434363,80.8549414,NO2,30,47,35
Madhya Pradesh,Singrauli,"Suryakiran Bhawan NCL, Singrauli - MPPCB",14-11-2025 21:00,24.10897,82.64558,PM10,NA,NA,NA
Madhya Pradesh,Singrauli,"Suryakiran Bhawan NCL, Singrauli - MPPCB",14-11-2025 21:00,24.10897,82.64558,NO2,NA,NA,NA
Maharashtra,Ahmednagar,"Tarakpur, Ahmednagar - MPCB",14-11-2025 21:00,19.10122,74.73339,PM2.5,65,95,78
Maharashtra,Ahmednagar,"Tarakpur, Ahmednagar - MPCB",14-11-2025 21:00,19.10122,74.73339,OZONE,11,113,79
Maharashtra,Akola,"Ramdaspeth, Akola - MPCB",14-11-2025 21:00,20.719516,77.000253,NH3,6,30,8
Maharashtra,Akola,"Ramdaspeth, Akola - MPCB",14-11-2025 21:00,20.719516,77.000253,SO2,12,32,18
Maharashtra,Akola,"Ramdaspeth, Akola - MPCB",14-11-2025 21:00,20.719516,77.000253,CO,14,110,39
Maharashtra,Amravati,"Shivneri Colony, Amravati - MPCB",14-11-2025 21:00,20.9402359,77.7895248,SO2,12,17,13
Maharashtra,Mahad,"Kamble Tarf Birwadi, Mahad - MPCB",14-11-2025 21:00,18.1023399,73.4783687,OZONE,14,53,42
Maharashtra,Malegaon,"Mahesh Nagar, Malegaon - MPCB",14-11-2025 21:00,20.555712,74.529236,SO2,4,32,14
Maharashtra,Malegaon,"Mahesh Nagar, Malegaon - MPCB",14-11-2025 21:00,20.555712,74.529236,CO,40,48,44
Maharashtra,Mira-Bhayandar,"Bhayandar West, Mira-Bhayandar - MPCB",14-11-2025 21:00,19.296481,72.840923,PM2.5,65,146,97
Maharashtra,Mumbai,"Bandra Kurla Complex, Mumbai - IITM",14-11-2025 21:00,19.053536,72.84643,NH3,16,80,37
Maharashtra,Mumbai,"Bandra Kurla Complex, Mumbai - IITM",14-11-2025 21:00,19.053536,72.84643,OZONE,2,307,126
Maharashtra,Kalyan,"Pimpleshwar Mandir, Kalyan - MPCB",14-11-2025 21:00,19.192056,72.9585188,PM10,2,90,45
Maharashtra,Kalyan,"Pimpleshwar Mandir, Kalyan - MPCB",14-11-2025 21:00,19.192056,72.9585188,NH3,3,10,6
Maharashtra,Kalyan,"Pimpleshwar Mandir, Kalyan - MPCB",14-11-2025 21:00,19.192056,72.9585188,SO2,6,16,11
Maharashtra,Kolhapur,"Shivaji University, Kolhapur - MPCB",14-11-2025 21:00,16.6870449,74.2505872,PM2.5,70,154,106
Maharashtra,Kolhapur,"Shivaji University, Kolhapur - MPCB",14-11-2025 21:00,16.6870449,74.2505872,NH3,3,5,3
Maharashtra,Kolhapur,"Shivaji University, Kolhapur - MPCB",14-11-2025 21:00,16.6870449,74.2505872,SO2,3,6,5
Maharashtra,Latur,"Sawe Wadi, Latur - MPCB",14-11-2025 21:00,18.39963,76.57452,PM2.5,65,115,89
Maharashtra,Latur,"Sawe Wadi, Latur - MPCB",14-11-2025 21:00,18.39963,76.57452,NH3,2,16,8
Madhya Pradesh,Jabalpur,"Govindh Bhavan Colony, Jabalpur - JMC",14-11-2025 21:00,23.163174,79.973061,OZONE,12,126,57
Madhya Pradesh,Jabalpur,"Gupteshwar, Jabalpur - JMC",14-11-2025 21:00,23.142888,79.916147,NH3,6,12,9
Madhya Pradesh,Jabalpur,"Marhatal, Jabalpur - MPPCB",14-11-2025 21:00,23.168606,79.932247,PM2.5,83,399,200
Madhya Pradesh,Jabalpur,"Marhatal, Jabalpur - MPPCB",14-11-2025 21:00,23.168606,79.932247,NO2,16,175,64
Madhya Pradesh,Jabalpur,"Suhagi, Jabalpur - JMC",14-11-2025 21:00,23.218135,79.95777,PM2.5,80,388,197
Madhya Pradesh,Katni,"Gole Bazar, Katni - MPPCB",14-11-2025 21:00,23.50016,80.23284,NH3,4,5,5
Maharashtra,Amravati,"Shri Shivaji Science College, Amravati - MPCB",14-11-2025 21:00,20.939198,77.765701,CO,48,108,71
Maharashtra,Aurangabad,"MIDC Chilkalthana, Aurangabad - MPCB",14-11-2025 21:00,19.87562,75.38731,PM2.5,44,189,87
Maharashtra,Aurangabad,"MIDC Chilkalthana, Aurangabad - MPCB",14-11-2025 21:00,19.87562,75.38731,NH3,1,2,2
Maharashtra,Badlapur,"Katrap, Badlapur - MPCB",14-11-2025 21:00,19.16485,73.23409,PM10,98,187,124
Maharashtra,Badlapur,"Katrap, Badlapur - MPCB",14-11-2025 21:00,19.16485,73.23409,NH3,4,8,6
Maharashtra,Bhiwandi,"Gokul Nagar, Bhiwandi - MPCB",14-11-2025 21:00,19.309073,73.057223,PM10,81,170,138
Maharashtra,Bhiwandi,"Gokul Nagar, Bhiwandi - MPCB",14-11-2025 21:00,19.309073,73.057223,SO2,4,23,14
Maharashtra,Bhiwandi,"Gokul Nagar, Bhiwandi - MPCB",14-11-2025 21:00,19.309073,73.057223,OZONE,15,116,65
Maharashtra,Boisar,"Khaira, Boisar - MPCB",14-11-2025 21:00,19.786089,72.757971,CO,16,62,33
Maharashtra,Chandrapur,"Chauhan Colony, Chandrapur - MPCB",14-11-2025 21:00,19.9629,79.298714,SO2,30,31,30
Madhya Pradesh,Indore,"Airport Area, Indore - IMC",14-11-2025 21:00,22.7289,75.8076,SO2,21,22,21
Madhya Pradesh,Indore,"Chhoti Gwaltoli, Indore - MPPCB",14-11-2025 21:00,22.431,75.5213,NO2,95,196,144
Madhya Pradesh,Indore,"Chhoti Gwaltoli, Indore - MPPCB",14-11-2025 21:00,22.431,75.5213,NH3,1,9,5
Maharashtra,Jalgaon,"Prabhat Colony, Jalgaon - MPCB",14-11-2025 21:00,21.001264,75.565602,NO2,5,41,13
Maharashtra,Jalgaon,"Prabhat Colony, Jalgaon - MPCB",14-11-2025 21:00,21.001264,75.565602,OZONE,3,108,72
Maharashtra,Mumbai,"Mulund West, Mumbai - MPCB",14-11-2025 21:00,19.175,72.9419,PM10,107,147,123
Maharashtra,Mumbai,"Mulund West, Mumbai - MPCB",14-11-2025 21:00,19.175,72.9419,SO2,NA,NA,NA
Maharashtra,Mumbai,"Navy Nagar-Colaba, Mumbai - IITM",14-11-2025 21:00,18.897756,72.81332,PM10,125,187,153
Maharashtra,Mumbai,"Navy Nagar-Colaba, Mumbai - IITM",14-11-2025 21:00,18.897756,72.81332,NO2,30,214,103
Maharashtra,Mumbai,"Powai, Mumbai - MPCB",14-11-2025 21:00,19.1375,72.915056,PM2.5,81,160,118
Maharashtra,Mumbai,"Powai, Mumbai - MPCB",14-11-2025 21:00,19.1375,72.915056,NH3,1,2,2
Maharashtra,Mumbai,"Shivaji Nagar, Mumbai - BMC",14-11-2025 21:00,19.060498,72.923356,PM2.5,132,305,197
Maharashtra,Mumbai,"Shivaji Nagar, Mumbai - BMC",14-11-2025 21:00,19.060498,72.923356,NH3,2,12,4
Maharashtra,Mumbai,"Shivaji Nagar, Mumbai - BMC",14-11-2025 21:00,19.060498,72.923356,CO,2,101,12
Maharashtra,Mumbai,"Shivaji Nagar, Mumbai - BMC",14-11-2025 21:00,19.060498,72.923356,OZONE,1,137,92
Maharashtra,Mumbai,"Khindipada-Bhandup West, Mumbai - IITM",14-11-2025 21:00,19.1653323,72.922099,NH3,1,3,3
Maharashtra,Mumbai,"Khindipada-Bhandup West, Mumbai - IITM",14-11-2025 21:00,19.1653323,72.922099,SO2,5,20,14
Maharashtra,Mumbai,"Khindipada-Bhandup West, Mumbai - IITM",14-11-2025 21:00,19.1653323,72.922099,OZONE,14,99,70
Maharashtra,Mumbai,"Kurla, Mumbai - MPCB",14-11-2025 21:00,19.0863,72.8888,NO2,5,11,7
Maharashtra,Mumbai,"Kurla, Mumbai - MPCB",14-11-2025 21:00,19.0863,72.8888,NH3,1,3,2
Maharashtra,Mumbai,"Malad West, Mumbai - IITM",14-11-2025 21:00,19.19709,72.82204,NH3,5,16,9
Maharashtra,Mumbai,"Mazgaon, Mumbai - IITM",14-11-2025 21:00,18.96702,72.84214,CO,4,110,51
Maharashtra,Mumbai,"Mindspace-Malad West, Mumbai - MPCB",14-11-2025 21:00,19.1878657,72.8304069,PM2.5,80,148,111
Maharashtra,Nanded,"Sneh Nagar, Nanded - MPCB",14-11-2025 21:00,19.173852,77.296291,SO2,1,2,2
Maharashtra,Nashik,"Hirawadi, Nashik - MPCB",14-11-2025 21:00,20.021503,73.813844,PM10,105,154,127
Maharashtra,Nashik,"MIDC Ambad, Nashik - MPCB",14-11-2025 21:00,19.95022,73.73148,SO2,NA,NA,NA
Maharashtra,Nashik,"Pandav Nagari, Nashik - MPCB",14-11-2025 21:00,19.9591346,73.7788008,PM10,87,153,110
Maharashtra,Nashik,"Pandav Nagari, Nashik - MPCB",14-11-2025 21:00,19.9591346,73.7788008,NO2,8,46,17
Maharashtra,Mumbai,"Siddharth Nagar-Worli, Mumbai - IITM",14-11-2025 21:00,19.000083,72.813993,PM10,104,152,123
Maharashtra,Mumbai,"Siddharth Nagar-Worli, Mumbai - IITM",14-11-2025 21:00,19.000083,72.813993,CO,17,78,25
Maharashtra,Mumbai,"Vasai West, Mumbai - MPCB",14-11-2025 21:00,19.3832,72.8204,SO2,9,56,11
Maharashtra,Mumbai,"Vasai West, Mumbai - MPCB",14-11-2025 21:00,19.3832,72.8204,OZONE,11,30,19
Maharashtra,Mumbai,"Vile Parle West, Mumbai - MPCB",14-11-2025 21:00,19.10861,72.83622,NO2,6,30,26
Maharashtra,Nashik,"Pandav Nagari, Nashik - MPCB",14-11-2025 21:00,19.9591346,73.7788008,OZONE,7,78,57
Maharashtra,Navi Mumbai,"Kopripada-Vashi, Navi Mumbai - MPCB",14-11-2025 21:00,19.090337,73.014232,SO2,14,25,18
Maharashtra,Navi Mumbai,"Kopripada-Vashi, Navi Mumbai - MPCB",14-11-2025 21:00,19.090337,73.014232,CO,15,58,29
Maharashtra,Navi Mumbai,"Mahape, Navi Mumbai - MPCB",14-11-2025 21:00,19.1135051,73.008978,SO2,24,27,25
Maharashtra,Navi Mumbai,"Mahape, Navi Mumbai - MPCB",14-11-2025 21:00,19.1135051,73.008978,CO,22,25,17
Maharashtra,Mumbai,"Worli, Mumbai - MPCB",14-11-2025 21:00,18.9936162,72.8128113,OZONE,20,20,20
Maharashtra,Nagpur,"Ambazari, Nagpur - MPCB",14-11-2025 21:00,21.121801,79.04952,PM10,106,134,118
Maharashtra,Nagpur,"Opp GPO Civil Lines, Nagpur - MPCB",14-11-2025 21:00,21.152875,79.0517531,PM2.5,102,266,183
Maharashtra,Nagpur,"Ram Nagar, Nagpur - MPCB",14-11-2025 21:00,21.143383,79.048912,CO,22,107,36
Maharashtra,Mumbai,"Bandra Kurla Complex, Mumbai - MPCB",14-11-2025 21:00,19.065931,72.862131,PM2.5,102,195,147
Maharashtra,Mumbai,"Bandra Kurla Complex, Mumbai - MPCB",14-11-2025 21:00,19.065931,72.862131,SO2,4,9,6
Maharashtra,Mumbai,"Borivali East, Mumbai - IITM",14-11-2025 21:00,19.23241,72.86895,OZONE,23,155,105
Maharashtra,Mumbai,"Borivali East, Mumbai - MPCB",14-11-2025 21:00,19.2243333,72.8658113,CO,6,6,6
Maharashtra,Mumbai,"Chakala-Andheri East, Mumbai - IITM",14-11-2025 21:00,19.11074,72.86084,NH3,7,42,17
Maharashtra,Mumbai,"Chembur, Mumbai - MPCB",14-11-2025 21:00,19.0364585,72.8954371,NO2,15,108,49
Maharashtra,Mumbai,"Chembur, Mumbai - MPCB",14-11-2025 21:00,19.0364585,72.8954371,NH3,2,3,2
Maharashtra,Mumbai,"Deonar, Mumbai - IITM",14-11-2025 21:00,19.04946,72.923,PM2.5,71,263,167
Maharashtra,Mumbai,"Ghatkopar, Mumbai - BMC",14-11-2025 21:00,19.083694,72.920967,OZONE,3,139,68
Maharashtra,Mumbai,"Kandivali East, Mumbai - MPCB",14-11-2025 21:00,19.2058,72.8682,SO2,NA,NA,NA
Maharashtra,Mumbai,"Kandivali West, Mumbai - BMC",14-11-2025 21:00,19.215859,72.831718,PM10,65,121,89
Maharashtra,Mumbai,"Kandivali West, Mumbai - BMC",14-11-2025 21:00,19.215859,72.831718,OZONE,3,74,65
Maharashtra,Navi Mumbai,"Sector-2E Kalamboli, Navi Mumbai - MPCB",14-11-2025 21:00,19.02579,73.10297,NO2,5,207,51
Maharashtra,Navi Mumbai,"Sector-2E Kalamboli, Navi Mumbai - MPCB",14-11-2025 21:00,19.02579,73.10297,OZONE,1,68,42
Maharashtra,Navi Mumbai,"Tondare-Taloja, Navi Mumbai - MPCB",14-11-2025 21:00,19.063,73.1209,PM2.5,55,231,131
Maharashtra,Parbhani,"Masoom Colony, Parbhani - MPCB",14-11-2025 21:00,19.265594,76.761463,NO2,25,92,46
Maharashtra,Pimpri-Chinchwad,"Gavalinagar, Pimpri Chinchwad - MPCB",14-11-2025 21:00,18.63673,73.82487,NO2,38,119,66
Maharashtra,Pimpri-Chinchwad,"Gavalinagar, Pimpri Chinchwad - MPCB",14-11-2025 21:00,18.63673,73.82487,NH3,9,39,15
Maharashtra,Pimpri-Chinchwad,"Gavalinagar, Pimpri Chinchwad - MPCB",14-11-2025 21:00,18.63673,73.82487,SO2,1,5,3
Maharashtra,Pimpri-Chinchwad,"Gavalinagar, Pimpri Chinchwad - MPCB",14-11-2025 21:00,18.63673,73.82487,CO,26,122,50
Maharashtra,Thane,"Kasarvadavali, Thane - MPCB",14-11-2025 21:00,19.26777,72.97182,NO2,14,93,41
Maharashtra,Thane,"Upvan Fort, Thane - MPCB",14-11-2025 21:00,19.222279,72.957979,SO2,1,4,2
Maharashtra,Ulhasnagar,"Sidhi Vinayak Nagar, Ulhasnagar - MPCB",14-11-2025 21:00,19.235581,73.159121,CO,18,46,23
Maharashtra,Virar,"Bolinj, Virar - MPCB",14-11-2025 21:00,19.445821,72.7988231,PM2.5,61,96,77
Maharashtra,Virar,"Bolinj, Virar - MPCB",14-11-2025 21:00,19.445821,72.7988231,NH3,1,3,2
Maharashtra,Virar,"Bolinj, Virar - MPCB",14-11-2025 21:00,19.445821,72.7988231,OZONE,34,82,66
Meghalaya,Shillong,"JN Stadium, Shillong - Meghalaya PCB",14-11-2025 21:00,25.5803419,91.8942571,NO2,NA,NA,NA
Maharashtra,Pune,"Hadapsar, Pune - IITM",14-11-2025 21:00,18.501793,73.927532,OZONE,9,49,32
Maharashtra,Pune,"Katraj Dairy, Pune - MPCB",14-11-2025 21:00,18.45445,73.854155,SO2,NA,NA,NA
Maharashtra,Pune,"Mhada Colony, Pune - IITM",14-11-2025 21:00,18.57304,73.927715,NO2,33,93,59
Maharashtra,Pune,"Revenue Colony-Shivajinagar, Pune - IITM",14-11-2025 21:00,18.530085,73.849598,NO2,23,101,56
Maharashtra,Pune,"Savitribai Phule Pune University, Pune - MPCB",14-11-2025 21:00,18.547056,73.826908,PM10,66,120,100
Maharashtra,Pune,"Savitribai Phule Pune University, Pune - MPCB",14-11-2025 21:00,18.547056,73.826908,NH3,NA,NA,NA
Maharashtra,Pune,"Savitribai Phule Pune University, Pune - MPCB",14-11-2025 21:00,18.547056,73.826908,CO,12,122,35
Maharashtra,Pimpri-Chinchwad,"Thergaon, Pimpri Chinchwad - MPCB",14-11-2025 21:00,18.616318,73.765797,PM2.5,117,317,245
Maharashtra,Pune,"Bhumkar Nagar, Pune - IITM",14-11-2025 21:00,18.60577,73.749976,CO,38,101,60
Maharashtra,Pune,"Bhumkar Nagar, Pune - IITM",14-11-2025 21:00,18.60577,73.749976,OZONE,2,34,12
Maharashtra,Pune,"Dhankawadi, Pune - IITM",14-11-2025 21:00,18.459883,73.852193,PM10,86,174,126
Maharashtra,Pune,"Dhankawadi, Pune - IITM",14-11-2025 21:00,18.459883,73.852193,NO2,1,3,2
Maharashtra,Pune,"Hadapsar, Pune - IITM",14-11-2025 21:00,18.501793,73.927532,PM2.5,54,308,130
Meghalaya,Shillong,"JN Stadium, Shillong - Meghalaya PCB",14-11-2025 21:00,25.5803419,91.8942571,CO,NA,NA,NA
Meghalaya,Shillong,"Lumpyngngad, Shillong - Meghalaya PCB",14-11-2025 21:00,25.5586,91.8985,SO2,5,7,6
Nagaland,Kohima,"PWD Junction, Kohima - NPCB",14-11-2025 21:00,25.6635413,94.0989878,PM2.5,27,122,65
Odisha,Angul,"Hakimapada, Angul - OSPCB",14-11-2025 21:00,20.832874,85.104082,PM10,112,197,147
Odisha,Angul,"Hakimapada, Angul - OSPCB",14-11-2025 21:00,20.832874,85.104082,NO2,12,84,28
Odisha,Brajrajnagar,"GM Office, Brajrajnagar - OSPCB",14-11-2025 21:00,21.8004996,83.8396977,SO2,14,16,15
Odisha,Brajrajnagar,"GM Office, Brajrajnagar - OSPCB",14-11-2025 21:00,21.8004996,83.8396977,CO,5,30,24
Odisha,Byasanagar,"Ferro Chrome Colony, Byasanagar - OSPCB",14-11-2025 21:00,20.94185,86.1151,OZONE,26,213,139
Odisha,Cuttack,"CDA Area, Cuttack - OSPCB",14-11-2025 21:00,20.48891,85.84768,NH3,3,5,4
Odisha,Cuttack,"CDA Area, Cuttack - OSPCB",14-11-2025 21:00,20.48891,85.84768,OZONE,6,212,128
Maharashtra,Solapur,"Dnyaneshwar Nagar, Solapur - MPCB",14-11-2025 21:00,17.6336264,75.9132495,PM2.5,49,116,67
Maharashtra,Solapur,"Ratandeep Housing Society, Solapur - MPCB",14-11-2025 21:00,17.65439,75.90649,CO,22,84,35
Maharashtra,Solapur,"Ratandeep Housing Society, Solapur - MPCB",14-11-2025 21:00,17.65439,75.90649,OZONE,2,85,69
Maharashtra,Thane,"Kasarvadavali, Thane - MPCB",14-11-2025 21:00,19.26777,72.97182,PM2.5,63,171,103
Odisha,Barbil,"Forest Office, Barbil - OSPCB",14-11-2025 21:00,22.1166054,85.3945546,OZONE,5,87,53
Odisha,Baripada,"Meher Colony, Baripada - OSPCB",14-11-2025 21:00,21.941841,86.728318,OZONE,39,135,95
Odisha,Bhubaneswar,"Patia, Bhubaneswar - OSPCB",14-11-2025 21:00,20.34652,85.8163,NH3,4,8,6
Odisha,Bhubaneswar,"Patia, Bhubaneswar - OSPCB",14-11-2025 21:00,20.34652,85.8163,SO2,4,7,5
Maharashtra,Navi Mumbai,"Nerul, Navi Mumbai - MPCB",14-11-2025 21:00,19.008751,73.01662,NO2,33,36,35
Maharashtra,Navi Mumbai,"Nerul, Navi Mumbai - MPCB",14-11-2025 21:00,19.008751,73.01662,NH3,4,4,4
Maharashtra,Navi Mumbai,"Nerul, Navi Mumbai - MPCB",14-11-2025 21:00,19.008751,73.01662,OZONE,12,21,20
Maharashtra,Navi Mumbai,"Sanpada, Navi Mumbai - MPCB",14-11-2025 21:00,19.0575752,73.0151367,NO2,5,19,11
Maharashtra,Navi Mumbai,"Sanpada, Navi Mumbai - MPCB",14-11-2025 21:00,19.0575752,73.0151367,NH3,5,6,5
Punjab,Rupnagar,"Ratanpura, Rupnagar - Ambuja Cements",14-11-2025 21:00,31.0325454,76.5623046,CO,42,52,47
Rajasthan,Ajmer,"Civil Lines,  Ajmer - RSPCB",14-11-2025 21:00,26.470859,74.646594,PM2.5,61,114,83
Rajasthan,Ajmer,"Civil Lines,  Ajmer - RSPCB",14-11-2025 21:00,26.470859,74.646594,PM10,57,134,94
Rajasthan,Ajmer,"Civil Lines,  Ajmer - RSPCB",14-11-2025 21:00,26.470859,74.646594,SO2,14,28,20
Rajasthan,Alwar,"Moti Doongri, Alwar - RSPCB",14-11-2025 21:00,27.554793,76.611536,NH3,12,18,15
Rajasthan,Alwar,"Moti Doongri, Alwar - RSPCB",14-11-2025 21:00,27.554793,76.611536,SO2,13,63,27
Rajasthan,Alwar,"Moti Doongri, Alwar - RSPCB",14-11-2025 21:00,27.554793,76.611536,CO,22,70,41
Rajasthan,Banswara,"Rati Talai, Banswara - RSPCB",14-11-2025 21:00,23.55519,74.44001,OZONE,9,144,91
Punjab,Jalandhar,"Civil Line, Jalandhar - PPCB",14-11-2025 21:00,31.321907,75.578914,CO,60,70,69
Punjab,Ludhiana,"Punjab Agricultural University, Ludhiana - PPCB",14-11-2025 21:00,30.9028,75.8086,PM2.5,162,202,175
Punjab,Mandi Gobindgarh,"RIMT University, Mandi Gobindgarh - PPCB",14-11-2025 21:00,30.649961,76.331442,PM2.5,159,367,263
Punjab,Mandi Gobindgarh,"RIMT University, Mandi Gobindgarh - PPCB",14-11-2025 21:00,30.649961,76.331442,CO,11,101,72
Punjab,Patiala,"Model Town, Patiala - PPCB",14-11-2025 21:00,30.349388,76.366642,PM2.5,93,225,150
Punjab,Patiala,"Model Town, Patiala - PPCB",14-11-2025 21:00,30.349388,76.366642,SO2,20,74,40
Rajasthan,Jaipur,"Shastri Nagar, Jaipur - RSPCB",14-11-2025 21:00,26.9502929,75.730943,CO,55,136,79
Rajasthan,Jaisalmer,"Sadar Bazar, Jaisalmer - RSPCB",14-11-2025 21:00,26.912329,70.909168,OZONE,2,105,69
Rajasthan,Jalore,"Mudtra Sili, Jalore - RSPCB",14-11-2025 21:00,25.344694,72.626208,NO2,16,126,53
Rajasthan,Jalore,"Mudtra Sili, Jalore - RSPCB",14-11-2025 21:00,25.344694,72.626208,NH3,3,7,5
Rajasthan,Jhalawar,"Rajlaxmi Nagar, Jhalawar - RSPCB",14-11-2025 21:00,24.588397,76.172782,CO,22,109,50
Rajasthan,Jhalawar,"Rajlaxmi Nagar, Jhalawar - RSPCB",14-11-2025 21:00,24.588397,76.172782,OZONE,7,135,91
Odisha,Tensa,"Barsua Iron Ore Mines, Tensa - OSPCB",14-11-2025 21:00,21.869985,85.167016,NO2,NA,NA,NA
Puducherry,Puducherry,"Jawahar Nagar, Puducherry - PPCC",14-11-2025 21:00,11.9309,79.8027,PM2.5,65,96,79
Punjab,Amritsar,"Golden Temple, Amritsar - PPCB",14-11-2025 21:00,31.62,74.876512,PM10,82,174,123
Punjab,Amritsar,"Golden Temple, Amritsar - PPCB",14-11-2025 21:00,31.62,74.876512,NO2,5,18,11
Odisha,Nayagarh,"Dabuna, Nayagarh - OSPCB",14-11-2025 21:00,21.847279,85.416905,PM10,52,104,82
Odisha,Nayagarh,"Dabuna, Nayagarh - OSPCB",14-11-2025 21:00,21.847279,85.416905,SO2,7,25,12
Odisha,Rourkela,"Fertilizer Township, Rourkela - OSPCB",14-11-2025 21:00,22.18972222,84.86277778,SO2,9,12,10
Odisha,Talcher,"Talcher Coalfields,Talcher - OSPCB",14-11-2025 21:00,20.9360711,85.1707021,NO2,60,127,94
Rajasthan,Bharatpur,"Krishna Nagar, Bharatpur - RSPCB",14-11-2025 21:00,27.215415,77.50873,OZONE,4,229,130
Rajasthan,Bhilwara,"Pratap Nagar, Bhilwara - RSPCB",14-11-2025 21:00,25.339605,74.618883,PM2.5,40,267,113
Rajasthan,Bhiwadi,"RIICO Ind. Area III, Bhiwadi - RSPCB",14-11-2025 21:00,28.194909,76.862296,NH3,6,39,19
Rajasthan,Jaipur,"Adarsh Nagar, Jaipur - RSPCB",14-11-2025 21:00,26.902909,75.836858,CO,10,113,49
Rajasthan,Jaipur,"Adarsh Nagar, Jaipur - RSPCB",14-11-2025 21:00,26.902909,75.836858,OZONE,19,81,57
Rajasthan,Jaipur,"RIICO Sitapura, Jaipur - RSPCB",14-11-2025 21:00,26.786682,75.827928,SO2,1,6,4
Rajasthan,Jaipur,"Sector-2 Murlipura, Jaipur - RSPCB",14-11-2025 21:00,26.960669,75.771817,SO2,10,64,19
Rajasthan,Bhiwadi,"Vasundhara Nagar_UIT, Bhiwadi - RSPCB",14-11-2025 21:00,28.207266,76.829265,OZONE,2,123,72
Rajasthan,Bikaner,"MM Ground, Bikaner - RSPCB",14-11-2025 21:00,28.018792,73.292658,OZONE,1,103,62
Rajasthan,Churu,"Subash Chowk, Churu - RSPCB",14-11-2025 21:00,28.296139,74.961696,OZONE,3,182,124
Rajasthan,Dungarpur,"Bhoiwada, Dungarpur - RSPCB",14-11-2025 21:00,23.837789,73.714926,NO2,10,104,26
Rajasthan,Hanumangarh,"Housing Board, Hanumangarh - RSPCB",14-11-2025 21:00,29.61075,74.283608,PM2.5,27,277,167
Rajasthan,Kota,"Nayapura, Kota - RSPCB",14-11-2025 21:00,25.196024,75.855668,OZONE,3,160,92
Rajasthan,Kota,"Shrinath Puram, Kota - RSPCB",14-11-2025 21:00,25.14389,75.821256,PM10,50,199,107
Rajasthan,Kota,"Shrinath Puram, Kota - RSPCB",14-11-2025 21:00,25.14389,75.821256,NO2,15,17,15
Rajasthan,Kota,"Shrinath Puram, Kota - RSPCB",14-11-2025 21:00,25.14389,75.821256,NH3,2,13,4
Rajasthan,Kota,"Shrinath Puram, Kota - RSPCB",14-11-2025 21:00,25.14389,75.821256,CO,7,104,42
Rajasthan,Nagaur,"Karni Colony, Nagaur - RSPCB",14-11-2025 21:00,27.213494,73.734444,PM2.5,18,315,115
Rajasthan,Nagaur,"Karni Colony, Nagaur - RSPCB",14-11-2025 21:00,27.213494,73.734444,CO,9,105,37
Rajasthan,Pratapgarh,"Pragati Nagar, Pratapgarh - RSPCB",14-11-2025 21:00,24.041198,74.780702,PM10,59,145,85
Rajasthan,Pratapgarh,"Pragati Nagar, Pratapgarh - RSPCB",14-11-2025 21:00,24.041198,74.780702,NH3,4,8,6
Rajasthan,Sawai Madhopur,"Sahu Nagar, Sawai Madhopur - RSPCB",14-11-2025 21:00,26.031443,76.359327,PM10,31,417,132
Rajasthan,Sawai Madhopur,"Sahu Nagar, Sawai Madhopur - RSPCB",14-11-2025 21:00,26.031443,76.359327,SO2,2,16,5
Rajasthan,Sawai Madhopur,"Sahu Nagar, Sawai Madhopur - RSPCB",14-11-2025 21:00,26.031443,76.359327,CO,30,127,69
Rajasthan,Sawai Madhopur,"Sahu Nagar, Sawai Madhopur - RSPCB",14-11-2025 21:00,26.031443,76.359327,OZONE,1,142,98
Rajasthan,Sikar,"Radhakishan Pura, Sikar - RSPCB",14-11-2025 21:00,27.608912,75.153302,PM2.5,50,383,240
Rajasthan,Sikar,"Radhakishan Pura, Sikar - RSPCB",14-11-2025 21:00,27.608912,75.153302,NH3,9,22,15
Rajasthan,Sikar,"Radhakishan Pura, Sikar - RSPCB",14-11-2025 21:00,27.608912,75.153302,SO2,2,12,6
Rajasthan,Sirohi,"Vedhaynath Colony, Sirohi - RSPCB",14-11-2025 21:00,24.885261,72.857549,PM2.5,15,85,34
TamilNadu,Chennai,"Manali Village, Chennai - TNPCB",14-11-2025 21:00,13.1662,80.2584,NO2,5,11,6
TamilNadu,Chennai,"Manali Village, Chennai - TNPCB",14-11-2025 21:00,13.1662,80.2584,CO,38,48,42
TamilNadu,Chennai,"Perungudi, Chennai - TNPCB",14-11-2025 21:00,12.9533,80.2357,OZONE,9,39,19
TamilNadu,Chennai,"Velachery Res. Area, Chennai - CPCB",14-11-2025 21:00,13.0052189,80.2398125,PM2.5,28,55,43
TamilNadu,Chennai,"Velachery Res. Area, Chennai - CPCB",14-11-2025 21:00,13.0052189,80.2398125,NH3,3,4,3
TamilNadu,Coimbatore,"PSG College of Arts and Science, Coimbatore - TNPCB",14-11-2025 21:00,11.0328,77.0349,NO2,10,11,11
Rajasthan,Jodhpur,"Mandor, Jodhpur - RSPCB",14-11-2025 21:00,26.358805,73.047444,OZONE,4,112,83
Rajasthan,Jodhpur,"Samrat Ashok Udhyan, Jodhpur - RSPCB",14-11-2025 21:00,26.253384,72.976571,NH3,4,7,5
Rajasthan,Karauli,"Satyawati Vihar, Karauli - RSPCB",14-11-2025 21:00,26.506177,77.025989,SO2,5,9,7
Rajasthan,Kota,"Dhanmandi, Kota - RSPCB",14-11-2025 21:00,25.16409,75.858137,PM10,71,239,150
Rajasthan,Kota,"Dhanmandi, Kota - RSPCB",14-11-2025 21:00,25.16409,75.858137,NO2,24,115,71
Rajasthan,Kota,"Dhanmandi, Kota - RSPCB",14-11-2025 21:00,25.16409,75.858137,NH3,3,5,3
Rajasthan,Kota,"Dhanmandi, Kota - RSPCB",14-11-2025 21:00,25.16409,75.858137,SO2,1,44,13
TamilNadu,Hosur,"SIPCOT Phase-1, Hosur - TNPCB",14-11-2025 21:00,12.746998,77.813811,PM10,NA,NA,NA
TamilNadu,Kanchipuram,"Kilambi, Kanchipuram - TNPCB",14-11-2025 21:00,12.864618,79.659968,PM10,10,82,45
TamilNadu,Kanchipuram,"Kilambi, Kanchipuram - TNPCB",14-11-2025 21:00,12.864618,79.659968,NH3,3,4,3
TamilNadu,Kanchipuram,"Kilambi, Kanchipuram - TNPCB",14-11-2025 21:00,12.864618,79.659968,SO2,9,10,10
TamilNadu,Karur,"Kamadenu Nagar, Karur - TNPCB",14-11-2025 21:00,10.96782,78.080882,SO2,14,16,15
TamilNadu,Nagapattinam,"Velippalayam, Nagapattinam - TNPCB",14-11-2025 21:00,10.798548,79.838212,PM10,54,78,64
TamilNadu,Chennai,"Alandur Bus Depot, Chennai - CPCB",14-11-2025 21:00,12.9099161,80.1076538,PM2.5,181,302,230
TamilNadu,Chennai,"Alandur Bus Depot, Chennai - CPCB",14-11-2025 21:00,12.9099161,80.1076538,NH3,1,4,2
TamilNadu,Chennai,"Alandur Bus Depot, Chennai - CPCB",14-11-2025 21:00,12.9099161,80.1076538,SO2,15,16,15
TamilNadu,Chennai,"Gandhi Nagar_Ennore, Chennai - TNPCB",14-11-2025 21:00,13.218341,80.32027,SO2,22,23,22
TamilNadu,Chennai,"Kodungaiyur, Chennai - TNPCB",14-11-2025 21:00,13.1278,80.2642,SO2,3,14,8
TamilNadu,Chennai,"Manali Village, Chennai - TNPCB",14-11-2025 21:00,13.1662,80.2584,PM2.5,5,200,78
TamilNadu,Coimbatore,"PSG College of Arts and Science, Coimbatore - TNPCB",14-11-2025 21:00,11.0328,77.0349,OZONE,4,6,5
TamilNadu,Cuddalore,"Kudikadu, Cuddalore - TNPCB",14-11-2025 21:00,11.6829898,79.7532099,NO2,19,20,20
TamilNadu,Cuddalore,"Kudikadu, Cuddalore - TNPCB",14-11-2025 21:00,11.6829898,79.7532099,SO2,18,22,19
TamilNadu,Cuddalore,"Semmandalam, Cuddalore - TNPCB",14-11-2025 21:00,11.7637683,79.7499835,PM10,68,105,81
TamilNadu,Dindigul,"Mendonsa Colony, Dindigul - TNPCB",14-11-2025 21:00,10.358535,77.984321,PM10,26,83,59
Rajasthan,Sri Ganganagar,"Old City, Sri Ganganagar - RSPCB",14-11-2025 21:00,29.931624,73.864511,NO2,21,221,112
Rajasthan,Sri Ganganagar,"Old City, Sri Ganganagar - RSPCB",14-11-2025 21:00,29.931624,73.864511,NH3,3,79,28
Rajasthan,Udaipur,"Ashok Nagar, Udaipur - RSPCB",14-11-2025 21:00,24.5886166,73.6321397,OZONE,3,65,38
TamilNadu,Ariyalur,"Keelapalur, Ariyalur - TNPCB",14-11-2025 21:00,11.06825,79.07033,PM2.5,61,77,70
TamilNadu,Ariyalur,"Keelapalur, Ariyalur - TNPCB",14-11-2025 21:00,11.06825,79.07033,NO2,9,9,9
Rajasthan,Jhunjhunu,"Indra Nagar, Jhunjhunu - RSPCB",14-11-2025 21:00,28.108988,75.386577,CO,15,123,41
Rajasthan,Jhunjhunu,"Indra Nagar, Jhunjhunu - RSPCB",14-11-2025 21:00,28.108988,75.386577,OZONE,1,128,79
Rajasthan,Jodhpur,"Digari Kalan, Jodhpur - RSPCB",14-11-2025 21:00,26.29581,73.082283,CO,11,94,32
Rajasthan,Jodhpur,"Jhalamand, Jodhpur - RSPCB",14-11-2025 21:00,26.215415,73.070156,PM2.5,13,210,61
TamilNadu,Salem,"Sona College of Technology, Salem - TNPCB",14-11-2025 21:00,11.679111,78.125052,PM2.5,83,133,108
TamilNadu,Salem,"Sona College of Technology, Salem - TNPCB",14-11-2025 21:00,11.679111,78.125052,CO,12,12,12
TamilNadu,Thoothukudi,"Meelavittan, Thoothukudi - TNPCB",14-11-2025 21:00,8.816428,78.099039,NO2,8,36,14
TamilNadu,Thoothukudi,"Meelavittan, Thoothukudi - TNPCB",14-11-2025 21:00,8.816428,78.099039,CO,57,149,97
TamilNadu,Thoothukudi,"Meelavittan, Thoothukudi - TNPCB",14-11-2025 21:00,8.816428,78.099039,OZONE,1,13,5
TamilNadu,Tirupur,"Kumaran College, Tirupur - TNPCB",14-11-2025 21:00,11.0973603,77.3228673,PM2.5,53,240,108
TamilNadu,Tirupur,"Kumaran College, Tirupur - TNPCB",14-11-2025 21:00,11.0973603,77.3228673,SO2,3,9,5
TamilNadu,Tirupur,"Kumaran College, Tirupur - TNPCB",14-11-2025 21:00,11.0973603,77.3228673,OZONE,3,3,3
TamilNadu,Vellore,"Vasanthapuram, Vellore - TNPCB",14-11-2025 21:00,12.909494,79.131861,CO,8,8,8
TamilNadu,Vellore,"Vasanthapuram, Vellore - TNPCB",14-11-2025 21:00,12.909494,79.131861,OZONE,58,134,107
Telangana,Hyderabad,"New Malakpet, Hyderabad - TSPCB",14-11-2025 21:00,17.37206,78.50864,PM2.5,48,208,90
Telangana,Hyderabad,"New Malakpet, Hyderabad - TSPCB",14-11-2025 21:00,17.37206,78.50864,PM10,82,120,94
Telangana,Hyderabad,"New Malakpet, Hyderabad - TSPCB",14-11-2025 21:00,17.37206,78.50864,OZONE,10,41,30
Telangana,Hyderabad,"Ramachandrapuram, Hyderabad - TSPCB",14-11-2025 21:00,17.528544,78.286195,PM10,61,77,67
Telangana,Hyderabad,"Ramachandrapuram, Hyderabad - TSPCB",14-11-2025 21:00,17.528544,78.286195,NO2,9,11,10
Telangana,Hyderabad,"Ramachandrapuram, Hyderabad - TSPCB",14-11-2025 21:00,17.528544,78.286195,SO2,11,15,14
Telangana,Hyderabad,"Ramachandrapuram, Hyderabad - TSPCB",14-11-2025 21:00,17.528544,78.286195,OZONE,22,27,25
Telangana,Hyderabad,"Sanathnagar, Hyderabad - TSPCB",14-11-2025 21:00,17.4559458,78.4332152,SO2,1,7,5
Telangana,Hyderabad,"Somajiguda, Hyderabad - TSPCB",14-11-2025 21:00,17.417094,78.457437,PM2.5,33,192,118
Telangana,Hyderabad,"Somajiguda, Hyderabad - TSPCB",14-11-2025 21:00,17.417094,78.457437,OZONE,7,76,57
Uttar_Pradesh,Bareilly,"Civil Lines, Bareilly - UPPCB",14-11-2025 21:00,28.359581,79.414455,OZONE,14,31,16
Uttar_Pradesh,Bareilly,"Rajendra Nagar, Bareilly - UPPCB",14-11-2025 21:00,28.38910936,79.42963708,SO2,33,35,33
Uttar_Pradesh,Bareilly,"Rajendra Nagar, Bareilly - UPPCB",14-11-2025 21:00,28.38910936,79.42963708,CO,26,72,34
Uttar_Pradesh,Bareilly,"Rajendra Nagar, Bareilly - UPPCB",14-11-2025 21:00,28.38910936,79.42963708,OZONE,4,4,2
Uttar_Pradesh,Bulandshahr,"Yamunapuram, Bulandshahr - UPPCB",14-11-2025 21:00,28.406963,77.849831,NO2,38,138,95
Uttar_Pradesh,Firozabad,"Nagla Bhau, Firozabad - UPPCB",14-11-2025 21:00,27.168897,78.37696,NO2,17,17,17
Uttar_Pradesh,Firozabad,"Nagla Bhau, Firozabad - UPPCB",14-11-2025 21:00,27.168897,78.37696,NH3,2,2,2
TamilNadu,Ooty,"Bombay Castel, Ooty - TNPCB",14-11-2025 21:00,11.4068288,76.7138973,CO,20,23,22
TamilNadu,Palkalaiperur,"Bharathidasan University, Palkalaiperur - TNPCB",14-11-2025 21:00,10.681158,78.741746,OZONE,1,19,9
TamilNadu,Perundurai,"SIPCOT Industrial Park, Perundurai - TNPCB",14-11-2025 21:00,11.258242,77.552761,PM2.5,4,106,77
TamilNadu,Perundurai,"SIPCOT Industrial Park, Perundurai - TNPCB",14-11-2025 21:00,11.258242,77.552761,NO2,7,11,8
TamilNadu,Pudukottai,"SIPCOT Nathampannai, Pudukottai - TNPCB",14-11-2025 21:00,10.423417,78.784889,PM10,104,155,123
TamilNadu,Virudhunagar,"Collectorate Office, Virudhunagar - TNPCB",14-11-2025 21:00,9.559382,77.948828,NH3,4,5,5
Telangana,Hyderabad,"Bollaram Industrial Area, Hyderabad - TSPCB",14-11-2025 21:00,17.540891,78.358528,OZONE,45,59,56
Telangana,Hyderabad,"ECIL Kapra, Hyderabad - TSPCB",14-11-2025 21:00,17.470431,78.566959,NO2,11,17,16
Telangana,Hyderabad,"ICRISAT Patancheru, Hyderabad - TSPCB",14-11-2025 21:00,17.5184,78.278777,NO2,8,22,14
Telangana,Hyderabad,"ICRISAT Patancheru, Hyderabad - TSPCB",14-11-2025 21:00,17.5184,78.278777,NH3,2,5,3
Telangana,Hyderabad,"ICRISAT Patancheru, Hyderabad - TSPCB",14-11-2025 21:00,17.5184,78.278777,OZONE,1,80,65
Uttar_Pradesh,Agra,"Shahjahan Garden, Agra - UPPCB",14-11-2025 21:00,27.169338,78.03582,CO,20,105,48
Uttar_Pradesh,Agra,"Shastripuram, Agra - UPPCB",14-11-2025 21:00,27.19862,77.92066,PM10,118,255,176
Uttar_Pradesh,Agra,"Shastripuram, Agra - UPPCB",14-11-2025 21:00,27.19862,77.92066,NO2,34,34,34
Uttar_Pradesh,Agra,"Shastripuram, Agra - UPPCB",14-11-2025 21:00,27.19862,77.92066,CO,19,40,24
Uttar_Pradesh,Baghpat,"Sardar Patel Inter College, Baghpat - UPPCB",14-11-2025 21:00,28.964949,77.278761,NO2,47,109,86
Tripura,Agartala,"Bardowali, Agartala - Tripura SPCB",14-11-2025 21:00,23.8175497,91.2726974,PM2.5,16,337,50
Uttar_Pradesh,Agra,"Sanjay Palace, Agra - UPPCB",14-11-2025 21:00,27.19865833,78.00598056,PM10,119,301,199
Uttar_Pradesh,Agra,"Sanjay Palace, Agra - UPPCB",14-11-2025 21:00,27.19865833,78.00598056,NO2,7,34,15
Uttar_Pradesh,Agra,"Sector-3B Avas Vikas Colony, Agra - UPPCB",14-11-2025 21:00,27.19412,77.96237,PM2.5,48,322,135
Telangana,Hyderabad,"IDA Pashamylaram, Hyderabad - TSPCB",14-11-2025 21:00,17.5316895,78.218939,OZONE,8,22,17
Telangana,Hyderabad,"IITH Kandi, Hyderabad - TSPCB",14-11-2025 21:00,17.585705,78.126199,PM2.5,NA,NA,NA
Telangana,Hyderabad,"IITH Kandi, Hyderabad - TSPCB",14-11-2025 21:00,17.585705,78.126199,NH3,3,3,3
Telangana,Hyderabad,"IITH Kandi, Hyderabad - TSPCB",14-11-2025 21:00,17.585705,78.126199,OZONE,27,31,30
Telangana,Hyderabad,"Kokapet, Hyderabad - TSPCB",14-11-2025 21:00,17.393559,78.339194,SO2,10,13,11
Uttar_Pradesh,Ghaziabad,"Indirapuram, Ghaziabad - UPPCB",14-11-2025 21:00,28.646233,77.358075,PM10,168,445,267
Uttar_Pradesh,Ghaziabad,"Indirapuram, Ghaziabad - UPPCB",14-11-2025 21:00,28.646233,77.358075,NO2,56,252,104
Uttar_Pradesh,Ghaziabad,"Sanjay Nagar, Ghaziabad - UPPCB",14-11-2025 21:00,28.685382,77.453839,PM2.5,208,500,381
Uttar_Pradesh,Ghaziabad,"Vasundhara, Ghaziabad - UPPCB",14-11-2025 21:00,28.6603346,77.3572563,NH3,6,12,8
Uttar_Pradesh,Gorakhpur,"Madan Mohan Malaviya University of Technology, Gorakhpur - UPPCB",14-11-2025 21:00,26.730136,83.433859,PM2.5,1,226,78
Uttar_Pradesh,Greater Noida,"Knowledge Park - III, Greater Noida - UPPCB",14-11-2025 21:00,28.47272,77.482,OZONE,3,193,89
Uttar_Pradesh,Greater Noida,"Knowledge Park - V, Greater Noida - UPPCB",14-11-2025 21:00,28.557054,77.453663,SO2,5,29,13
Uttar_Pradesh,Hapur,"Anand Vihar, Hapur - UPPCB",14-11-2025 21:00,28.725645,77.749675,PM2.5,138,417,333
Uttar_Pradesh,Hapur,"Anand Vihar, Hapur - UPPCB",14-11-2025 21:00,28.725645,77.749675,PM10,124,367,243
Uttar_Pradesh,Hapur,"Anand Vihar, Hapur - UPPCB",14-11-2025 21:00,28.725645,77.749675,NH3,26,53,40
Uttar_Pradesh,Jhansi,"Shivaji Nagar, Jhansi - UPPCB",14-11-2025 21:00,25.4547,78.6039,PM2.5,34,108,67
Uttar_Pradesh,Jhansi,"Shivaji Nagar, Jhansi - UPPCB",14-11-2025 21:00,25.4547,78.6039,NO2,6,6,6
Uttar_Pradesh,Kanpur,"FTI Kidwai Nagar, Kanpur - UPPCB",14-11-2025 21:00,26.428282,80.327067,PM2.5,44,309,186
Uttar_Pradesh,Kanpur,"FTI Kidwai Nagar, Kanpur - UPPCB",14-11-2025 21:00,26.428282,80.327067,NO2,25,25,25
Uttar_Pradesh,Kanpur,"FTI Kidwai Nagar, Kanpur - UPPCB",14-11-2025 21:00,26.428282,80.327067,NH3,2,2,2
Uttar_Pradesh,Kanpur,"FTI Kidwai Nagar, Kanpur - UPPCB",14-11-2025 21:00,26.428282,80.327067,CO,40,64,44
Uttar_Pradesh,Kanpur,"NSI Kalyanpur, Kanpur - UPPCB",14-11-2025 21:00,26.509954,80.249612,PM10,79,169,132
Uttar_Pradesh,Kanpur,"NSI Kalyanpur, Kanpur - UPPCB",14-11-2025 21:00,26.509954,80.249612,SO2,17,34,19
Uttar_Pradesh,Kanpur,"Nehru Nagar, Kanpur - UPPCB",14-11-2025 21:00,26.4703136,80.3229863,OZONE,6,12,8
Uttar_Pradesh,Khurja,"Kalindi Kunj, Khurja - UPPCB",14-11-2025 21:00,28.2348927,77.8683002,NO2,3,6,4
Uttar_Pradesh,Khurja,"Kalindi Kunj, Khurja - UPPCB",14-11-2025 21:00,28.2348927,77.8683002,NH3,1,1,1
Uttar_Pradesh,Khurja,"Kalindi Kunj, Khurja - UPPCB",14-11-2025 21:00,28.2348927,77.8683002,OZONE,5,313,176
Uttar_Pradesh,Lucknow,"Talkatora District Industries Center, Lucknow - CPCB",14-11-2025 21:00,26.83399722,80.8917361,OZONE,9,54,42
Uttar_Pradesh,Meerut,"Ganga Nagar, Meerut - UPPCB",14-11-2025 21:00,28.999264,77.7590354,SO2,14,40,24
Uttar_Pradesh,Meerut,"Jai Bhim Nagar, Meerut - UPPCB",14-11-2025 21:00,28.9535882,77.7622941,PM10,172,500,368
Uttar_Pradesh,Meerut,"Jai Bhim Nagar, Meerut - UPPCB",14-11-2025 21:00,28.9535882,77.7622941,SO2,13,36,25
Uttar_Pradesh,Meerut,"Jai Bhim Nagar, Meerut - UPPCB",14-11-2025 21:00,28.9535882,77.7622941,OZONE,2,194,141
Uttar_Pradesh,Meerut,"Pallavpuram Phase 2, Meerut - UPPCB",14-11-2025 21:00,29.06351,77.709723,PM10,170,445,359
Uttar_Pradesh,Meerut,"Pallavpuram Phase 2, Meerut - UPPCB",14-11-2025 21:00,29.06351,77.709723,NH3,7,14,12
Uttar_Pradesh,Muzaffarnagar,"New Mandi, Muzaffarnagar - UPPCB",14-11-2025 21:00,29.4723508,77.7194031,PM10,182,406,283
Uttar_Pradesh,Noida,"Sector - 125, Noida - UPPCB",14-11-2025 21:00,28.5447608,77.3231257,PM2.5,350,456,379
Uttar_Pradesh,Noida,"Sector - 125, Noida - UPPCB",14-11-2025 21:00,28.5447608,77.3231257,PM10,257,434,325
Uttar_Pradesh,Noida,"Sector - 125, Noida - UPPCB",14-11-2025 21:00,28.5447608,77.3231257,NO2,42,217,129
Uttar_Pradesh,Noida,"Sector - 62, Noida - IMD",14-11-2025 21:00,28.6245479,77.3577104,PM10,208,418,331
Uttar_Pradesh,Noida,"Sector - 62, Noida - IMD",14-11-2025 21:00,28.6245479,77.3577104,OZONE,21,168,93
Uttar_Pradesh,Lucknow,"Gomti Nagar, Lucknow - UPPCB",14-11-2025 21:00,26.86812,81.005119,CO,31,38,36
Uttar_Pradesh,Lucknow,"Gomti Nagar, Lucknow - UPPCB",14-11-2025 21:00,26.86812,81.005119,OZONE,27,39,36
Uttar_Pradesh,Lucknow,"Kendriya Vidyalaya, Lucknow - CPCB",14-11-2025 21:00,26.906111,80.948222,NO2,38,43,41
Uttar_Pradesh,Lucknow,"Kendriya Vidyalaya, Lucknow - CPCB",14-11-2025 21:00,26.906111,80.948222,OZONE,10,78,57
Uttar_Pradesh,Lucknow,"Kukrail Picnic Spot-1, Lucknow - UPPCB",14-11-2025 21:00,26.90723,80.98579,PM2.5,41,107,79
Uttar_Pradesh,Noida,"Sector-1, Noida - UPPCB",14-11-2025 21:00,28.5898,77.3101,CO,27,111,62
Uttar_Pradesh,Noida,"Sector-116, Noida - UPPCB",14-11-2025 21:00,28.56923,77.393848,PM2.5,350,418,379
Uttar_Pradesh,Noida,"Sector-116, Noida - UPPCB",14-11-2025 21:00,28.56923,77.393848,SO2,15,23,20
Uttar_Pradesh,Prayagraj,"Jhunsi, Prayagraj - UPPCB",14-11-2025 21:00,25.425602,81.917152,NH3,5,5,5
Uttar_Pradesh,Moradabad,"Employment Office, Moradabad - UPPCB",14-11-2025 21:00,28.88528,78.7388,PM2.5,56,276,144
Uttar_Pradesh,Moradabad,"Employment Office, Moradabad - UPPCB",14-11-2025 21:00,28.88528,78.7388,SO2,20,21,21
Uttar_Pradesh,Moradabad,"Jigar Colony, Moradabad - UPPCB",14-11-2025 21:00,28.856664,78.772638,NO2,25,25,25
Uttar_Pradesh,Moradabad,"Eco Herbal Park, Moradabad - UPPCB",14-11-2025 21:00,28.840739,78.697531,PM10,85,199,127
Uttar_Pradesh,Moradabad,"Eco Herbal Park, Moradabad - UPPCB",14-11-2025 21:00,28.840739,78.697531,CO,6,88,51
Uttar_Pradesh,Moradabad,"Kashiram Nagar, Moradabad - UPPCB",14-11-2025 21:00,28.849399,78.742362,PM10,80,198,137
Uttar_Pradesh,Prayagraj,"Nagar Nigam, Prayagraj - UPPCB",14-11-2025 21:00,25.44919916,81.82735986,NO2,5,5,5
Uttar_Pradesh,Varanasi,"Ardhali Bazar, Varanasi - UPPCB",14-11-2025 21:00,25.3505986,82.9083074,PM10,NA,NA,NA
Uttar_Pradesh,Varanasi,"Ardhali Bazar, Varanasi - UPPCB",14-11-2025 21:00,25.3505986,82.9083074,NO2,NA,NA,NA
Uttar_Pradesh,Varanasi,"Bhelupur, Varanasi - UPPCB",14-11-2025 21:00,25.301778,82.996789,NO2,8,8,8
Uttar_Pradesh,Vrindavan,"Omex Eternity, Vrindavan - UPPCB",14-11-2025 21:00,27.571409,77.655757,NO2,12,12,12
Uttarakhand,Dehradun,"Doon University, Dehradun - UKPCB",14-11-2025 21:00,30.269444,78.044167,PM2.5,36,73,52
Uttarakhand,Dehradun,"Doon University, Dehradun - UKPCB",14-11-2025 21:00,30.269444,78.044167,NO2,1,4,2
Uttarakhand,Rishikesh,"Shivaji Nagar, Rishikesh - UKPCB",14-11-2025 21:00,30.075911,78.2859547,NO2,12,19,15
Uttarakhand,Rishikesh,"Shivaji Nagar, Rishikesh - UKPCB",14-11-2025 21:00,30.075911,78.2859547,CO,13,38,27
West_Bengal,Asansol,"Asansol Court Area, Asansol - WBPCB",14-11-2025 21:00,23.685297,86.945968,PM10,104,151,129
West_Bengal,Asansol,"Asansol Court Area, Asansol - WBPCB",14-11-2025 21:00,23.685297,86.945968,NO2,15,28,23
West_Bengal,Asansol,"Asansol Court Area, Asansol - WBPCB",14-11-2025 21:00,23.685297,86.945968,NH3,3,9,5
West_Bengal,Asansol,"Asansol Court Area, Asansol - WBPCB",14-11-2025 21:00,23.685297,86.945968,OZONE,18,73,55
West_Bengal,Asansol,"Evelyn Lodge, Asansol - WBPCB",14-11-2025 21:00,23.697936,86.944395,PM10,71,144,112
West_Bengal,Asansol,"Evelyn Lodge, Asansol - WBPCB",14-11-2025 21:00,23.697936,86.944395,NO2,8,54,25
West_Bengal,Asansol,"Evelyn Lodge, Asansol - WBPCB",14-11-2025 21:00,23.697936,86.944395,CO,5,64,27
West_Bengal,Asansol,"Trivenidevi Bhalotia College, Asansol - WBPCB",14-11-2025 21:00,23.616515,87.119133,PM2.5,64,202,132
West_Bengal,Durgapur,"Mahishkapur Road_B-Zone, Durgapur - WBPCB",14-11-2025 21:00,23.567923,87.306843,PM2.5,57,209,109
West_Bengal,Durgapur,"Mahishkapur Road_B-Zone, Durgapur - WBPCB",14-11-2025 21:00,23.567923,87.306843,PM10,99,212,143
West_Bengal,Durgapur,"Mahishkapur Road_B-Zone, Durgapur - WBPCB",14-11-2025 21:00,23.567923,87.306843,NH3,1,2,1
West_Bengal,Durgapur,"PCBL Residential Complex, Durgapur - WBPCB",14-11-2025 21:00,23.508764,87.35444,NO2,NA,NA,NA
West_Bengal,Durgapur,"PCBL Residential Complex, Durgapur - WBPCB",14-11-2025 21:00,23.508764,87.35444,OZONE,5,21,11
West_Bengal,Durgapur,"Womens College_City Center, Durgapur - WBPCB (Formerly known as Sidhu Kanhu Indoor Stadium)",14-11-2025 21:00,23.549395,87.300496,OZONE,3,64,32
West_Bengal,Haldia,"Priyambada Housing Estate, Haldia - WBPCB",14-11-2025 21:00,22.06047,88.109737,CO,32,76,41
West_Bengal,Howrah,"Belur Math, Howrah - WBPCB",14-11-2025 21:00,22.629801,88.352017,PM10,NA,NA,NA
West_Bengal,Howrah,"Belur Math, Howrah - WBPCB",14-11-2025 21:00,22.629801,88.352017,SO2,NA,NA,NA
West_Bengal,Howrah,"Botanical Garden, Howrah - WBPCB",14-11-2025 21:00,22.554954,88.292568,SO2,8,10,9
West_Bengal,Howrah,"Ghusuri, Howrah - WBPCB",14-11-2025 21:00,22.611968,88.347422,PM2.5,103,372,210
West_Bengal,Howrah,"Ghusuri, Howrah - WBPCB",14-11-2025 21:00,22.611968,88.347422,OZONE,11,80,26
West_Bengal,Kolkata,"Ballygunge, Kolkata - WBPCB",14-11-2025 21:00,22.5367507,88.3638022,PM10,103,198,148
West_Bengal,Kolkata,"Bidhannagar, Kolkata - WBPCB",14-11-2025 21:00,22.58157048,88.41002457,CO,41,104,54
West_Bengal,Kolkata,"Bidhannagar, Kolkata - WBPCB",14-11-2025 21:00,22.58157048,88.41002457,OZONE,11,44,29
West_Bengal,Kolkata,"Jadavpur, Kolkata - WBPCB",14-11-2025 21:00,22.49929,88.36917,PM2.5,173,386,305
West_Bengal,Kolkata,"Jadavpur, Kolkata - WBPCB",14-11-2025 21:00,22.49929,88.36917,NO2,46,102,63
West_Bengal,Kolkata,"Jadavpur, Kolkata - WBPCB",14-11-2025 21:00,22.49929,88.36917,NH3,2,5,4
West_Bengal,Kolkata,"Jadavpur, Kolkata - WBPCB",14-11-2025 21:00,22.49929,88.36917,CO,31,112,47
West_Bengal,Kolkata,"Rabindra Bharati University, Kolkata - WBPCB",14-11-2025 21:00,22.627847,88.380669,SO2,NA,NA,NA
West_Bengal,Kolkata,"Rabindra Sarobar, Kolkata - WBPCB",14-11-2025 21:00,22.51106,88.35142,PM2.5,59,226,139
West_Bengal,Kolkata,"Rabindra Sarobar, Kolkata - WBPCB",14-11-2025 21:00,22.51106,88.35142,NH3,9,34,17
West_Bengal,Siliguri,"Ward-32 Bapupara, Siliguri - WBPCB",14-11-2025 21:00,26.6879226,88.4152495,CO,29,94,50
Bihar,Gaya,"Collectorate, Gaya - BSPCB",14-11-2025 21:00,24.7955,84.9994,PM2.5,72,254,131
Bihar,Gaya,"Collectorate, Gaya - BSPCB",14-11-2025 21:00,24.7955,84.9994,SO2,8,19,11
Bihar,Gaya,"Collectorate, Gaya - BSPCB",14-11-2025 21:00,24.7955,84.9994,OZONE,18,20,20
Bihar,Gaya,"Kareemganj, Gaya - BSPCB",14-11-2025 21:00,24.792403,84.992416,SO2,16,17,16
Bihar,Gaya,"Kareemganj, Gaya - BSPCB",14-11-2025 21:00,24.792403,84.992416,CO,40,42,41
Bihar,Gaya,"Kareemganj, Gaya - BSPCB",14-11-2025 21:00,24.792403,84.992416,OZONE,1,45,28
Bihar,Gaya,"SFTI Kusdihra, Gaya - BSPCB",14-11-2025 21:00,24.762518,84.982348,PM10,45,82,61
Bihar,Gaya,"SFTI Kusdihra, Gaya - BSPCB",14-11-2025 21:00,24.762518,84.982348,CO,30,49,36
Bihar,Hajipur,"Industrial Area, Hajipur - BSPCB",14-11-2025 21:00,25.697189,85.2459,SO2,2,16,5
Bihar,Katihar,"Mirchaibari, Katihar - BSPCB",14-11-2025 21:00,25.560083,87.553265,SO2,16,28,21
Bihar,Katihar,"Mirchaibari, Katihar - BSPCB",14-11-2025 21:00,25.560083,87.553265,CO,64,103,83
Assam,Guwahati,"Pan Bazaar, Guwahati - PCBA",14-11-2025 21:00,26.1875,91.744194,OZONE,17,18,18
Assam,Guwahati,"Railway Colony, Guwahati - PCBA",14-11-2025 21:00,26.181742,91.78063,NO2,3,3,3
Assam,Guwahati,"Railway Colony, Guwahati - PCBA",14-11-2025 21:00,26.181742,91.78063,CO,29,85,49
Assam,Nagaon,"Christianpatty, Nagaon - PCBA",14-11-2025 21:00,26.349082,92.68449,NH3,4,4,4
Assam,Nalbari,"Bata Chowk, Nalbari - PCBA",14-11-2025 21:00,26.446912,91.439057,PM2.5,40,210,99
Assam,Nalbari,"Bata Chowk, Nalbari - PCBA",14-11-2025 21:00,26.446912,91.439057,NO2,10,18,14
Assam,Nalbari,"Bata Chowk, Nalbari - PCBA",14-11-2025 21:00,26.446912,91.439057,NH3,5,8,6
Assam,Nalbari,"Bata Chowk, Nalbari - PCBA",14-11-2025 21:00,26.446912,91.439057,SO2,4,45,13
Assam,Nalbari,"Bata Chowk, Nalbari - PCBA",14-11-2025 21:00,26.446912,91.439057,CO,16,34,21
Assam,Nalbari,"Bata Chowk, Nalbari - PCBA",14-11-2025 21:00,26.446912,91.439057,OZONE,2,27,19
Bihar,Aurangabad,"Gurdeo Nagar, Aurangabad - BSPCB",14-11-2025 21:00,24.75746,84.366208,NH3,1,2,2
Bihar,Aurangabad,"Gurdeo Nagar, Aurangabad - BSPCB",14-11-2025 21:00,24.75746,84.366208,SO2,7,18,13
Bihar,Aurangabad,"Gurdeo Nagar, Aurangabad - BSPCB",14-11-2025 21:00,24.75746,84.366208,CO,18,50,30
Bihar,Begusarai,"Lohiyanagar, Begusarai - BSPCB",14-11-2025 21:00,25.42742023,86.13886079,PM10,54,106,78
Bihar,Begusarai,"Lohiyanagar, Begusarai - BSPCB",14-11-2025 21:00,25.42742023,86.13886079,SO2,37,40,38
Bihar,Bettiah,"Kamalnath Nagar, Bettiah - BSPCB",14-11-2025 21:00,26.80365,84.51954,NO2,5,10,8
Bihar,Bettiah,"Kamalnath Nagar, Bettiah - BSPCB",14-11-2025 21:00,26.80365,84.51954,SO2,7,30,18
Bihar,Bhagalpur,"DM Office_Kachari Chowk, Bhagalpur - BSPCB",14-11-2025 21:00,25.251013,86.989001,NO2,NA,NA,NA
Assam,Silchar,"Tarapur, Silchar - PCBA",14-11-2025 21:00,24.82827,92.79525,PM2.5,28,59,43
Assam,Silchar,"Tarapur, Silchar - PCBA",14-11-2025 21:00,24.82827,92.79525,NH3,1,1,1
Assam,Sivasagar,"Girls College, Sivasagar - PCBA",14-11-2025 21:00,26.987634,94.636574,NO2,17,43,27
Assam,Sivasagar,"Girls College, Sivasagar - PCBA",14-11-2025 21:00,26.987634,94.636574,NH3,4,28,10
Bihar,Araria,"Kharahiya Basti, Araria - BSPCB",14-11-2025 21:00,26.146529,87.454184,OZONE,10,10,10
Bihar,Arrah,"New DM Office, Arrah - BSPCB",14-11-2025 21:00,25.5626095,84.663264,SO2,10,10,10
Bihar,Arrah,"New DM Office, Arrah - BSPCB",14-11-2025 21:00,25.5626095,84.663264,CO,34,90,54
Andhra_Pradesh,Tirumala,"Toll Gate, Tirumala - APPCB",14-11-2025 21:00,13.67,79.35,NH3,1,1,1
Andhra_Pradesh,Tirumala,"Toll Gate, Tirumala - APPCB",14-11-2025 21:00,13.67,79.35,CO,24,36,30
Andhra_Pradesh,Tirupati,"Vaikuntapuram, Tirupati - APPCB",14-11-2025 21:00,13.615387,79.40923,SO2,NA,NA,NA
Andhra_Pradesh,Vijayawada,"HB Colony, Vijayawada - APPCB",14-11-2025 21:00,16.536107,80.594233,CO,20,40,28
Andhra_Pradesh,Vijayawada,"Rajiv Gandhi Park, Vijayawada - APPCB",14-11-2025 21:00,16.509717,80.612222,NO2,46,108,66
Andhra_Pradesh,Vijayawada,"Rajiv Gandhi Park, Vijayawada - APPCB",14-11-2025 21:00,16.509717,80.612222,CO,33,38,38
Andhra_Pradesh,Kadapa,"Yerramukkapalli, Kadapa - APPCB",14-11-2025 21:00,14.465052,78.824187,PM2.5,56,67,59
Andhra_Pradesh,Kadapa,"Yerramukkapalli, Kadapa - APPCB",14-11-2025 21:00,14.465052,78.824187,NO2,18,25,20
Andhra_Pradesh,Kadapa,"Yerramukkapalli, Kadapa - APPCB",14-11-2025 21:00,14.465052,78.824187,CO,24,42,30
Andhra_Pradesh,Kadapa,"Yerramukkapalli, Kadapa - APPCB",14-11-2025 21:00,14.465052,78.824187,OZONE,20,29,21
Andhra_Pradesh,Rajamahendravaram,"Anand Kala Kshetram, Rajamahendravaram - APPCB",14-11-2025 21:00,16.9872867,81.7363176,SO2,7,23,16
Andhra_Pradesh,Tirumala,"Toll Gate, Tirumala - APPCB",14-11-2025 21:00,13.67,79.35,PM2.5,103,160,129
Bihar,Bhagalpur,"Mayaganj, Bhagalpur - BSPCB",14-11-2025 21:00,25.265194,87.012947,PM2.5,53,123,70
Bihar,Bhagalpur,"Mayaganj, Bhagalpur - BSPCB",14-11-2025 21:00,25.265194,87.012947,CO,14,84,58
Bihar,Bihar Sharif,"D M Colony, Bihar Sharif - BSPCB",14-11-2025 21:00,25.204762,85.51496,PM10,50,137,65
Bihar,Buxar,"Charitra Van, Buxar - BSPCB",14-11-2025 21:00,25.56752,83.966379,NO2,9,10,10
Bihar,Buxar,"Charitra Van, Buxar - BSPCB",14-11-2025 21:00,25.56752,83.966379,CO,22,28,26
Andaman and Nicobar,Sri Vijaya Puram,"Police Line, Sri Vijaya Puram - ANPCC",14-11-2025 21:00,11.654054,92.734055,PM2.5,NA,NA,NA
Andaman and Nicobar,Sri Vijaya Puram,"Police Line, Sri Vijaya Puram - ANPCC",14-11-2025 21:00,11.654054,92.734055,NH3,NA,NA,NA
Andhra_Pradesh,Amaravati,"Secretariat, Amaravati - APPCB",14-11-2025 21:00,16.5150833,80.5181667,NO2,17,78,32
Andhra_Pradesh,Amaravati,"Secretariat, Amaravati - APPCB",14-11-2025 21:00,16.5150833,80.5181667,CO,22,44,31
Bihar,Katihar,"Mirchaibari, Katihar - BSPCB",14-11-2025 21:00,25.560083,87.553265,OZONE,5,14,7
Bihar,Motihari,"Gandak Colony, Motihari - BSPCB",14-11-2025 21:00,26.63086,84.90051,OZONE,2,4,3
Bihar,Munger,"Town Hall, Munger - BSPCB",14-11-2025 21:00,25.376776,86.471523,PM2.5,63,173,99
Andhra_Pradesh,Vijayawada,"Rajiv Nagar, Vijayawada - APPCB",14-11-2025 21:00,16.554731,80.64911,SO2,9,20,15
Andhra_Pradesh,Vijayawada,"Rajiv Nagar, Vijayawada - APPCB",14-11-2025 21:00,16.554731,80.64911,CO,26,54,35
Arunachal_Pradesh,Naharlagun,"Naharlagun, Naharlagun - APSPCB",14-11-2025 21:00,27.103358,93.679645,NO2,5,6,6
Bihar,Purnia,"Mariam Nagar, Purnia - BSPCB",14-11-2025 21:00,25.366336,87.117468,NH3,3,3,3
Bihar,Purnia,"Mariam Nagar, Purnia - BSPCB",14-11-2025 21:00,25.366336,87.117468,SO2,9,25,18
Bihar,Rajgir,"Dangi Tola, Rajgir - BSPCB",14-11-2025 21:00,25.0328,85.41948,PM10,63,111,84
Bihar,Rajgir,"Dangi Tola, Rajgir - BSPCB",14-11-2025 21:00,25.0328,85.41948,NO2,8,10,9
Bihar,Rajgir,"Dangi Tola, Rajgir - BSPCB",14-11-2025 21:00,25.0328,85.41948,OZONE,30,34,32
Bihar,Samastipur,"DM Office_Kasipur, Samastipur - BSPCB",14-11-2025 21:00,25.859655,85.77944,NO2,NA,NA,NA
Bihar,Sasaram,"Dada Peer, Sasaram - BSPCB",14-11-2025 21:00,24.952822,84.002396,PM2.5,43,152,65
Bihar,Sasaram,"Dada Peer, Sasaram - BSPCB",14-11-2025 21:00,24.952822,84.002396,PM10,90,398,156
Bihar,Siwan,"Chitragupta Nagar, Siwan - BSPCB",14-11-2025 21:00,26.2271665,84.3570427,NH3,1,1,1
Chandigarh,Chandigarh,"Sector 22, Chandigarh - CPCC",14-11-2025 21:00,30.735567,76.775714,PM10,56,150,95
Chandigarh,Chandigarh,"Sector 22, Chandigarh - CPCC",14-11-2025 21:00,30.735567,76.775714,NH3,8,10,9
Chandigarh,Chandigarh,"Sector-25, Chandigarh - CPCC",14-11-2025 21:00,30.751462,76.762879,SO2,6,10,8
Chandigarh,Chandigarh,"Sector-25, Chandigarh - CPCC",14-11-2025 21:00,30.751462,76.762879,CO,18,43,26
Chandigarh,Chandigarh,"Sector-53, Chandigarh - CPCC",14-11-2025 21:00,30.719859,76.738637,OZONE,2,88,60
Chhattisgarh,Bhilai,"32Bungalows, Bhilai - CECB",14-11-2025 21:00,21.194815,81.31477,PM10,NA,NA,NA
Chhattisgarh,Korba,"Urja Nagar, Korba - CECB",14-11-2025 21:00,22.348441,82.549611,NH3,1,2,2
Chhattisgarh,Kunjemura,"OP Jindal School, Kunjemura - CECB",14-11-2025 21:00,22.12665,83.483212,SO2,4,15,10
Chhattisgarh,Milupara,"Govt. Higher Secondary School, Milupara - CECB",14-11-2025 21:00,22.1910172,83.5197009,NO2,20,73,35
Chhattisgarh,Milupara,"Govt. Higher Secondary School, Milupara - CECB",14-11-2025 21:00,22.1910172,83.5197009,OZONE,15,177,108
Chhattisgarh,Raipur,"AIIMS, Raipur - CECB",14-11-2025 21:00,21.258815,81.578979,PM10,37,182,110
Chhattisgarh,Raipur,"Bhatagaon New ISBT, Raipur - CECB",14-11-2025 21:00,21.219665,81.630094,PM2.5,36,91,67
Delhi,Delhi,"Burari Crossing, Delhi - IMD",14-11-2025 21:00,28.7256504,77.2011573,CO,29,117,52
Delhi,Delhi,"Burari Crossing, Delhi - IMD",14-11-2025 21:00,28.7256504,77.2011573,OZONE,12,203,118
Delhi,Delhi,"Chandni Chowk, Delhi - IITM",14-11-2025 21:00,28.656756,77.227234,PM2.5,328,409,377
Delhi,Delhi,"Chandni Chowk, Delhi - IITM",14-11-2025 21:00,28.656756,77.227234,PM10,173,472,408
Delhi,Delhi,"Chandni Chowk, Delhi - IITM",14-11-2025 21:00,28.656756,77.227234,NO2,41,84,54
Delhi,Delhi,"DTU, Delhi - CPCB",14-11-2025 21:00,28.7500499,77.1112615,NH3,8,14,11
Delhi,Delhi,"Dr. Karni Singh Shooting Range, Delhi - DPCC",14-11-2025 21:00,28.498571,77.26484,PM2.5,328,414,375
Chhattisgarh,Raipur,"Krishak Nagar, Raipur - CECB",14-11-2025 21:00,21.237755,81.705301,PM2.5,8,110,61
Chhattisgarh,Raipur,"Krishak Nagar, Raipur - CECB",14-11-2025 21:00,21.237755,81.705301,PM10,19,118,80
Chhattisgarh,Raipur,"Siltara Phase-II, Raipur - CECB",14-11-2025 21:00,21.371751,81.664929,OZONE,3,24,14
Chhattisgarh,Tumidih,"OP Jindal Industrial Park, Tumidih - CECB",14-11-2025 21:00,22.06631475,83.33820077,PM2.5,57,200,94
Chhattisgarh,Tumidih,"OP Jindal Industrial Park, Tumidih - CECB",14-11-2025 21:00,22.06631475,83.33820077,NO2,41,91,59
Chhattisgarh,Tumidih,"OP Jindal Industrial Park, Tumidih - CECB",14-11-2025 21:00,22.06631475,83.33820077,OZONE,5,128,85
Bihar,Muzaffarpur,"Buddha Colony, Muzaffarpur - BSPCB",14-11-2025 21:00,26.11442,85.39813,NO2,22,94,40
Bihar,Muzaffarpur,"Buddha Colony, Muzaffarpur - BSPCB",14-11-2025 21:00,26.11442,85.39813,OZONE,22,160,97
Bihar,Muzaffarpur,"MIT-Daudpur Kothi, Muzaffarpur - BSPCB",14-11-2025 21:00,26.1403345,85.3650192,SO2,4,20,14
Bihar,Patna,"DRM Office Danapur, Patna - BSPCB",14-11-2025 21:00,25.586562,85.043586,NH3,6,22,10
Delhi,Delhi,"Ashok Vihar, Delhi - DPCC",14-11-2025 21:00,28.695381,77.181665,NH3,1,1,1
Delhi,Delhi,"Ashok Vihar, Delhi - DPCC",14-11-2025 21:00,28.695381,77.181665,OZONE,1,152,87
Delhi,Delhi,"Aya Nagar, Delhi - IMD",14-11-2025 21:00,28.4706914,77.1099364,CO,32,86,46
Delhi,Delhi,"Bawana, Delhi - DPCC",14-11-2025 21:00,28.7762,77.051074,NO2,13,90,45
Delhi,Delhi,"Bawana, Delhi - DPCC",14-11-2025 21:00,28.7762,77.051074,CO,44,105,60
Bihar,Patna,"Muradpur, Patna - BSPCB",14-11-2025 21:00,25.619651,85.147382,PM2.5,76,277,198
Bihar,Patna,"Rajbansi Nagar, Patna - BSPCB",14-11-2025 21:00,25.599486,85.113666,PM2.5,68,185,120
Bihar,Patna,"Rajbansi Nagar, Patna - BSPCB",14-11-2025 21:00,25.599486,85.113666,NO2,66,294,134
Bihar,Patna,"Samanpura, Patna - BSPCB",14-11-2025 21:00,25.596727,85.085624,PM2.5,92,428,338
Chhattisgarh,Bhilai,"32Bungalows, Bhilai - CECB",14-11-2025 21:00,21.194815,81.31477,CO,16,103,33
Chhattisgarh,Bhilai,"Civic Center, Bhilai - Bhilai Steel Plant",14-11-2025 21:00,21.185571,81.343175,OZONE,7,14,11
Chhattisgarh,Korba,"Rampur, Korba - CECB",14-11-2025 21:00,22.368195,82.746431,OZONE,NA,NA,NA
Delhi,Delhi,"Nehru Nagar, Delhi - DPCC",14-11-2025 21:00,28.56789,77.250515,SO2,18,40,28
Delhi,Delhi,"Okhla Phase-2, Delhi - DPCC",14-11-2025 21:00,28.530785,77.271255,PM10,267,428,325
Delhi,Delhi,"Okhla Phase-2, Delhi - DPCC",14-11-2025 21:00,28.530785,77.271255,NH3,8,13,10
Delhi,Delhi,"Patparganj, Delhi - DPCC",14-11-2025 21:00,28.623763,77.287209,NH3,9,12,10
Delhi,Delhi,"Patparganj, Delhi - DPCC",14-11-2025 21:00,28.623763,77.287209,OZONE,2,241,126
Delhi,Delhi,"Punjabi Bagh, Delhi - DPCC",14-11-2025 21:00,28.674045,77.131023,PM2.5,315,461,394
Delhi,Delhi,"Punjabi Bagh, Delhi - DPCC",14-11-2025 21:00,28.674045,77.131023,NO2,37,82,55
Delhi,Delhi,"Punjabi Bagh, Delhi - DPCC",14-11-2025 21:00,28.674045,77.131023,NH3,4,5,4
Delhi,Delhi,"Punjabi Bagh, Delhi - DPCC",14-11-2025 21:00,28.674045,77.131023,SO2,6,20,14
Gujarat,Ankleshwar,"GIDC, Ankleshwar - GPCB",14-11-2025 21:00,21.613267,73.010555,PM10,88,176,139
Gujarat,Ankleshwar,"GIDC, Ankleshwar - GPCB",14-11-2025 21:00,21.613267,73.010555,OZONE,34,56,55
Gujarat,Gandhinagar,"GIFT City, Gandhinagar - IITM",14-11-2025 21:00,23.163798,72.677768,PM2.5,49,181,115
Gujarat,Gandhinagar,"IIPHG Lekawada, Gandhinagar - IITM",14-11-2025 21:00,23.243639,72.68994,PM2.5,40,150,86
Gujarat,Gandhinagar,"IIPHG Lekawada, Gandhinagar - IITM",14-11-2025 21:00,23.243639,72.68994,NH3,1,2,1
Gujarat,Gandhinagar,"Sector-10, Gandhinagar - GPCB",14-11-2025 21:00,23.221714,72.654328,PM2.5,65,312,159
Gujarat,Surat,"Science Center, Surat - SMC",14-11-2025 21:00,21.170046,72.795405,PM2.5,59,176,107
Delhi,Delhi,"Jawaharlal Nehru Stadium, Delhi - DPCC",14-11-2025 21:00,28.58028,77.233829,OZONE,3,258,137
Delhi,Delhi,"Lodhi Road, Delhi - IITM",14-11-2025 21:00,28.588333,77.221667,NO2,28,197,105
Delhi,Delhi,"Major Dhyan Chand National Stadium, Delhi - DPCC",14-11-2025 21:00,28.611281,77.237738,SO2,22,49,30
Delhi,Delhi,"Major Dhyan Chand National Stadium, Delhi - DPCC",14-11-2025 21:00,28.611281,77.237738,CO,44,111,65
Delhi,Delhi,"Major Dhyan Chand National Stadium, Delhi - DPCC",14-11-2025 21:00,28.611281,77.237738,OZONE,1,131,92
Delhi,Delhi,"Mandir Marg, Delhi - DPCC",14-11-2025 21:00,28.636429,77.201067,PM10,177,405,273
Delhi,Delhi,"Mandir Marg, Delhi - DPCC",14-11-2025 21:00,28.636429,77.201067,OZONE,6,138,74
Gujarat,Ahmedabad,"Rakhial, Ahmedabad - IITM",14-11-2025 21:00,23.016834,72.625775,PM10,82,208,124
Gujarat,Ahmedabad,"SAC ISRO Bopal, Ahmedabad - IITM",14-11-2025 21:00,23.041137,72.456691,CO,2,36,16
Gujarat,Ahmedabad,"SAC ISRO Satellite, Ahmedabad - IITM",14-11-2025 21:00,23.023389,72.515201,NH3,3,20,8
Gujarat,Ahmedabad,"SVPI Airport Hansol, Ahmedabad - IITM",14-11-2025 21:00,23.076793,72.627874,PM2.5,46,253,117
Gujarat,Ahmedabad,"SVPI Airport Hansol, Ahmedabad - IITM",14-11-2025 21:00,23.076793,72.627874,NO2,34,66,47
Gujarat,Ahmedabad,"SVPI Airport Hansol, Ahmedabad - IITM",14-11-2025 21:00,23.076793,72.627874,OZONE,1,55,33
Delhi,Delhi,"Sirifort, Delhi - CPCB",14-11-2025 21:00,28.5504249,77.2159377,CO,36,102,47
Delhi,Delhi,"Sonia Vihar, Delhi - DPCC",14-11-2025 21:00,28.710508,77.249485,PM2.5,304,455,400
Delhi,Delhi,"Sonia Vihar, Delhi - DPCC",14-11-2025 21:00,28.710508,77.249485,NH3,6,10,8
Delhi,Delhi,"Sonia Vihar, Delhi - DPCC",14-11-2025 21:00,28.710508,77.249485,SO2,9,27,16
Delhi,Delhi,"Sri Aurobindo Marg, Delhi - DPCC",14-11-2025 21:00,28.531346,77.190156,SO2,3,18,9
Delhi,Delhi,"Vivek Vihar, Delhi - DPCC",14-11-2025 21:00,28.672342,77.31526,NH3,10,12,11
Delhi,Delhi,"Pusa, Delhi - DPCC",14-11-2025 21:00,28.639652,77.146275,NO2,68,187,124
Delhi,Delhi,"Pusa, Delhi - DPCC",14-11-2025 21:00,28.639652,77.146275,OZONE,1,61,33
Delhi,Delhi,"Pusa, Delhi - IMD",14-11-2025 21:00,28.63611,77.173332,NO2,16,137,77
Delhi,Delhi,"Pusa, Delhi - IMD",14-11-2025 21:00,28.63611,77.173332,OZONE,2,99,66
Delhi,Delhi,"R K Puram, Delhi - DPCC",14-11-2025 21:00,28.563262,77.186937,CO,54,118,80
Delhi,Delhi,"Shadipur, Delhi - CPCB",14-11-2025 21:00,28.6514781,77.1473105,PM2.5,332,352,339
Delhi,Delhi,"Wazirpur, Delhi - DPCC",14-11-2025 21:00,28.699793,77.165453,PM10,320,500,432
Gujarat,Ahmedabad,"Chandkheda, Ahmedabad - IITM",14-11-2025 21:00,23.107969,72.574648,CO,5,120,45
Gujarat,Ahmedabad,"Gyaspur, Ahmedabad - IITM",14-11-2025 21:00,22.977134,72.553024,NH3,4,54,20
Gujarat,Ahmedabad,"Gyaspur, Ahmedabad - IITM",14-11-2025 21:00,22.977134,72.553024,OZONE,2,30,21
Gujarat,Ahmedabad,"Raikhad, Ahmedabad - IITM",14-11-2025 21:00,23.020509,72.579261,NH3,12,44,24
Delhi,Delhi,"Mundka, Delhi - DPCC",14-11-2025 21:00,28.684678,77.076574,NO2,77,207,123
Delhi,Delhi,"NSIT Dwarka, Delhi - CPCB",14-11-2025 21:00,28.60909,77.0325413,PM2.5,87,404,228
Delhi,Delhi,"NSIT Dwarka, Delhi - CPCB",14-11-2025 21:00,28.60909,77.0325413,NO2,68,123,90
Delhi,Delhi,"NSIT Dwarka, Delhi - CPCB",14-11-2025 21:00,28.60909,77.0325413,CO,23,66,37
Delhi,Delhi,"Najafgarh, Delhi - DPCC",14-11-2025 21:00,28.570173,76.933762,NH3,8,10,9
Delhi,Delhi,"IHBAS, Dilshad Garden, Delhi - CPCB",14-11-2025 21:00,28.6811736,77.3025234,PM2.5,197,442,312
Delhi,Delhi,"IHBAS, Dilshad Garden, Delhi - CPCB",14-11-2025 21:00,28.6811736,77.3025234,NH3,4,6,5
Delhi,Delhi,"ITO, Delhi - CPCB",14-11-2025 21:00,28.628624,77.24106,PM10,207,410,342
Delhi,Delhi,"Jahangirpuri, Delhi - DPCC",14-11-2025 21:00,28.73282,77.170633,NH3,NA,NA,NA
Haryana,Sonipat,"Murthal, Sonipat - HSPCB",14-11-2025 21:00,29.0272,77.0621,SO2,6,12,8
Haryana,Sonipat,"Murthal, Sonipat - HSPCB",14-11-2025 21:00,29.0272,77.0621,OZONE,25,26,26
Haryana,Yamuna Nagar,"Gobind Pura, Yamuna Nagar - HSPCB",14-11-2025 21:00,30.1480566,77.2893471,PM2.5,107,316,232
Himachal Pradesh,Baddi,"HIMUDA Complex Phase-1, Baddi - HPPCB",14-11-2025 21:00,30.943887,76.801991,SO2,22,118,51
Himachal Pradesh,Baddi,"HIMUDA Complex Phase-1, Baddi - HPPCB",14-11-2025 21:00,30.943887,76.801991,OZONE,8,147,109
Jammu_and_Kashmir,Srinagar,"Rajbagh, Srinagar - JKSPCB",14-11-2025 21:00,34.066206,74.81982,CO,12,18,14
Jharkhand,Dhanbad,"Sardar Patel Nagar, Dhanbad - JSPCB",14-11-2025 21:00,23.80569,86.44268,NO2,89,100,91
Jharkhand,Dhanbad,"Sardar Patel Nagar, Dhanbad - JSPCB",14-11-2025 21:00,23.80569,86.44268,SO2,23,104,65
Haryana,Ballabgarh,"Nathu Colony, Ballabgarh - HSPCB",14-11-2025 21:00,28.3419248,77.319699,NO2,19,21,20
Haryana,Ballabgarh,"Nathu Colony, Ballabgarh - HSPCB",14-11-2025 21:00,28.3419248,77.319699,SO2,6,14,10
Haryana,Ballabgarh,"Nathu Colony, Ballabgarh - HSPCB",14-11-2025 21:00,28.3419248,77.319699,CO,48,52,50
Haryana,Ballabgarh,"Nathu Colony, Ballabgarh - HSPCB",14-11-2025 21:00,28.3419248,77.319699,OZONE,14,15,15
Haryana,Charkhi Dadri,"Mini Secretariat, Charkhi Dadri - HSPCB",14-11-2025 21:00,28.593883,76.270653,SO2,10,12,10
Haryana,Dharuhera,"Municipal Corporation Office, Dharuhera -  HSPCB",14-11-2025 21:00,28.2068,76.7997,PM2.5,221,358,304
Haryana,Dharuhera,"Municipal Corporation Office, Dharuhera -  HSPCB",14-11-2025 21:00,28.2068,76.7997,SO2,10,22,15
Haryana,Dharuhera,"Municipal Corporation Office, Dharuhera -  HSPCB",14-11-2025 21:00,28.2068,76.7997,CO,59,76,64
Haryana,Faridabad,"New Industrial Town, Faridabad - HSPCB",14-11-2025 21:00,28.39072,77.30059,PM2.5,288,301,296
Haryana,Panchkula,"Sector-6, Panchkula - HSPCB ",14-11-2025 21:00,30.7057778,76.85318056,NO2,24,27,25
Haryana,Panchkula,"Sector-6, Panchkula - HSPCB ",14-11-2025 21:00,30.7057778,76.85318056,SO2,8,9,9
Haryana,Panipat,"Sector-18, Panipat - HSPCB",14-11-2025 21:00,29.432304,76.972765,PM2.5,41,422,217
Haryana,Panipat,"Sector-18, Panipat - HSPCB",14-11-2025 21:00,29.432304,76.972765,PM10,49,450,175
Haryana,Panipat,"Sector-18, Panipat - HSPCB",14-11-2025 21:00,29.432304,76.972765,SO2,18,19,19
Haryana,Panipat,"Sector-18, Panipat - HSPCB",14-11-2025 21:00,29.432304,76.972765,OZONE,30,30,30
Haryana,Rohtak,"MD University, Rohtak - HSPCB",14-11-2025 21:00,28.52123,76.37138,PM2.5,2,500,261
Haryana,Sirsa,"F-Block, Sirsa - HSPCB",14-11-2025 21:00,29.5364,75.0158,OZONE,53,91,59
Haryana,Sonipat,"Murthal, Sonipat - HSPCB",14-11-2025 21:00,29.0272,77.0621,NO2,27,64,45
Haryana,Faridabad,"New Industrial Town, Faridabad - HSPCB",14-11-2025 21:00,28.39072,77.30059,NH3,10,12,11
Haryana,Faridabad,"New Industrial Town, Faridabad - HSPCB",14-11-2025 21:00,28.39072,77.30059,SO2,8,9,8
Haryana,Faridabad,"Sector 11, Faridabad - HSPCB",14-11-2025 21:00,28.376058,77.315741,PM2.5,188,307,258
Haryana,Faridabad,"Sector 11, Faridabad - HSPCB",14-11-2025 21:00,28.376058,77.315741,PM10,120,188,149
Haryana,Faridabad,"Sector 30, Faridabad - HSPCB",14-11-2025 21:00,28.4417,77.3217,SO2,6,6,6
Haryana,Fatehabad,"Huda Sector, Fatehabad - HSPCB",14-11-2025 21:00,29.503664,75.467934,PM2.5,4,404,335
Haryana,Fatehabad,"Huda Sector, Fatehabad - HSPCB",14-11-2025 21:00,29.503664,75.467934,SO2,2,26,15
Haryana,Fatehabad,"Huda Sector, Fatehabad - HSPCB",14-11-2025 21:00,29.503664,75.467934,OZONE,11,37,18
Jharkhand,Jorapokhar,"Tata Stadium, Jorapokhar - JSPCB",14-11-2025 21:00,23.707909,86.41467,OZONE,3,5,4
Karnataka,Bagalkot,"Vidayagiri, Bagalkot - KSPCB",14-11-2025 21:00,16.172806,75.659694,SO2,6,7,7
Karnataka,Belgaum,"Ramteerth Nagar, Belgaum - KSPCB",14-11-2025 21:00,15.888653,74.541751,OZONE,19,20,19
Karnataka,Bengaluru,"BTM Layout, Bengaluru - CPCB",14-11-2025 21:00,12.9135218,77.5950804,NH3,3,19,6
Karnataka,Bengaluru,"BTM Layout, Bengaluru - CPCB",14-11-2025 21:00,12.9135218,77.5950804,SO2,16,20,18
Karnataka,Bengaluru,"BWSSB Kadabesanahalli, Bengaluru - CPCB",14-11-2025 21:00,12.9352049,77.6814488,SO2,1,8,4
Haryana,Kaithal,"Rishi Nagar, Kaithal - HSPCB",14-11-2025 21:00,29.8006,76.4155,PM10,102,196,151
Haryana,Kaithal,"Rishi Nagar, Kaithal - HSPCB",14-11-2025 21:00,29.8006,76.4155,NO2,29,33,31
Haryana,Kaithal,"Rishi Nagar, Kaithal - HSPCB",14-11-2025 21:00,29.8006,76.4155,CO,3,91,49
Haryana,Kaithal,"Rishi Nagar, Kaithal - HSPCB",14-11-2025 21:00,29.8006,76.4155,OZONE,11,29,21
Haryana,Karnal,"Sector-12, Karnal - HSPCB",14-11-2025 21:00,29.6953,77.0027,NH3,6,7,6
Haryana,Kurukshetra,"Sector-7, Kurukshetra - HSPCB",14-11-2025 21:00,29.966942,76.875879,SO2,3,16,9
Haryana,Kurukshetra,"Sector-7, Kurukshetra - HSPCB",14-11-2025 21:00,29.966942,76.875879,OZONE,17,95,69
Haryana,Mandikhera,"General Hospital, Mandikhera - HSPCB",14-11-2025 21:00,27.9002,76.9938,PM10,84,144,106
Haryana,Mandikhera,"General Hospital, Mandikhera - HSPCB",14-11-2025 21:00,27.9002,76.9938,SO2,31,37,34
Haryana,Narnaul,"Shastri Nagar, Narnaul - HSPCB",14-11-2025 21:00,28.060249,76.113115,PM2.5,146,324,261
Haryana,Narnaul,"Shastri Nagar, Narnaul - HSPCB",14-11-2025 21:00,28.060249,76.113115,PM10,107,185,147
Haryana,Narnaul,"Shastri Nagar, Narnaul - HSPCB",14-11-2025 21:00,28.060249,76.113115,CO,12,48,23
Haryana,Narnaul,"Shastri Nagar, Narnaul - HSPCB",14-11-2025 21:00,28.060249,76.113115,OZONE,16,82,54
Haryana,Gurugram,"Sector-51, Gurugram - HSPCB",14-11-2025 21:00,28.4227,77.0667,PM10,136,419,208
Haryana,Gurugram,"Sector-51, Gurugram - HSPCB",14-11-2025 21:00,28.4227,77.0667,NO2,4,10,6
Haryana,Gurugram,"Sector-51, Gurugram - HSPCB",14-11-2025 21:00,28.4227,77.0667,SO2,5,33,24
Haryana,Hisar,"Urban Estate-II, Hisar - HSPCB",14-11-2025 21:00,29.14056,75.744941,OZONE,51,105,87
Haryana,Jind,"Police Lines, Jind - HSPCB",14-11-2025 21:00,29.307814,76.337619,PM2.5,NA,NA,NA
Gujarat,Vapi,"Phase-1 GIDC, Vapi - GPCB",14-11-2025 21:00,20.362421,72.918013,NH3,5,5,5
Gujarat,Vatva,"Phase-4 GIDC, Vatva - GPCB",14-11-2025 21:00,22.969611,72.6435,PM10,59,404,151
Gujarat,Vatva,"Phase-4 GIDC, Vatva - GPCB",14-11-2025 21:00,22.969611,72.6435,NO2,17,26,22
Gujarat,Vatva,"Phase-4 GIDC, Vatva - GPCB",14-11-2025 21:00,22.969611,72.6435,NH3,2,4,3
Haryana,Bahadurgarh,"Arya Nagar, Bahadurgarh - HSPCB",14-11-2025 21:00,28.6701,76.9254,NO2,12,14,13
Karnataka,Yadgir,"Collector Office, Yadgir - KSPCB",14-11-2025 21:00,16.7602,77.1428,PM10,65,138,91
Karnataka,Yadgir,"Collector Office, Yadgir - KSPCB",14-11-2025 21:00,16.7602,77.1428,NH3,1,3,2
Kerala,Eloor,"Udyogamandal, Eloor - Kerala PCB",14-11-2025 21:00,10.073232,76.302765,NO2,6,8,7
Kerala,Eloor,"Udyogamandal, Eloor - Kerala PCB",14-11-2025 21:00,10.073232,76.302765,CO,8,122,79
Kerala,Kannur,"Thavakkara, Kannur - Kerala PCB",14-11-2025 21:00,11.875,75.3732,PM2.5,43,50,46
Kerala,Kannur,"Thavakkara, Kannur - Kerala PCB",14-11-2025 21:00,11.875,75.3732,NO2,15,17,16
Kerala,Kannur,"Thavakkara, Kannur - Kerala PCB",14-11-2025 21:00,11.875,75.3732,OZONE,28,32,29
Kerala,Kollam,"Polayathode, Kollam - Kerala PCB",14-11-2025 21:00,8.8787,76.6073,NO2,8,10,9
Kerala,Kollam,"Polayathode, Kollam - Kerala PCB",14-11-2025 21:00,8.8787,76.6073,CO,14,18,15
Karnataka,Bengaluru,"Hebbal, Bengaluru - KSPCB",14-11-2025 21:00,13.029152,77.585901,PM10,69,105,86
Karnataka,Bengaluru,"Hebbal, Bengaluru - KSPCB",14-11-2025 21:00,13.029152,77.585901,OZONE,7,13,11
Karnataka,Bengaluru,"Hombegowda Nagar, Bengaluru - KSPCB",14-11-2025 21:00,12.938539,77.5901,NO2,NA,NA,NA
Karnataka,Bengaluru,"Hombegowda Nagar, Bengaluru - KSPCB",14-11-2025 21:00,12.938539,77.5901,SO2,NA,NA,NA
Karnataka,Bengaluru,"Hombegowda Nagar, Bengaluru - KSPCB",14-11-2025 21:00,12.938539,77.5901,OZONE,21,50,42
Karnataka,Bengaluru,"Jayanagar 5th Block, Bengaluru - KSPCB",14-11-2025 21:00,12.920984,77.584908,PM2.5,71,126,92
Karnataka,Bengaluru,"Jayanagar 5th Block, Bengaluru - KSPCB",14-11-2025 21:00,12.920984,77.584908,SO2,2,65,23
Karnataka,Bengaluru,"Jigani, Bengaluru - KSPCB",14-11-2025 21:00,12.7816279,77.6299145,PM10,35,392,112
Karnataka,Bengaluru,"Jigani, Bengaluru - KSPCB",14-11-2025 21:00,12.7816279,77.6299145,SO2,18,19,18
Karnataka,Bengaluru,"Jigani, Bengaluru - KSPCB",14-11-2025 21:00,12.7816279,77.6299145,CO,38,40,38
Karnataka,Davanagere,"Devaraj Urs Badavane, Davanagere - KSPCB",14-11-2025 21:00,14.4758,75.9052,SO2,3,5,4
Karnataka,Davanagere,"Devaraj Urs Badavane, Davanagere - KSPCB",14-11-2025 21:00,14.4758,75.9052,CO,39,49,43
Karnataka,Dharwad,"Kalabhavan, Dharwad - KSPCB",14-11-2025 21:00,15.459706,75.008381,PM2.5,49,61,57
Karnataka,Dharwad,"Kalabhavan, Dharwad - KSPCB",14-11-2025 21:00,15.459706,75.008381,NO2,23,27,25
Karnataka,Gadag,"Panchal Nagar, Gadag - KSPCB",14-11-2025 21:00,15.411456,75.638133,PM10,11,23,16
Karnataka,Hubballi,"Lingaraj Nagar, Hubballi - KSPCB",14-11-2025 21:00,15.3714823,75.1160168,CO,11,22,15
Karnataka,Kalaburagi,"Lal Bahadur Shastri Nagar, Kalaburagi - KSPCB",14-11-2025 21:00,17.321993,76.822628,PM10,19,61,49
Kerala,Thiruvananthapuram,"Kariavattom, Thiruvananthapuram - Kerala PCB",14-11-2025 21:00,8.5637,76.8865,SO2,1,12,5
Kerala,Thiruvananthapuram,"Kariavattom, Thiruvananthapuram - Kerala PCB",14-11-2025 21:00,8.5637,76.8865,OZONE,36,36,36
Kerala,Thiruvananthapuram,"Plammoodu, Thiruvananthapuram - Kerala PCB",14-11-2025 21:00,8.5149093,76.9435879,NH3,NA,NA,NA
Kerala,Thrissur,"Corporation Ground, Thrissur - Kerala PCB",14-11-2025 21:00,10.5324,76.2159,PM10,NA,NA,NA
Madhya Pradesh,Bhopal,"Idgah Hills, Bhopal - MPPCB",14-11-2025 21:00,23.264759,77.381568,PM2.5,80,329,186
Madhya Pradesh,Bhopal,"Idgah Hills, Bhopal - MPPCB",14-11-2025 21:00,23.264759,77.381568,SO2,9,13,10
Karnataka,Bengaluru,"Jigani, Bengaluru - KSPCB",14-11-2025 21:00,12.7816279,77.6299145,OZONE,19,21,20
Karnataka,Bengaluru,"Kasturi Nagar, Bengaluru - KSPCB",14-11-2025 21:00,13.003872,77.664217,OZONE,20,21,20
Karnataka,Bengaluru,"Peenya, Bengaluru - CPCB",14-11-2025 21:00,13.0270199,77.494094,NO2,24,33,28
Karnataka,Bengaluru,"Peenya, Bengaluru - CPCB",14-11-2025 21:00,13.0270199,77.494094,NH3,5,7,6
Karnataka,Bengaluru,"RVCE-Mailasandra, Bengaluru - KSPCB",14-11-2025 21:00,12.921418,77.502466,NO2,29,30,29
Karnataka,Bengaluru,"Shivapura_Peenya, Bengaluru - KSPCB",14-11-2025 21:00,13.0246342,77.5080115,PM10,101,123,114
Madhya Pradesh,Bhopal,"T T Nagar, Bhopal - MPPCB",14-11-2025 21:00,23.233584,77.400574,SO2,7,13,9
Madhya Pradesh,Damoh,"Shrivastav Colony, Damoh - MPPCB",14-11-2025 21:00,23.81748678,79.446246,PM2.5,11,57,36
Madhya Pradesh,Damoh,"Shrivastav Colony, Damoh - MPPCB",14-11-2025 21:00,23.81748678,79.446246,SO2,25,27,26
Madhya Pradesh,Gwalior,"City Center, Gwalior - MPPCB",14-11-2025 21:00,26.203442,78.193251,NH3,2,4,3
Madhya Pradesh,Gwalior,"City Center, Gwalior - MPPCB",14-11-2025 21:00,26.203442,78.193251,SO2,14,23,18
Madhya Pradesh,Gwalior,"City Center, Gwalior - MPPCB",14-11-2025 21:00,26.203442,78.193251,OZONE,30,87,84
Karnataka,Bengaluru,"Shivapura_Peenya, Bengaluru - KSPCB",14-11-2025 21:00,13.0246342,77.5080115,OZONE,19,20,20
Karnataka,Bengaluru,"Silk Board, Bengaluru - KSPCB",14-11-2025 21:00,12.917348,77.622813,PM10,102,203,134
Karnataka,Chikkamagaluru,"Kalyana Nagara, Chikkamagaluru - KSPCB",14-11-2025 21:00,13.328028,75.797056,CO,11,11,11
Karnataka,Davanagere,"Devaraj Urs Badavane, Davanagere - KSPCB",14-11-2025 21:00,14.4758,75.9052,PM10,82,119,98
Karnataka,Kalaburagi,"Lal Bahadur Shastri Nagar, Kalaburagi - KSPCB",14-11-2025 21:00,17.321993,76.822628,CO,48,70,58
Karnataka,Kalaburagi,"Lal Bahadur Shastri Nagar, Kalaburagi - KSPCB",14-11-2025 21:00,17.321993,76.822628,OZONE,20,20,20
Karnataka,Kalaburagi,"Mahatma Basaveswar Colony, Kalaburgi - KSPCB",14-11-2025 21:00,17.336318,76.847397,NH3,2,4,3
Karnataka,Kalaburagi,"Mahatma Basaveswar Colony, Kalaburgi - KSPCB",14-11-2025 21:00,17.336318,76.847397,SO2,2,9,4
Karnataka,Koppal,"Diwator Nagar, Koppal - KSPCB",14-11-2025 21:00,15.34763,76.181767,OZONE,10,15,11
Karnataka,Mysuru,"Hebbal 1st Stage, Mysuru - KSPCB",14-11-2025 21:00,12.21041,76.37376,NH3,2,7,5
Karnataka,Mysuru,"Hebbal 1st Stage, Mysuru - KSPCB",14-11-2025 21:00,12.21041,76.37376,CO,10,38,22
Karnataka,Mysuru,"Hebbal 1st Stage, Mysuru - KSPCB",14-11-2025 21:00,12.21041,76.37376,OZONE,5,65,54
Karnataka,Tumakuru,"Thimmalapura, Tumakuru - KSPCB",14-11-2025 21:00,13.377516,77.099072,NH3,6,6,6
Karnataka,Udupi,"Brahmagiri, Udupi - KSPCB",14-11-2025 21:00,13.34194444,74.74694444,NH3,1,1,1
Maharashtra,Mahad,"Kamble Tarf Birwadi, Mahad - MPCB",14-11-2025 21:00,18.1023399,73.4783687,CO,1,26,8
Maharashtra,Malegaon,"Mahesh Nagar, Malegaon - MPCB",14-11-2025 21:00,20.555712,74.529236,OZONE,28,43,31
Maharashtra,Mira-Bhayandar,"Bhayandar West, Mira-Bhayandar - MPCB",14-11-2025 21:00,19.296481,72.840923,PM10,90,137,112
Maharashtra,Mira-Bhayandar,"Bhayandar West, Mira-Bhayandar - MPCB",14-11-2025 21:00,19.296481,72.840923,NO2,22,93,53
Maharashtra,Mira-Bhayandar,"Bhayandar West, Mira-Bhayandar - MPCB",14-11-2025 21:00,19.296481,72.840923,NH3,3,10,6
Maharashtra,Mumbai,"Bandra Kurla Complex, Mumbai - IITM",14-11-2025 21:00,19.053536,72.84643,PM10,200,352,270
Madhya Pradesh,Katni,"Gole Bazar, Katni - MPPCB",14-11-2025 21:00,23.50016,80.23284,NO2,19,82,55
Madhya Pradesh,Mandideep,"Sector-D Industrial Area, Mandideep - MPPCB",14-11-2025 21:00,23.10844,77.511428,OZONE,4,125,91
Madhya Pradesh,Pithampur,"Sector-2 Industrial Area, Pithampur - MPPCB",14-11-2025 21:00,22.624758,75.675238,PM2.5,NA,NA,NA
Madhya Pradesh,Pithampur,"Sector-2 Industrial Area, Pithampur - MPPCB",14-11-2025 21:00,22.624758,75.675238,OZONE,28,67,52
Madhya Pradesh,Sagar,"Civil Lines, Sagar - MPPCB",14-11-2025 21:00,23.838586,78.759431,PM2.5,42,201,96
Madhya Pradesh,Sagar,"Civil Lines, Sagar - MPPCB",14-11-2025 21:00,23.838586,78.759431,SO2,6,25,10
Madhya Pradesh,Jabalpur,"Govindh Bhavan Colony, Jabalpur - JMC",14-11-2025 21:00,23.163174,79.973061,PM2.5,58,167,90
Madhya Pradesh,Jabalpur,"Govindh Bhavan Colony, Jabalpur - JMC",14-11-2025 21:00,23.163174,79.973061,PM10,58,115,84
Madhya Pradesh,Jabalpur,"Govindh Bhavan Colony, Jabalpur - JMC",14-11-2025 21:00,23.163174,79.973061,SO2,7,16,15
Madhya Pradesh,Jabalpur,"Gupteshwar, Jabalpur - JMC",14-11-2025 21:00,23.142888,79.916147,NO2,17,141,46
Madhya Pradesh,Jabalpur,"Marhatal, Jabalpur - MPPCB",14-11-2025 21:00,23.168606,79.932247,NH3,3,7,4
Madhya Pradesh,Jabalpur,"Suhagi, Jabalpur - JMC",14-11-2025 21:00,23.218135,79.95777,CO,4,101,56
Madhya Pradesh,Satna,"Bandhavgar Colony, Satna - Birla Cement",14-11-2025 21:00,24.58434363,80.8549414,PM10,63,64,64
Madhya Pradesh,Satna,"Bandhavgar Colony, Satna - Birla Cement",14-11-2025 21:00,24.58434363,80.8549414,SO2,20,27,21
Madhya Pradesh,Singrauli,"Suryakiran Bhawan NCL, Singrauli - MPPCB",14-11-2025 21:00,24.10897,82.64558,NH3,NA,NA,NA
Maharashtra,Ahmednagar,"Tarakpur, Ahmednagar - MPCB",14-11-2025 21:00,19.10122,74.73339,NO2,18,24,21
Maharashtra,Ahmednagar,"Tarakpur, Ahmednagar - MPCB",14-11-2025 21:00,19.10122,74.73339,NH3,4,6,6
Maharashtra,Chandrapur,"MIDC Khutala, Chandrapur - MPCB",14-11-2025 21:00,19.9775302,79.2337086,NO2,NA,NA,NA
Maharashtra,Chandrapur,"MIDC Khutala, Chandrapur - MPCB",14-11-2025 21:00,19.9775302,79.2337086,CO,36,42,41
Maharashtra,Jalna,"Old MIDC, Jalna - MPCB",14-11-2025 21:00,19.854616,75.905894,SO2,1,13,4
Maharashtra,Jalna,"Old MIDC, Jalna - MPCB",14-11-2025 21:00,19.854616,75.905894,OZONE,13,236,175
Maharashtra,Kalyan,"Khadakpada, Kalyan - MPCB",14-11-2025 21:00,19.25292,73.142019,PM2.5,26,306,86
Maharashtra,Belapur,"CBD Belapur, Belapur - MPCB",14-11-2025 21:00,19.0243902,73.0406721,NO2,17,22,20
Maharashtra,Belapur,"CBD Belapur, Belapur - MPCB",14-11-2025 21:00,19.0243902,73.0406721,CO,18,60,25
Maharashtra,Boisar,"Khaira, Boisar - MPCB",14-11-2025 21:00,19.786089,72.757971,NH3,4,7,5
Maharashtra,Chandrapur,"Chauhan Colony, Chandrapur - MPCB",14-11-2025 21:00,19.9629,79.298714,NO2,30,33,31
Maharashtra,Chandrapur,"Chauhan Colony, Chandrapur - MPCB",14-11-2025 21:00,19.9629,79.298714,OZONE,20,20,20
Maharashtra,Kalyan,"Khadakpada, Kalyan - MPCB",14-11-2025 21:00,19.25292,73.142019,CO,66,107,80
Maharashtra,Kolhapur,"Sinchan Bhavan, Kolhapur - MPCB",14-11-2025 21:00,16.7143745,74.2426398,PM2.5,90,335,198
Maharashtra,Kolhapur,"Sinchan Bhavan, Kolhapur - MPCB",14-11-2025 21:00,16.7143745,74.2426398,SO2,1,8,4
Maharashtra,Kolhapur,"Sinchan Bhavan, Kolhapur - MPCB",14-11-2025 21:00,16.7143745,74.2426398,OZONE,2,63,38
Madhya Pradesh,Gwalior,"Deen Dayal Nagar, Gwalior - MPPCB",14-11-2025 21:00,26.259242,78.216432,SO2,2,48,16
Madhya Pradesh,Indore,"Chhoti Gwaltoli, Indore - MPPCB",14-11-2025 21:00,22.431,75.5213,CO,49,141,75
Madhya Pradesh,Indore,"Regional Park, Indore - IMC",14-11-2025 21:00,22.678,75.8559,NO2,7,8,7
Maharashtra,Amravati,"Shri Shivaji Science College, Amravati - MPCB",14-11-2025 21:00,20.939198,77.765701,SO2,1,23,8
Maharashtra,Aurangabad,"Rachnakar Colony, Aurangabad - MPCB",14-11-2025 21:00,19.863756,75.321188,NH3,2,5,3
Maharashtra,Badlapur,"Katrap, Badlapur - MPCB",14-11-2025 21:00,19.16485,73.23409,SO2,5,22,15
Maharashtra,Mumbai,"Mindspace-Malad West, Mumbai - MPCB",14-11-2025 21:00,19.1878657,72.8304069,SO2,15,15,15
Maharashtra,Mumbai,"Mindspace-Malad West, Mumbai - MPCB",14-11-2025 21:00,19.1878657,72.8304069,CO,36,96,46
Maharashtra,Mumbai,"Mindspace-Malad West, Mumbai - MPCB",14-11-2025 21:00,19.1878657,72.8304069,OZONE,5,83,51
Maharashtra,Mumbai,"Mulund West, Mumbai - MPCB",14-11-2025 21:00,19.175,72.9419,PM2.5,84,170,112
Maharashtra,Mumbai,"Navy Nagar-Colaba, Mumbai - IITM",14-11-2025 21:00,18.897756,72.81332,NH3,4,9,6
Maharashtra,Mumbai,"Navy Nagar-Colaba, Mumbai - IITM",14-11-2025 21:00,18.897756,72.81332,SO2,14,46,24
Maharashtra,Mumbai,"Navy Nagar-Colaba, Mumbai - IITM",14-11-2025 21:00,18.897756,72.81332,CO,25,49,35
Maharashtra,Mumbai,"Sewri, Mumbai - BMC",14-11-2025 21:00,19.000084,72.85673,PM2.5,1,180,48
Maharashtra,Mumbai,"Sewri, Mumbai - BMC",14-11-2025 21:00,19.000084,72.85673,NH3,7,33,22
Maharashtra,Mumbai,"Sewri, Mumbai - BMC",14-11-2025 21:00,19.000084,72.85673,SO2,1,120,44
Maharashtra,Mumbai,"Sewri, Mumbai - BMC",14-11-2025 21:00,19.000084,72.85673,CO,2,56,13
Maharashtra,Mumbai,"Sewri, Mumbai - BMC",14-11-2025 21:00,19.000084,72.85673,OZONE,88,322,165
Maharashtra,Nagpur,"Ram Nagar, Nagpur - MPCB",14-11-2025 21:00,21.143383,79.048912,NH3,2,20,4
Maharashtra,Nagpur,"Ram Nagar, Nagpur - MPCB",14-11-2025 21:00,21.143383,79.048912,OZONE,5,92,61
Maharashtra,Nanded,"Sneh Nagar, Nanded - MPCB",14-11-2025 21:00,19.173852,77.296291,PM10,6,169,132
Maharashtra,Nanded,"Sneh Nagar, Nanded - MPCB",14-11-2025 21:00,19.173852,77.296291,CO,18,28,23
Maharashtra,Nanded,"Sneh Nagar, Nanded - MPCB",14-11-2025 21:00,19.173852,77.296291,OZONE,12,100,79
Maharashtra,Nashik,"Gangapur Road, Nashik - MPCB",14-11-2025 21:00,20.0073285,73.7762427,PM10,79,208,126
Maharashtra,Nashik,"Gangapur Road, Nashik - MPCB",14-11-2025 21:00,20.0073285,73.7762427,SO2,5,12,8
Maharashtra,Nashik,"Hirawadi, Nashik - MPCB",14-11-2025 21:00,20.021503,73.813844,CO,30,78,47
Maharashtra,Nashik,"Hirawadi, Nashik - MPCB",14-11-2025 21:00,20.021503,73.813844,OZONE,4,77,49
Maharashtra,Mumbai,"Vile Parle West, Mumbai - MPCB",14-11-2025 21:00,19.10861,72.83622,NH3,1,5,4
Maharashtra,Mumbai,"Vile Parle West, Mumbai - MPCB",14-11-2025 21:00,19.10861,72.83622,SO2,11,59,52
Maharashtra,Mumbai,"Worli, Mumbai - MPCB",14-11-2025 21:00,18.9936162,72.8128113,CO,4,20,12
Maharashtra,Nagpur,"Ambazari, Nagpur - MPCB",14-11-2025 21:00,21.121801,79.04952,SO2,8,101,24
Maharashtra,Nagpur,"Mahal, Nagpur - MPCB",14-11-2025 21:00,21.14472,79.107595,PM2.5,97,308,178
Maharashtra,Nagpur,"Opp GPO Civil Lines, Nagpur - MPCB",14-11-2025 21:00,21.152875,79.0517531,SO2,2,46,17
Maharashtra,Nagpur,"Ram Nagar, Nagpur - MPCB",14-11-2025 21:00,21.143383,79.048912,PM2.5,131,268,194
Maharashtra,Mumbai,"Byculla, Mumbai - BMC",14-11-2025 21:00,18.9767,72.838,SO2,12,18,14
Maharashtra,Mumbai,"Byculla, Mumbai - BMC",14-11-2025 21:00,18.9767,72.838,CO,32,105,39
Maharashtra,Mumbai,"Chakala-Andheri East, Mumbai - IITM",14-11-2025 21:00,19.11074,72.86084,OZONE,4,88,49
Maharashtra,Mumbai,"Chhatrapati Shivaji Intl. Airport (T2), Mumbai - MPCB",14-11-2025 21:00,19.10078,72.87462,PM2.5,54,138,85
Maharashtra,Mumbai,"Chhatrapati Shivaji Intl. Airport (T2), Mumbai - MPCB",14-11-2025 21:00,19.10078,72.87462,OZONE,7,8,7
Maharashtra,Mumbai,"Colaba, Mumbai - MPCB",14-11-2025 21:00,18.91,72.82,PM10,44,77,60
Maharashtra,Mumbai,"Colaba, Mumbai - MPCB",14-11-2025 21:00,18.91,72.82,SO2,NA,NA,NA
Maharashtra,Mumbai,"Siddharth Nagar-Worli, Mumbai - IITM",14-11-2025 21:00,19.000083,72.813993,PM2.5,98,199,150
Maharashtra,Mumbai,"Sion, Mumbai - MPCB",14-11-2025 21:00,19.047,72.8746,PM10,65,454,202
Maharashtra,Mumbai,"Sion, Mumbai - MPCB",14-11-2025 21:00,19.047,72.8746,SO2,10,10,10
Maharashtra,Mumbai,"Sion, Mumbai - MPCB",14-11-2025 21:00,19.047,72.8746,CO,8,16,11
Maharashtra,Mumbai,"Vasai West, Mumbai - MPCB",14-11-2025 21:00,19.3832,72.8204,PM2.5,32,82,56
Maharashtra,Mumbai,"Vasai West, Mumbai - MPCB",14-11-2025 21:00,19.3832,72.8204,CO,42,50,47
Maharashtra,Mumbai,"Vile Parle West, Mumbai - MPCB",14-11-2025 21:00,19.10861,72.83622,PM2.5,59,76,69
Maharashtra,Nashik,"Pandav Nagari, Nashik - MPCB",14-11-2025 21:00,19.9591346,73.7788008,PM2.5,92,231,149
Maharashtra,Nashik,"Pandav Nagari, Nashik - MPCB",14-11-2025 21:00,19.9591346,73.7788008,NH3,6,8,8
Maharashtra,Navi Mumbai,"Kopripada-Vashi, Navi Mumbai - MPCB",14-11-2025 21:00,19.090337,73.014232,PM2.5,48,77,66
Maharashtra,Navi Mumbai,"Kopripada-Vashi, Navi Mumbai - MPCB",14-11-2025 21:00,19.090337,73.014232,OZONE,1,66,47
Maharashtra,Navi Mumbai,"Mahape, Navi Mumbai - MPCB",14-11-2025 21:00,19.1135051,73.008978,PM10,97,187,135
Maharashtra,Navi Mumbai,"Mahape, Navi Mumbai - MPCB",14-11-2025 21:00,19.1135051,73.008978,NH3,3,3,3
Maharashtra,Mumbai,"Bandra Kurla Complex, Mumbai - IITM",14-11-2025 21:00,19.053536,72.84643,NO2,22,53,42
Maharashtra,Mumbai,"Bandra Kurla Complex, Mumbai - IITM",14-11-2025 21:00,19.053536,72.84643,CO,2,94,39
Maharashtra,Mumbai,"Bandra Kurla Complex, Mumbai - MPCB",14-11-2025 21:00,19.065931,72.862131,OZONE,1,176,98
Maharashtra,Mumbai,"Borivali East, Mumbai - IITM",14-11-2025 21:00,19.23241,72.86895,NH3,4,7,5
Maharashtra,Mumbai,"Borivali East, Mumbai - MPCB",14-11-2025 21:00,19.2243333,72.8658113,NO2,NA,NA,NA
Maharashtra,Mumbai,"Kurla, Mumbai - MPCB",14-11-2025 21:00,19.0863,72.8888,OZONE,28,29,29
Maharashtra,Mumbai,"Malad West, Mumbai - IITM",14-11-2025 21:00,19.19709,72.82204,PM10,132,249,172
Maharashtra,Mumbai,"Malad West, Mumbai - IITM",14-11-2025 21:00,19.19709,72.82204,CO,24,106,38
Maharashtra,Mumbai,"Mazgaon, Mumbai - IITM",14-11-2025 21:00,18.96702,72.84214,PM10,131,159,146
Maharashtra,Mumbai,"Mazgaon, Mumbai - IITM",14-11-2025 21:00,18.96702,72.84214,SO2,9,13,11
Maharashtra,Mumbai,"Mazgaon, Mumbai - IITM",14-11-2025 21:00,18.96702,72.84214,OZONE,17,306,185
Maharashtra,Mumbai,"Deonar, Mumbai - IITM",14-11-2025 21:00,19.04946,72.923,PM10,152,401,241
Maharashtra,Mumbai,"Kandivali East, Mumbai - MPCB",14-11-2025 21:00,19.2058,72.8682,PM10,78,169,114
Maharashtra,Mumbai,"Kandivali East, Mumbai - MPCB",14-11-2025 21:00,19.2058,72.8682,NH3,1,2,1
Maharashtra,Mumbai,"Kandivali West, Mumbai - BMC",14-11-2025 21:00,19.215859,72.831718,NH3,1,3,2
Maharashtra,Navi Mumbai,"Sanpada, Navi Mumbai - MPCB",14-11-2025 21:00,19.0575752,73.0151367,PM2.5,118,317,234
Maharashtra,Navi Mumbai,"Sanpada, Navi Mumbai - MPCB",14-11-2025 21:00,19.0575752,73.0151367,PM10,108,191,147
Maharashtra,Navi Mumbai,"Sanpada, Navi Mumbai - MPCB",14-11-2025 21:00,19.0575752,73.0151367,OZONE,15,15,15
Maharashtra,Navi Mumbai,"Sector-2E Kalamboli, Navi Mumbai - MPCB",14-11-2025 21:00,19.02579,73.10297,SO2,1,7,4
Maharashtra,Navi Mumbai,"Sector-2E Kalamboli, Navi Mumbai - MPCB",14-11-2025 21:00,19.02579,73.10297,CO,4,75,25
Maharashtra,Navi Mumbai,"Tondare-Taloja, Navi Mumbai - MPCB",14-11-2025 21:00,19.063,73.1209,PM10,52,190,106
Maharashtra,Navi Mumbai,"Tondare-Taloja, Navi Mumbai - MPCB",14-11-2025 21:00,19.063,73.1209,NH3,7,11,9
Maharashtra,Navi Mumbai,"Tondare-Taloja, Navi Mumbai - MPCB",14-11-2025 21:00,19.063,73.1209,SO2,2,3,3
Maharashtra,Navi Mumbai,"Tondare-Taloja, Navi Mumbai - MPCB",14-11-2025 21:00,19.063,73.1209,CO,33,48,35
Maharashtra,Parbhani,"Masoom Colony, Parbhani - MPCB",14-11-2025 21:00,19.265594,76.761463,SO2,3,16,9
Maharashtra,Parbhani,"Masoom Colony, Parbhani - MPCB",14-11-2025 21:00,19.265594,76.761463,CO,9,14,11
Maharashtra,Parbhani,"Masoom Colony, Parbhani - MPCB",14-11-2025 21:00,19.265594,76.761463,OZONE,10,10,10
Odisha,Balasore,"Kalidaspur, Balasore - OSPCB",14-11-2025 21:00,21.51161,86.89088,OZONE,25,84,67
Odisha,Barbil,"Forest Office, Barbil - OSPCB",14-11-2025 21:00,22.1166054,85.3945546,PM2.5,83,345,213
Odisha,Barbil,"Forest Office, Barbil - OSPCB",14-11-2025 21:00,22.1166054,85.3945546,NO2,18,56,28
Odisha,Baripada,"Meher Colony, Baripada - OSPCB",14-11-2025 21:00,21.941841,86.728318,NH3,1,2,1
Odisha,Bhubaneswar,"Lingraj Mandir, Bhubaneswar - OSPCB",14-11-2025 21:00,20.24079,85.836784,NH3,5,8,6
Odisha,Bhubaneswar,"Lingraj Mandir, Bhubaneswar - OSPCB",14-11-2025 21:00,20.24079,85.836784,CO,16,113,51
Odisha,Bhubaneswar,"Patia, Bhubaneswar - OSPCB",14-11-2025 21:00,20.34652,85.8163,PM2.5,130,347,255
Odisha,Bhubaneswar,"Patia, Bhubaneswar - OSPCB",14-11-2025 21:00,20.34652,85.8163,CO,17,107,44
Meghalaya,Shillong,"JN Stadium, Shillong - Meghalaya PCB",14-11-2025 21:00,25.5803419,91.8942571,PM10,NA,NA,NA
Meghalaya,Shillong,"JN Stadium, Shillong - Meghalaya PCB",14-11-2025 21:00,25.5803419,91.8942571,NH3,NA,NA,NA
Meghalaya,Shillong,"JN Stadium, Shillong - Meghalaya PCB",14-11-2025 21:00,25.5803419,91.8942571,SO2,NA,NA,NA
Meghalaya,Shillong,"Lumpyngngad, Shillong - Meghalaya PCB",14-11-2025 21:00,25.5586,91.8985,CO,1,10,6
Meghalaya,Shillong,"Lumpyngngad, Shillong - Meghalaya PCB",14-11-2025 21:00,25.5586,91.8985,OZONE,1,12,3
Nagaland,Kohima,"PWD Junction, Kohima - NPCB",14-11-2025 21:00,25.6635413,94.0989878,NH3,1,1,1
Nagaland,Kohima,"PWD Junction, Kohima - NPCB",14-11-2025 21:00,25.6635413,94.0989878,OZONE,6,20,14
Odisha,Angul,"Hakimapada, Angul - OSPCB",14-11-2025 21:00,20.832874,85.104082,PM2.5,143,323,210
Odisha,Angul,"Hakimapada, Angul - OSPCB",14-11-2025 21:00,20.832874,85.104082,OZONE,27,162,104
Maharashtra,Pune,"Savitribai Phule Pune University, Pune - MPCB",14-11-2025 21:00,18.547056,73.826908,SO2,1,4,2
Maharashtra,Pune,"Transport Nagar-Nigdi, Pune - IITM",14-11-2025 21:00,18.664282,73.763966,NO2,30,153,80
Maharashtra,Pune,"Transport Nagar-Nigdi, Pune - IITM",14-11-2025 21:00,18.664282,73.763966,OZONE,8,77,52
Maharashtra,Sangli,"Vijay Nagar, Sangli - MPCB",14-11-2025 21:00,16.5038,74.3623,PM2.5,103,301,180
Maharashtra,Sangli,"Vijay Nagar, Sangli - MPCB",14-11-2025 21:00,16.5038,74.3623,CO,33,42,36
Maharashtra,Solapur,"Dnyaneshwar Nagar, Solapur - MPCB",14-11-2025 21:00,17.6336264,75.9132495,NH3,5,19,10
Maharashtra,Solapur,"Dnyaneshwar Nagar, Solapur - MPCB",14-11-2025 21:00,17.6336264,75.9132495,CO,16,43,27
Maharashtra,Pimpri-Chinchwad,"Park Street Wakad, Pimpri Chinchwad - MPCB",14-11-2025 21:00,18.59051,73.77946,PM10,106,355,169
Maharashtra,Pimpri-Chinchwad,"Park Street Wakad, Pimpri Chinchwad - MPCB",14-11-2025 21:00,18.59051,73.77946,OZONE,1,108,66
Maharashtra,Pimpri-Chinchwad,"Savta Mali Nagar, Pimpri-Chinchwad - IITM",14-11-2025 21:00,18.614767,73.799516,PM10,95,188,146
Maharashtra,Pimpri-Chinchwad,"Savta Mali Nagar, Pimpri-Chinchwad - IITM",14-11-2025 21:00,18.614767,73.799516,CO,52,117,71
Maharashtra,Pimpri-Chinchwad,"Savta Mali Nagar, Pimpri-Chinchwad - IITM",14-11-2025 21:00,18.614767,73.799516,OZONE,2,70,49
Maharashtra,Pimpri-Chinchwad,"Thergaon, Pimpri Chinchwad - MPCB",14-11-2025 21:00,18.616318,73.765797,SO2,1,3,3
Maharashtra,Pimpri-Chinchwad,"Thergaon, Pimpri Chinchwad - MPCB",14-11-2025 21:00,18.616318,73.765797,CO,20,117,42
Maharashtra,Pimpri-Chinchwad,"Thergaon, Pimpri Chinchwad - MPCB",14-11-2025 21:00,18.616318,73.765797,OZONE,1,73,50
Maharashtra,Thane,"Kasarvadavali, Thane - MPCB",14-11-2025 21:00,19.26777,72.97182,PM10,97,164,121
Maharashtra,Thane,"Kasarvadavali, Thane - MPCB",14-11-2025 21:00,19.26777,72.97182,SO2,2,4,3
Maharashtra,Thane,"Upvan Fort, Thane - MPCB",14-11-2025 21:00,19.222279,72.957979,NH3,NA,NA,NA
Maharashtra,Ulhasnagar,"Sidhi Vinayak Nagar, Ulhasnagar - MPCB",14-11-2025 21:00,19.235581,73.159121,PM10,103,356,139
Maharashtra,Ulhasnagar,"Sidhi Vinayak Nagar, Ulhasnagar - MPCB",14-11-2025 21:00,19.235581,73.159121,SO2,4,16,10
Maharashtra,Ulhasnagar,"Sidhi Vinayak Nagar, Ulhasnagar - MPCB",14-11-2025 21:00,19.235581,73.159121,OZONE,13,95,57
Maharashtra,Virar,"Bolinj, Virar - MPCB",14-11-2025 21:00,19.445821,72.7988231,PM10,76,111,92
Odisha,Brajrajnagar,"GM Office, Brajrajnagar - OSPCB",14-11-2025 21:00,21.8004996,83.8396977,NO2,13,106,47
Odisha,Brajrajnagar,"GM Office, Brajrajnagar - OSPCB",14-11-2025 21:00,21.8004996,83.8396977,NH3,5,16,9
Odisha,Byasanagar,"Ferro Chrome Colony, Byasanagar - OSPCB",14-11-2025 21:00,20.94185,86.1151,CO,16,171,35
Odisha,Cuttack,"CDA Area, Cuttack - OSPCB",14-11-2025 21:00,20.48891,85.84768,PM10,121,425,198
Maharashtra,Pune,"Hadapsar, Pune - IITM",14-11-2025 21:00,18.501793,73.927532,CO,56,67,58
Maharashtra,Pune,"Mhada Colony, Pune - IITM",14-11-2025 21:00,18.57304,73.927715,OZONE,9,138,90
Maharashtra,Pune,"Panchawati_Pashan, Pune - IITM",14-11-2025 21:00,18.536457,73.805454,NO2,16,120,45
Maharashtra,Navi Mumbai,"Nerul, Navi Mumbai - MPCB",14-11-2025 21:00,19.008751,73.01662,CO,32,34,32
Rajasthan,Bhiwadi,"RIICO Ind. Area III, Bhiwadi - RSPCB",14-11-2025 21:00,28.194909,76.862296,OZONE,9,49,30
Rajasthan,Bhiwadi,"Vasundhara Nagar_UIT, Bhiwadi - RSPCB",14-11-2025 21:00,28.207266,76.829265,NH3,2,6,5
Rajasthan,Bhiwadi,"Vasundhara Nagar_UIT, Bhiwadi - RSPCB",14-11-2025 21:00,28.207266,76.829265,SO2,5,30,11
Rajasthan,Bikaner,"MM Ground, Bikaner - RSPCB",14-11-2025 21:00,28.018792,73.292658,PM10,60,452,209
Rajasthan,Bikaner,"MM Ground, Bikaner - RSPCB",14-11-2025 21:00,28.018792,73.292658,NH3,2,20,12
Rajasthan,Bundi,"New Colony, Bundi - RSPCB",14-11-2025 21:00,25.435774,75.644272,NO2,9,45,22
Rajasthan,Bundi,"New Colony, Bundi - RSPCB",14-11-2025 21:00,25.435774,75.644272,NH3,3,4,4
Rajasthan,Bundi,"New Colony, Bundi - RSPCB",14-11-2025 21:00,25.435774,75.644272,CO,18,42,28
Rajasthan,Chittorgarh,"Shastri Nagar, Chittorgarh - RSPCB",14-11-2025 21:00,24.892047,74.623527,NO2,10,94,46
Rajasthan,Chittorgarh,"Shastri Nagar, Chittorgarh - RSPCB",14-11-2025 21:00,24.892047,74.623527,OZONE,1,93,68
Punjab,Jalandhar,"Civil Line, Jalandhar - PPCB",14-11-2025 21:00,31.321907,75.578914,PM10,119,151,135
Punjab,Khanna,"Kalal Majra, Khanna - PPCB",14-11-2025 21:00,30.736056,76.209694,SO2,13,75,31
Punjab,Ludhiana,"Punjab Agricultural University, Ludhiana - PPCB",14-11-2025 21:00,30.9028,75.8086,PM10,138,154,143
Punjab,Ludhiana,"Punjab Agricultural University, Ludhiana - PPCB",14-11-2025 21:00,30.9028,75.8086,CO,28,92,52
Punjab,Mandi Gobindgarh,"RIMT University, Mandi Gobindgarh - PPCB",14-11-2025 21:00,30.649961,76.331442,PM10,143,405,208
Punjab,Mandi Gobindgarh,"RIMT University, Mandi Gobindgarh - PPCB",14-11-2025 21:00,30.649961,76.331442,NH3,6,6,6
Punjab,Patiala,"Model Town, Patiala - PPCB",14-11-2025 21:00,30.349388,76.366642,NO2,16,19,18
Rajasthan,Barmer,"Railway Colony, Barmer - RSPCB",14-11-2025 21:00,25.747299,71.393989,PM2.5,13,88,41
Rajasthan,Barmer,"Railway Colony, Barmer - RSPCB",14-11-2025 21:00,25.747299,71.393989,NO2,7,92,26
Rajasthan,Barmer,"Railway Colony, Barmer - RSPCB",14-11-2025 21:00,25.747299,71.393989,OZONE,17,77,59
Rajasthan,Bharatpur,"Krishna Nagar, Bharatpur - RSPCB",14-11-2025 21:00,27.215415,77.50873,PM2.5,52,248,136
Rajasthan,Bharatpur,"Krishna Nagar, Bharatpur - RSPCB",14-11-2025 21:00,27.215415,77.50873,NO2,25,125,61
Rajasthan,Bharatpur,"Krishna Nagar, Bharatpur - RSPCB",14-11-2025 21:00,27.215415,77.50873,CO,36,168,161
Rajasthan,Bhilwara,"Pratap Nagar, Bhilwara - RSPCB",14-11-2025 21:00,25.339605,74.618883,PM10,48,282,135
Rajasthan,Bhiwadi,"RIICO Ind. Area III, Bhiwadi - RSPCB",14-11-2025 21:00,28.194909,76.862296,NO2,18,129,70
Odisha,Talcher,"Talcher Coalfields,Talcher - OSPCB",14-11-2025 21:00,20.9360711,85.1707021,NH3,5,7,5
Odisha,Tensa,"Barsua Iron Ore Mines, Tensa - OSPCB",14-11-2025 21:00,21.869985,85.167016,PM2.5,NA,NA,NA
Odisha,Tensa,"Barsua Iron Ore Mines, Tensa - OSPCB",14-11-2025 21:00,21.869985,85.167016,CO,30,47,34
Puducherry,Puducherry,"Jawahar Nagar, Puducherry - PPCC",14-11-2025 21:00,11.9309,79.8027,PM10,62,93,72
Puducherry,Puducherry,"Jawahar Nagar, Puducherry - PPCC",14-11-2025 21:00,11.9309,79.8027,OZONE,46,91,71
Punjab,Amritsar,"Golden Temple, Amritsar - PPCB",14-11-2025 21:00,31.62,74.876512,PM2.5,72,297,153
Punjab,Amritsar,"Golden Temple, Amritsar - PPCB",14-11-2025 21:00,31.62,74.876512,SO2,14,92,26
Rajasthan,Jaipur,"Sector-2 Murlipura, Jaipur - RSPCB",14-11-2025 21:00,26.960669,75.771817,NO2,22,136,65
Rajasthan,Jaipur,"Shastri Nagar, Jaipur - RSPCB",14-11-2025 21:00,26.9502929,75.730943,PM2.5,67,318,192
Rajasthan,Jaipur,"Shastri Nagar, Jaipur - RSPCB",14-11-2025 21:00,26.9502929,75.730943,PM10,93,228,138
Rajasthan,Jaisalmer,"Sadar Bazar, Jaisalmer - RSPCB",14-11-2025 21:00,26.912329,70.909168,PM10,49,404,130
Rajasthan,Jaisalmer,"Sadar Bazar, Jaisalmer - RSPCB",14-11-2025 21:00,26.912329,70.909168,NO2,9,149,51
Rajasthan,Jalore,"Mudtra Sili, Jalore - RSPCB",14-11-2025 21:00,25.344694,72.626208,SO2,2,6,4
Rajasthan,Jalore,"Mudtra Sili, Jalore - RSPCB",14-11-2025 21:00,25.344694,72.626208,CO,18,112,54
Punjab,Patiala,"Model Town, Patiala - PPCB",14-11-2025 21:00,30.349388,76.366642,CO,22,98,57
Punjab,Rupnagar,"Ratanpura, Rupnagar - Ambuja Cements",14-11-2025 21:00,31.0325454,76.5623046,NO2,1,6,5
Rajasthan,Alwar,"Moti Doongri, Alwar - RSPCB",14-11-2025 21:00,27.554793,76.611536,PM2.5,37,123,82
Rajasthan,Alwar,"Moti Doongri, Alwar - RSPCB",14-11-2025 21:00,27.554793,76.611536,PM10,70,139,102
Rajasthan,Alwar,"Moti Doongri, Alwar - RSPCB",14-11-2025 21:00,27.554793,76.611536,OZONE,10,73,46
Rajasthan,Banswara,"Rati Talai, Banswara - RSPCB",14-11-2025 21:00,23.55519,74.44001,NH3,4,11,6
Rajasthan,Hanumangarh,"Housing Board, Hanumangarh - RSPCB",14-11-2025 21:00,29.61075,74.283608,NH3,12,25,19
Rajasthan,Hanumangarh,"Housing Board, Hanumangarh - RSPCB",14-11-2025 21:00,29.61075,74.283608,SO2,4,14,8
Rajasthan,Jaipur,"Adarsh Nagar, Jaipur - RSPCB",14-11-2025 21:00,26.902909,75.836858,PM10,83,212,135
Rajasthan,Jaipur,"Mansarovar Sector-12, Jaipur - RSPCB",14-11-2025 21:00,26.843698,75.766894,NH3,5,12,8
Rajasthan,Jaipur,"Police Commissionerate, Jaipur - RSPCB",14-11-2025 21:00,26.9164092,75.7994901,NO2,5,169,88
Rajasthan,Jaipur,"Police Commissionerate, Jaipur - RSPCB",14-11-2025 21:00,26.9164092,75.7994901,CO,28,83,56
Rajasthan,Churu,"Subash Chowk, Churu - RSPCB",14-11-2025 21:00,28.296139,74.961696,PM10,104,500,218
Rajasthan,Churu,"Subash Chowk, Churu - RSPCB",14-11-2025 21:00,28.296139,74.961696,CO,1,112,39
Rajasthan,Dausa,"Khatikan Mohalla, Dausa - RSPCB",14-11-2025 21:00,26.895552,76.334753,NO2,23,132,67
Rajasthan,Dausa,"Khatikan Mohalla, Dausa - RSPCB",14-11-2025 21:00,26.895552,76.334753,CO,43,150,150
Rajasthan,Dausa,"Khatikan Mohalla, Dausa - RSPCB",14-11-2025 21:00,26.895552,76.334753,OZONE,2,110,69
Rajasthan,Dholpur,"Raja Ganj, Dholpur - RSPCB",14-11-2025 21:00,26.699557,77.898881,CO,36,126,69
Rajasthan,Dholpur,"Raja Ganj, Dholpur - RSPCB",14-11-2025 21:00,26.699557,77.898881,OZONE,12,34,30
Odisha,Keonjhar,"Jagamohanpur, Keonjhar - OSPCB",14-11-2025 21:00,21.6439,85.599355,OZONE,16,31,20
Odisha,Rourkela,"Raghunathpali, Rourkela - OSPCB",14-11-2025 21:00,22.220833,84.809444,PM10,74,339,116
Odisha,Rourkela,"Raghunathpali, Rourkela - OSPCB",14-11-2025 21:00,22.220833,84.809444,SO2,3,7,4
Odisha,Rourkela,"Raghunathpali, Rourkela - OSPCB",14-11-2025 21:00,22.220833,84.809444,CO,26,112,54
Rajasthan,Jhalawar,"Rajlaxmi Nagar, Jhalawar - RSPCB",14-11-2025 21:00,24.588397,76.172782,NO2,40,78,57
Rajasthan,Jhalawar,"Rajlaxmi Nagar, Jhalawar - RSPCB",14-11-2025 21:00,24.588397,76.172782,NH3,3,5,4
Rajasthan,Jhunjhunu,"Indra Nagar, Jhunjhunu - RSPCB",14-11-2025 21:00,28.108988,75.386577,PM10,72,448,206
Rajasthan,Jhunjhunu,"Indra Nagar, Jhunjhunu - RSPCB",14-11-2025 21:00,28.108988,75.386577,NO2,5,147,54
Rajasthan,Jodhpur,"Collectorate, Jodhpur - RSPCB",14-11-2025 21:00,26.268249,73.0193853,PM2.5,54,300,155
Rajasthan,Jodhpur,"Collectorate, Jodhpur - RSPCB",14-11-2025 21:00,26.268249,73.0193853,SO2,9,17,15
Rajasthan,Jodhpur,"Collectorate, Jodhpur - RSPCB",14-11-2025 21:00,26.268249,73.0193853,CO,10,133,57
Rajasthan,Jodhpur,"Collectorate, Jodhpur - RSPCB",14-11-2025 21:00,26.268249,73.0193853,OZONE,9,78,37
Rajasthan,Jodhpur,"Digari Kalan, Jodhpur - RSPCB",14-11-2025 21:00,26.29581,73.082283,PM2.5,13,133,58
Rajasthan,Jodhpur,"Digari Kalan, Jodhpur - RSPCB",14-11-2025 21:00,26.29581,73.082283,PM10,51,239,118
Rajasthan,Jodhpur,"Digari Kalan, Jodhpur - RSPCB",14-11-2025 21:00,26.29581,73.082283,NO2,5,99,42
Rajasthan,Jodhpur,"Digari Kalan, Jodhpur - RSPCB",14-11-2025 21:00,26.29581,73.082283,SO2,1,5,3
Rajasthan,Jodhpur,"Digari Kalan, Jodhpur - RSPCB",14-11-2025 21:00,26.29581,73.082283,OZONE,6,124,72
Rajasthan,Jodhpur,"Jhalamand, Jodhpur - RSPCB",14-11-2025 21:00,26.215415,73.070156,PM10,53,358,115
Rajasthan,Jodhpur,"Jhalamand, Jodhpur - RSPCB",14-11-2025 21:00,26.215415,73.070156,NO2,7,85,36
Rajasthan,Jodhpur,"Jhalamand, Jodhpur - RSPCB",14-11-2025 21:00,26.215415,73.070156,SO2,3,6,5
Rajasthan,Jodhpur,"Jhalamand, Jodhpur - RSPCB",14-11-2025 21:00,26.215415,73.070156,CO,11,79,24
Rajasthan,Sri Ganganagar,"Old City, Sri Ganganagar - RSPCB",14-11-2025 21:00,29.931624,73.864511,CO,15,193,193
Rajasthan,Tonk,"Shastri Nagar, Tonk - RSPCB",14-11-2025 21:00,26.159933,75.780517,NO2,11,130,48
Rajasthan,Tonk,"Shastri Nagar, Tonk - RSPCB",14-11-2025 21:00,26.159933,75.780517,NH3,3,11,7
Rajasthan,Tonk,"Shastri Nagar, Tonk - RSPCB",14-11-2025 21:00,26.159933,75.780517,SO2,1,4,2
Rajasthan,Udaipur,"Ashok Nagar, Udaipur - RSPCB",14-11-2025 21:00,24.5886166,73.6321397,PM10,44,197,106
Rajasthan,Udaipur,"Ashok Nagar, Udaipur - RSPCB",14-11-2025 21:00,24.5886166,73.6321397,NH3,4,7,6
Rajasthan,Udaipur,"Ashok Nagar, Udaipur - RSPCB",14-11-2025 21:00,24.5886166,73.6321397,SO2,4,11,8
Sikkim,Gangtok,"Zero Point GICI, Gangtok - SSPCB",14-11-2025 21:00,27.33853,88.614099,PM10,17,44,26
TamilNadu,Gummidipoondi,"Anthoni Pillai Nagar, Gummidipoondi - TNPCB",14-11-2025 21:00,13.4127,80.1081,PM10,83,344,144
TamilNadu,Gummidipoondi,"Anthoni Pillai Nagar, Gummidipoondi - TNPCB",14-11-2025 21:00,13.4127,80.1081,NO2,5,44,16
TamilNadu,Karur,"Kamadenu Nagar, Karur - TNPCB",14-11-2025 21:00,10.96782,78.080882,NO2,2,6,4
TamilNadu,Madurai,"Uchapatti, Madurai - TNPCB",14-11-2025 21:00,9.865935,78.022669,PM10,28,137,81
TamilNadu,Madurai,"Uchapatti, Madurai - TNPCB",14-11-2025 21:00,9.865935,78.022669,NH3,4,4,4
TamilNadu,Madurai,"Uchapatti, Madurai - TNPCB",14-11-2025 21:00,9.865935,78.022669,CO,10,26,15
TamilNadu,Nagapattinam,"Velippalayam, Nagapattinam - TNPCB",14-11-2025 21:00,10.798548,79.838212,NO2,5,5,5
TamilNadu,Coimbatore,"PSG College of Arts and Science, Coimbatore - TNPCB",14-11-2025 21:00,11.0328,77.0349,NH3,1,1,1
TamilNadu,Coimbatore,"SIDCO Kurichi, Coimbatore - TNPCB",14-11-2025 21:00,10.942451,76.978996,NO2,14,66,28
TamilNadu,Coimbatore,"SIDCO Kurichi, Coimbatore - TNPCB",14-11-2025 21:00,10.942451,76.978996,SO2,20,22,21
TamilNadu,Coimbatore,"SIDCO Kurichi, Coimbatore - TNPCB",14-11-2025 21:00,10.942451,76.978996,OZONE,5,58,31
TamilNadu,Cuddalore,"Semmandalam, Cuddalore - TNPCB",14-11-2025 21:00,11.7637683,79.7499835,NH3,1,3,2
TamilNadu,Cuddalore,"Semmandalam, Cuddalore - TNPCB",14-11-2025 21:00,11.7637683,79.7499835,OZONE,1,2,2
TamilNadu,Dindigul,"Mendonsa Colony, Dindigul - TNPCB",14-11-2025 21:00,10.358535,77.984321,CO,18,21,19
Rajasthan,Kota,"Nayapura, Kota - RSPCB",14-11-2025 21:00,25.196024,75.855668,PM10,79,215,146
Rajasthan,Kota,"Nayapura, Kota - RSPCB",14-11-2025 21:00,25.196024,75.855668,NO2,18,118,61
Rajasthan,Kota,"Nayapura, Kota - RSPCB",14-11-2025 21:00,25.196024,75.855668,SO2,1,108,10
Rajasthan,Kota,"Shrinath Puram, Kota - RSPCB",14-11-2025 21:00,25.14389,75.821256,OZONE,1,15,9
Rajasthan,Nagaur,"Karni Colony, Nagaur - RSPCB",14-11-2025 21:00,27.213494,73.734444,SO2,2,23,6
Rajasthan,Pali,"Indira Colony Vistar, Pali - RSPCB",14-11-2025 21:00,25.771061,73.340227,CO,6,66,27
TamilNadu,Chennai,"Kodungaiyur, Chennai - TNPCB",14-11-2025 21:00,13.1278,80.2642,NH3,3,5,4
TamilNadu,Chennai,"Kodungaiyur, Chennai - TNPCB",14-11-2025 21:00,13.1278,80.2642,CO,9,30,25
TamilNadu,Chennai,"Manali Village, Chennai - TNPCB",14-11-2025 21:00,13.1662,80.2584,PM10,4,128,89
TamilNadu,Chennai,"Manali, Chennai - CPCB",14-11-2025 21:00,13.164544,80.26285,CO,12,36,17
TamilNadu,Chennai,"Perungudi, Chennai - TNPCB",14-11-2025 21:00,12.9533,80.2357,PM10,64,125,84
TamilNadu,Chennai,"Perungudi, Chennai - TNPCB",14-11-2025 21:00,12.9533,80.2357,NO2,2,19,5
TamilNadu,Chennai,"Perungudi, Chennai - TNPCB",14-11-2025 21:00,12.9533,80.2357,SO2,3,10,6
Rajasthan,Pratapgarh,"Pragati Nagar, Pratapgarh - RSPCB",14-11-2025 21:00,24.041198,74.780702,OZONE,23,145,119
Rajasthan,Rajsamand,"Dhoinda, Rajsamand - RSPCB",14-11-2025 21:00,25.03636,73.883502,NO2,7,50,25
Rajasthan,Sikar,"Radhakishan Pura, Sikar - RSPCB",14-11-2025 21:00,27.608912,75.153302,PM10,84,462,232
Rajasthan,Sirohi,"Vedhaynath Colony, Sirohi - RSPCB",14-11-2025 21:00,24.885261,72.857549,PM10,49,128,81
Rajasthan,Jodhpur,"Mandor, Jodhpur - RSPCB",14-11-2025 21:00,26.358805,73.047444,NH3,3,15,6
Rajasthan,Jodhpur,"Samrat Ashok Udhyan, Jodhpur - RSPCB",14-11-2025 21:00,26.253384,72.976571,PM2.5,23,365,91
Rajasthan,Jodhpur,"Samrat Ashok Udhyan, Jodhpur - RSPCB",14-11-2025 21:00,26.253384,72.976571,PM10,54,430,118
Rajasthan,Jodhpur,"Samrat Ashok Udhyan, Jodhpur - RSPCB",14-11-2025 21:00,26.253384,72.976571,NO2,12,120,43
Rajasthan,Karauli,"Satyawati Vihar, Karauli - RSPCB",14-11-2025 21:00,26.506177,77.025989,PM10,66,199,121
Sikkim,Gangtok,"Zero Point GICI, Gangtok - SSPCB",14-11-2025 21:00,27.33853,88.614099,OZONE,33,92,80
TamilNadu,Chennai,"Arumbakkam, Chennai - TNPCB",14-11-2025 21:00,13.0664,80.2112,PM2.5,67,125,86
TamilNadu,Chennai,"Arumbakkam, Chennai - TNPCB",14-11-2025 21:00,13.0664,80.2112,NO2,10,24,15
TamilNadu,Chennai,"Gandhi Nagar_Ennore, Chennai - TNPCB",14-11-2025 21:00,13.218341,80.32027,PM2.5,49,77,62
Telangana,Hyderabad,"Bollaram Industrial Area, Hyderabad - TSPCB",14-11-2025 21:00,17.540891,78.358528,PM2.5,46,151,85
Telangana,Hyderabad,"Bollaram Industrial Area, Hyderabad - TSPCB",14-11-2025 21:00,17.540891,78.358528,PM10,35,94,62
Telangana,Hyderabad,"Bollaram Industrial Area, Hyderabad - TSPCB",14-11-2025 21:00,17.540891,78.358528,SO2,2,9,7
Telangana,Hyderabad,"ECIL Kapra, Hyderabad - TSPCB",14-11-2025 21:00,17.470431,78.566959,CO,21,41,28
Telangana,Hyderabad,"ICRISAT Patancheru, Hyderabad - TSPCB",14-11-2025 21:00,17.5184,78.278777,PM2.5,57,182,137
Telangana,Hyderabad,"ICRISAT Patancheru, Hyderabad - TSPCB",14-11-2025 21:00,17.5184,78.278777,PM10,86,159,137
Telangana,Hyderabad,"ICRISAT Patancheru, Hyderabad - TSPCB",14-11-2025 21:00,17.5184,78.278777,SO2,6,49,15
Telangana,Hyderabad,"IDA Pashamylaram, Hyderabad - TSPCB",14-11-2025 21:00,17.5316895,78.218939,PM2.5,NA,NA,NA
Uttar_Pradesh,Agra,"Sanjay Palace, Agra - UPPCB",14-11-2025 21:00,27.19865833,78.00598056,SO2,15,17,16
Uttar_Pradesh,Agra,"Sanjay Palace, Agra - UPPCB",14-11-2025 21:00,27.19865833,78.00598056,CO,32,112,54
Uttar_Pradesh,Agra,"Sanjay Palace, Agra - UPPCB",14-11-2025 21:00,27.19865833,78.00598056,OZONE,8,143,90
Uttar_Pradesh,Agra,"Shahjahan Garden, Agra - UPPCB",14-11-2025 21:00,27.169338,78.03582,PM2.5,NA,NA,NA
Uttar_Pradesh,Agra,"Shahjahan Garden, Agra - UPPCB",14-11-2025 21:00,27.169338,78.03582,NO2,NA,NA,NA
Uttar_Pradesh,Agra,"Shastripuram, Agra - UPPCB",14-11-2025 21:00,27.19862,77.92066,SO2,5,7,6
Uttar_Pradesh,Baghpat,"Sardar Patel Inter College, Baghpat - UPPCB",14-11-2025 21:00,28.964949,77.278761,PM10,136,299,229
Telangana,Hyderabad,"IDA Pashamylaram, Hyderabad - TSPCB",14-11-2025 21:00,17.5316895,78.218939,NH3,NA,NA,NA
Telangana,Hyderabad,"IITH Kandi, Hyderabad - TSPCB",14-11-2025 21:00,17.585705,78.126199,SO2,NA,NA,NA
Telangana,Hyderabad,"Kokapet, Hyderabad - TSPCB",14-11-2025 21:00,17.393559,78.339194,PM2.5,39,51,43
Telangana,Hyderabad,"Kokapet, Hyderabad - TSPCB",14-11-2025 21:00,17.393559,78.339194,PM10,62,104,92
Telangana,Hyderabad,"Kokapet, Hyderabad - TSPCB",14-11-2025 21:00,17.393559,78.339194,OZONE,14,23,21
Telangana,Hyderabad,"Kompally Municipal Office, Hyderabad - TSPCB",14-11-2025 21:00,17.544899,78.486949,PM2.5,43,57,48
Telangana,Hyderabad,"Kompally Municipal Office, Hyderabad - TSPCB",14-11-2025 21:00,17.544899,78.486949,PM10,83,102,90
Telangana,Hyderabad,"Kompally Municipal Office, Hyderabad - TSPCB",14-11-2025 21:00,17.544899,78.486949,SO2,9,13,10
TamilNadu,Ooty,"Bombay Castel, Ooty - TNPCB",14-11-2025 21:00,11.4068288,76.7138973,NO2,1,11,3
TamilNadu,Palkalaiperur,"Bharathidasan University, Palkalaiperur - TNPCB",14-11-2025 21:00,10.681158,78.741746,SO2,4,13,10
TamilNadu,Perundurai,"SIPCOT Industrial Park, Perundurai - TNPCB",14-11-2025 21:00,11.258242,77.552761,PM10,6,129,78
TamilNadu,Perundurai,"SIPCOT Industrial Park, Perundurai - TNPCB",14-11-2025 21:00,11.258242,77.552761,OZONE,1,14,5
TamilNadu,Ramanathapuram,"Chalai Bazaar, Ramanathapuram - TNPCB",14-11-2025 21:00,9.36399,78.831977,PM10,45,100,59
Uttar_Pradesh,Agra,"Manoharpur, Agra - UPPCB",14-11-2025 21:00,27.23711,78.01936,NO2,40,45,41
Uttar_Pradesh,Agra,"Manoharpur, Agra - UPPCB",14-11-2025 21:00,27.23711,78.01936,NH3,2,2,2
Uttar_Pradesh,Agra,"Manoharpur, Agra - UPPCB",14-11-2025 21:00,27.23711,78.01936,SO2,34,54,45
Uttar_Pradesh,Agra,"Manoharpur, Agra - UPPCB",14-11-2025 21:00,27.23711,78.01936,CO,22,39,29
Uttar_Pradesh,Agra,"Rohta, Agra - UPPCB",14-11-2025 21:00,27.106972,78.000111,PM2.5,60,309,175
Uttar_Pradesh,Agra,"Rohta, Agra - UPPCB",14-11-2025 21:00,27.106972,78.000111,CO,34,81,47
Uttar_Pradesh,Agra,"Sanjay Palace, Agra - UPPCB",14-11-2025 21:00,27.19865833,78.00598056,PM2.5,78,388,272
TamilNadu,Salem,"Sona College of Technology, Salem - TNPCB",14-11-2025 21:00,11.679111,78.125052,SO2,18,19,18
TamilNadu,Thanjavur,"Parisutham Nagar, Thanjavur - TNPCB",14-11-2025 21:00,10.7654824,79.1389968,NO2,3,3,3
TamilNadu,Tiruchirappalli,"St Joseph College, Tiruchirappalli - TNPCB",14-11-2025 21:00,10.830158,78.691849,NH3,NA,NA,NA
TamilNadu,Tiruchirappalli,"St Joseph College, Tiruchirappalli - TNPCB",14-11-2025 21:00,10.830158,78.691849,OZONE,4,17,11
Telangana,Hyderabad,"Nacharam_TSIIC IALA, Hyderabad - TSPCB",14-11-2025 21:00,17.429398,78.569354,NH3,4,6,4
Telangana,Hyderabad,"Nacharam_TSIIC IALA, Hyderabad - TSPCB",14-11-2025 21:00,17.429398,78.569354,CO,40,62,45
Telangana,Hyderabad,"New Malakpet, Hyderabad - TSPCB",14-11-2025 21:00,17.37206,78.50864,CO,24,38,36
Uttar_Pradesh,Ghaziabad,"Loni, Ghaziabad - UPPCB",14-11-2025 21:00,28.757294,77.278792,NH3,3,15,8
Uttar_Pradesh,Ghaziabad,"Sanjay Nagar, Ghaziabad - UPPCB",14-11-2025 21:00,28.685382,77.453839,NH3,9,17,12
Uttar_Pradesh,Ghaziabad,"Sanjay Nagar, Ghaziabad - UPPCB",14-11-2025 21:00,28.685382,77.453839,CO,22,142,74
Uttar_Pradesh,Bareilly,"Rajendra Nagar, Bareilly - UPPCB",14-11-2025 21:00,28.38910936,79.42963708,NH3,1,1,1
Uttar_Pradesh,Prayagraj,"Motilal Nehru NIT, Prayagraj - UPPCB",14-11-2025 21:00,25.494,81.863,OZONE,6,99,43
Uttar_Pradesh,Prayagraj,"Nagar Nigam, Prayagraj - UPPCB",14-11-2025 21:00,25.44919916,81.82735986,OZONE,11,12,11
Uttar_Pradesh,Varanasi,"Ardhali Bazar, Varanasi - UPPCB",14-11-2025 21:00,25.3505986,82.9083074,PM2.5,NA,NA,NA
Uttar_Pradesh,Varanasi,"Bhelupur, Varanasi - UPPCB",14-11-2025 21:00,25.301778,82.996789,NH3,1,1,1
Uttar_Pradesh,Varanasi,"Bhelupur, Varanasi - UPPCB",14-11-2025 21:00,25.301778,82.996789,OZONE,1,11,5
Uttar_Pradesh,Varanasi,"IESD Banaras Hindu University, Varanasi - UPPCB",14-11-2025 21:00,25.262326,82.995408,PM2.5,54,179,95
Uttar_Pradesh,Varanasi,"IESD Banaras Hindu University, Varanasi - UPPCB",14-11-2025 21:00,25.262326,82.995408,NO2,2,2,2
Uttar_Pradesh,Varanasi,"Maldahiya, Varanasi - UPPCB",14-11-2025 21:00,25.32393,82.99687,PM2.5,59,296,126
Uttar_Pradesh,Lucknow,"Lalbagh, Lucknow - CPCB",14-11-2025 21:00,26.8458805,80.9365541,NH3,16,24,20
Uttar_Pradesh,Lucknow,"Lalbagh, Lucknow - CPCB",14-11-2025 21:00,26.8458805,80.9365541,CO,4,60,16
Uttar_Pradesh,Lucknow,"Talkatora District Industries Center, Lucknow - CPCB",14-11-2025 21:00,26.83399722,80.8917361,PM10,101,193,164
Uttar_Pradesh,Meerut,"Ganga Nagar, Meerut - UPPCB",14-11-2025 21:00,28.999264,77.7590354,PM2.5,98,416,288
Uttar_Pradesh,Meerut,"Ganga Nagar, Meerut - UPPCB",14-11-2025 21:00,28.999264,77.7590354,NH3,2,8,6
Uttar_Pradesh,Meerut,"Ganga Nagar, Meerut - UPPCB",14-11-2025 21:00,28.999264,77.7590354,OZONE,5,157,87
Uttar_Pradesh,Meerut,"Jai Bhim Nagar, Meerut - UPPCB",14-11-2025 21:00,28.9535882,77.7622941,PM2.5,80,409,298
Uttar_Pradesh,Meerut,"Jai Bhim Nagar, Meerut - UPPCB",14-11-2025 21:00,28.9535882,77.7622941,CO,35,118,83
Uttar_Pradesh,Varanasi,"Maldahiya, Varanasi - UPPCB",14-11-2025 21:00,25.32393,82.99687,OZONE,1,9,5
Uttar_Pradesh,Vrindavan,"Omex Eternity, Vrindavan - UPPCB",14-11-2025 21:00,27.571409,77.655757,NH3,1,3,2
Uttar_Pradesh,Vrindavan,"Omex Eternity, Vrindavan - UPPCB",14-11-2025 21:00,27.571409,77.655757,CO,38,86,53
Uttarakhand,Dehradun,"Doon University, Dehradun - UKPCB",14-11-2025 21:00,30.269444,78.044167,CO,2,24,7
Uttarakhand,Dehradun,"Doon University, Dehradun - UKPCB",14-11-2025 21:00,30.269444,78.044167,OZONE,31,69,59
Uttarakhand,Kashipur,"Govt. Girls Inter College, Kashipur - UKPCB",14-11-2025 21:00,29.2124114,78.9611753,NO2,9,44,17
Uttar_Pradesh,Lucknow,"B R Ambedkar University, Lucknow - UPPCB",14-11-2025 21:00,26.766433,80.927299,PM2.5,41,309,143
Uttar_Pradesh,Lucknow,"B R Ambedkar University, Lucknow - UPPCB",14-11-2025 21:00,26.766433,80.927299,NO2,21,22,22
Uttar_Pradesh,Lucknow,"Kendriya Vidyalaya, Lucknow - CPCB",14-11-2025 21:00,26.906111,80.948222,PM2.5,76,312,224
Uttar_Pradesh,Lucknow,"Kendriya Vidyalaya, Lucknow - CPCB",14-11-2025 21:00,26.906111,80.948222,PM10,121,323,157
Uttar_Pradesh,Lucknow,"Kendriya Vidyalaya, Lucknow - CPCB",14-11-2025 21:00,26.906111,80.948222,CO,34,105,66
Uttar_Pradesh,Lucknow,"Kukrail Picnic Spot-1, Lucknow - UPPCB",14-11-2025 21:00,26.90723,80.98579,CO,10,16,12
Uttar_Pradesh,Meerut,"Pallavpuram Phase 2, Meerut - UPPCB",14-11-2025 21:00,29.06351,77.709723,PM2.5,160,446,357
Uttar_Pradesh,Meerut,"Pallavpuram Phase 2, Meerut - UPPCB",14-11-2025 21:00,29.06351,77.709723,NO2,18,85,38
Uttar_Pradesh,Moradabad,"Buddhi Vihar, Moradabad - UPPCB",14-11-2025 21:00,28.83526,78.7446,PM10,82,173,130
Uttar_Pradesh,Moradabad,"Buddhi Vihar, Moradabad - UPPCB",14-11-2025 21:00,28.83526,78.7446,NO2,26,29,29
Uttar_Pradesh,Moradabad,"Eco Herbal Park, Moradabad - UPPCB",14-11-2025 21:00,28.840739,78.697531,PM2.5,62,264,114
Uttar_Pradesh,Moradabad,"Eco Herbal Park, Moradabad - UPPCB",14-11-2025 21:00,28.840739,78.697531,NH3,1,5,2
Uttar_Pradesh,Greater Noida,"Knowledge Park - III, Greater Noida - UPPCB",14-11-2025 21:00,28.47272,77.482,CO,24,123,83
Uttar_Pradesh,Hapur,"Anand Vihar, Hapur - UPPCB",14-11-2025 21:00,28.725645,77.749675,NO2,107,428,252
Uttar_Pradesh,Hapur,"Anand Vihar, Hapur - UPPCB",14-11-2025 21:00,28.725645,77.749675,SO2,38,86,55
Uttar_Pradesh,Hapur,"Anand Vihar, Hapur - UPPCB",14-11-2025 21:00,28.725645,77.749675,OZONE,1,3,1
Uttar_Pradesh,Moradabad,"Kashiram Nagar, Moradabad - UPPCB",14-11-2025 21:00,28.849399,78.742362,NH3,4,4,4
Uttar_Pradesh,Muzaffarnagar,"New Mandi, Muzaffarnagar - UPPCB",14-11-2025 21:00,29.4723508,77.7194031,CO,22,116,69
Uttar_Pradesh,Noida,"Sector - 125, Noida - UPPCB",14-11-2025 21:00,28.5447608,77.3231257,NH3,15,21,18
Uttar_Pradesh,Moradabad,"Employment Office, Moradabad - UPPCB",14-11-2025 21:00,28.88528,78.7388,CO,26,54,29
Uttar_Pradesh,Moradabad,"Employment Office, Moradabad - UPPCB",14-11-2025 21:00,28.88528,78.7388,OZONE,13,18,16
Uttar_Pradesh,Kanpur,"NSI Kalyanpur, Kanpur - UPPCB",14-11-2025 21:00,26.509954,80.249612,NH3,3,3,3
West_Bengal,Asansol,"Evelyn Lodge, Asansol - WBPCB",14-11-2025 21:00,23.697936,86.944395,NH3,3,4,3
West_Bengal,Asansol,"Evelyn Lodge, Asansol - WBPCB",14-11-2025 21:00,23.697936,86.944395,OZONE,10,61,43
West_Bengal,Asansol,"Mahabir Colliery, Asansol - WBPCB",14-11-2025 21:00,23.618183,87.105718,SO2,6,8,7
West_Bengal,Asansol,"Trivenidevi Bhalotia College, Asansol - WBPCB",14-11-2025 21:00,23.616515,87.119133,PM10,71,140,116
West_Bengal,Asansol,"Trivenidevi Bhalotia College, Asansol - WBPCB",14-11-2025 21:00,23.616515,87.119133,SO2,1,11,6
West_Bengal,Durgapur,"Mahishkapur Road_B-Zone, Durgapur - WBPCB",14-11-2025 21:00,23.567923,87.306843,CO,36,91,50
West_Bengal,Durgapur,"Mahishkapur Road_B-Zone, Durgapur - WBPCB",14-11-2025 21:00,23.567923,87.306843,OZONE,25,106,69
West_Bengal,Durgapur,"PCBL Residential Complex, Durgapur - WBPCB",14-11-2025 21:00,23.508764,87.35444,PM10,NA,NA,NA
West_Bengal,Durgapur,"PCBL Residential Complex, Durgapur - WBPCB",14-11-2025 21:00,23.508764,87.35444,NH3,NA,NA,NA
West_Bengal,Durgapur,"PCBL Residential Complex, Durgapur - WBPCB",14-11-2025 21:00,23.508764,87.35444,SO2,4,11,6
West_Bengal,Durgapur,"Womens College_City Center, Durgapur - WBPCB (Formerly known as Sidhu Kanhu Indoor Stadium)",14-11-2025 21:00,23.549395,87.300496,NH3,2,3,2
West_Bengal,Howrah,"Belur Math, Howrah - WBPCB",14-11-2025 21:00,22.629801,88.352017,NO2,NA,NA,NA
West_Bengal,Howrah,"Belur Math, Howrah - WBPCB",14-11-2025 21:00,22.629801,88.352017,NH3,NA,NA,NA
West_Bengal,Howrah,"Dasnagar, Howrah - WBPCB",14-11-2025 21:00,22.6025571,88.3105664,OZONE,1,114,51
West_Bengal,Howrah,"Ghusuri, Howrah - WBPCB",14-11-2025 21:00,22.611968,88.347422,PM10,111,348,156
West_Bengal,Howrah,"Ghusuri, Howrah - WBPCB",14-11-2025 21:00,22.611968,88.347422,NH3,7,15,11
West_Bengal,Howrah,"Padmapukur, Howrah - WBPCB",14-11-2025 21:00,22.5687319,88.2797276,PM2.5,135,351,276
West_Bengal,Howrah,"Padmapukur, Howrah - WBPCB",14-11-2025 21:00,22.5687319,88.2797276,PM10,118,219,160
West_Bengal,Howrah,"Padmapukur, Howrah - WBPCB",14-11-2025 21:00,22.5687319,88.2797276,NH3,3,11,7
West_Bengal,Kolkata,"Ballygunge, Kolkata - WBPCB",14-11-2025 21:00,22.5367507,88.3638022,PM2.5,89,302,188
West_Bengal,Kolkata,"Bidhannagar, Kolkata - WBPCB",14-11-2025 21:00,22.58157048,88.41002457,NH3,4,19,7
West_Bengal,Kolkata,"Fort William, Kolkata - WBPCB",14-11-2025 21:00,22.55664,88.342674,SO2,NA,NA,NA
West_Bengal,Kolkata,"Fort William, Kolkata - WBPCB",14-11-2025 21:00,22.55664,88.342674,OZONE,NA,NA,NA
West_Bengal,Kolkata,"Victoria, Kolkata - WBPCB",14-11-2025 21:00,22.5448082,88.3403691,PM10,98,192,141
West_Bengal,Siliguri,"Ward-32 Bapupara, Siliguri - WBPCB",14-11-2025 21:00,26.6879226,88.4152495,NO2,18,25,22
Andhra_Pradesh,Vijayawada,"Rajiv Gandhi Park, Vijayawada - APPCB",14-11-2025 21:00,16.509717,80.612222,NH3,2,4,3
Andhra_Pradesh,Vijayawada,"Rajiv Nagar, Vijayawada - APPCB",14-11-2025 21:00,16.554731,80.64911,PM10,30,125,42
Andhra_Pradesh,Vijayawada,"Rajiv Nagar, Vijayawada - APPCB",14-11-2025 21:00,16.554731,80.64911,OZONE,57,315,203
Arunachal_Pradesh,Naharlagun,"Naharlagun, Naharlagun - APSPCB",14-11-2025 21:00,27.103358,93.679645,CO,6,36,16
Assam,Byrnihat,"Central Academy for SFS, Byrnihat - PCBA",14-11-2025 21:00,26.071318,91.87488,PM10,NA,NA,NA
Assam,Byrnihat,"Central Academy for SFS, Byrnihat - PCBA",14-11-2025 21:00,26.071318,91.87488,NH3,NA,NA,NA
Andhra_Pradesh,Amaravati,"Secretariat, Amaravati - APPCB",14-11-2025 21:00,16.5150833,80.5181667,PM10,106,212,134
Andhra_Pradesh,Amaravati,"Secretariat, Amaravati - APPCB",14-11-2025 21:00,16.5150833,80.5181667,NH3,1,5,4
Andhra_Pradesh,Anantapur,"Gulzarpet, Anantapur - APPCB",14-11-2025 21:00,14.675886,77.593027,PM2.5,49,75,62
Andhra_Pradesh,Chittoor,"Gangineni Cheruvu, Chittoor - APPCB",14-11-2025 21:00,13.20488,79.097889,NH3,5,6,5
Andhra_Pradesh,Chittoor,"Gangineni Cheruvu, Chittoor - APPCB",14-11-2025 21:00,13.20488,79.097889,SO2,7,34,16
Andhra_Pradesh,Kadapa,"Yerramukkapalli, Kadapa - APPCB",14-11-2025 21:00,14.465052,78.824187,NH3,3,5,4
Andhra_Pradesh,Tirumala,"Toll Gate, Tirumala - APPCB",14-11-2025 21:00,13.67,79.35,SO2,5,7,6
Andhra_Pradesh,Tirupati,"Vaikuntapuram, Tirupati - APPCB",14-11-2025 21:00,13.615387,79.40923,PM10,NA,NA,NA
Andhra_Pradesh,Tirupati,"Vaikuntapuram, Tirupati - APPCB",14-11-2025 21:00,13.615387,79.40923,CO,16,29,23
Andhra_Pradesh,Vijayawada,"HB Colony, Vijayawada - APPCB",14-11-2025 21:00,16.536107,80.594233,PM2.5,39,80,62
Andhra_Pradesh,Vijayawada,"HB Colony, Vijayawada - APPCB",14-11-2025 21:00,16.536107,80.594233,OZONE,22,73,62
Bihar,Kishanganj,"SDM Office_Khagra, Kishanganj - BSPCB",14-11-2025 21:00,26.0881305,87.93840336,NH3,NA,NA,NA
Bihar,Manguraha,"Forest Rest House, Manguraha - BSPCB",14-11-2025 21:00,27.308328,84.531742,SO2,16,17,17
Bihar,Motihari,"Gandak Colony, Motihari - BSPCB",14-11-2025 21:00,26.63086,84.90051,PM10,46,171,106
Bihar,Motihari,"Gandak Colony, Motihari - BSPCB",14-11-2025 21:00,26.63086,84.90051,NH3,3,3,3
Assam,Guwahati,"LGBI Airport, Guwahati - PCBA",14-11-2025 21:00,26.10887,91.589544,PM10,45,89,64
Assam,Guwahati,"LGBI Airport, Guwahati - PCBA",14-11-2025 21:00,26.10887,91.589544,NO2,8,94,18
Assam,Guwahati,"LGBI Airport, Guwahati - PCBA",14-11-2025 21:00,26.10887,91.589544,CO,16,133,33
Assam,Guwahati,"Pan Bazaar, Guwahati - PCBA",14-11-2025 21:00,26.1875,91.744194,PM10,22,95,60
Assam,Guwahati,"Pan Bazaar, Guwahati - PCBA",14-11-2025 21:00,26.1875,91.744194,CO,14,90,36
Assam,Sivasagar,"Girls College, Sivasagar - PCBA",14-11-2025 21:00,26.987634,94.636574,CO,2,70,28
Bihar,Araria,"Kharahiya Basti, Araria - BSPCB",14-11-2025 21:00,26.146529,87.454184,SO2,15,22,20
Bihar,Arrah,"New DM Office, Arrah - BSPCB",14-11-2025 21:00,25.5626095,84.663264,PM2.5,35,126,71
Andaman and Nicobar,Sri Vijaya Puram,"Police Line, Sri Vijaya Puram - ANPCC",14-11-2025 21:00,11.654054,92.734055,CO,NA,NA,NA
Andaman and Nicobar,Sri Vijaya Puram,"Police Line, Sri Vijaya Puram - ANPCC",14-11-2025 21:00,11.654054,92.734055,OZONE,NA,NA,NA
Andhra_Pradesh,Amaravati,"Secretariat, Amaravati - APPCB",14-11-2025 21:00,16.5150833,80.5181667,PM2.5,85,197,126
Bihar,Aurangabad,"Gurdeo Nagar, Aurangabad - BSPCB",14-11-2025 21:00,24.75746,84.366208,NO2,7,8,8
Bihar,Aurangabad,"Gurdeo Nagar, Aurangabad - BSPCB",14-11-2025 21:00,24.75746,84.366208,OZONE,15,66,44
Bihar,Bettiah,"Kamalnath Nagar, Bettiah - BSPCB",14-11-2025 21:00,26.80365,84.51954,PM2.5,48,253,137
Bihar,Bettiah,"Kamalnath Nagar, Bettiah - BSPCB",14-11-2025 21:00,26.80365,84.51954,PM10,57,171,119
Bihar,Gaya,"Collectorate, Gaya - BSPCB",14-11-2025 21:00,24.7955,84.9994,NO2,9,9,9
Bihar,Gaya,"SFTI Kusdihra, Gaya - BSPCB",14-11-2025 21:00,24.762518,84.982348,PM2.5,8,35,15
Bihar,Gaya,"SFTI Kusdihra, Gaya - BSPCB",14-11-2025 21:00,24.762518,84.982348,NO2,18,23,19
Bihar,Bhagalpur,"DM Office_Kachari Chowk, Bhagalpur - BSPCB",14-11-2025 21:00,25.251013,86.989001,SO2,NA,NA,NA
Bihar,Buxar,"Charitra Van, Buxar - BSPCB",14-11-2025 21:00,25.56752,83.966379,PM10,74,208,119
Chhattisgarh,Korba,"Urja Nagar, Korba - CECB",14-11-2025 21:00,22.348441,82.549611,PM2.5,54,72,55
Chhattisgarh,Korba,"Urja Nagar, Korba - CECB",14-11-2025 21:00,22.348441,82.549611,PM10,72,73,73
Chhattisgarh,Korba,"Urja Nagar, Korba - CECB",14-11-2025 21:00,22.348441,82.549611,NO2,31,53,40
Chhattisgarh,Korba,"Urja Nagar, Korba - CECB",14-11-2025 21:00,22.348441,82.549611,CO,20,38,25
Chhattisgarh,Kunjemura,"OP Jindal School, Kunjemura - CECB",14-11-2025 21:00,22.12665,83.483212,NO2,3,4,3
Chhattisgarh,Kunjemura,"OP Jindal School, Kunjemura - CECB",14-11-2025 21:00,22.12665,83.483212,NH3,2,2,2
Chhattisgarh,Milupara,"Govt. Higher Secondary School, Milupara - CECB",14-11-2025 21:00,22.1910172,83.5197009,SO2,13,25,15
Chhattisgarh,Raipur,"AIIMS, Raipur - CECB",14-11-2025 21:00,21.258815,81.578979,PM2.5,7,175,80
Chhattisgarh,Raipur,"AIIMS, Raipur - CECB",14-11-2025 21:00,21.258815,81.578979,NO2,48,63,56
Bihar,Muzaffarpur,"Buddha Colony, Muzaffarpur - BSPCB",14-11-2025 21:00,26.11442,85.39813,CO,28,105,62
Bihar,Muzaffarpur,"MIT-Daudpur Kothi, Muzaffarpur - BSPCB",14-11-2025 21:00,26.1403345,85.3650192,PM10,62,77,72
Bihar,Muzaffarpur,"MIT-Daudpur Kothi, Muzaffarpur - BSPCB",14-11-2025 21:00,26.1403345,85.3650192,NO2,6,9,8
Bihar,Muzaffarpur,"Muzaffarpur Collectorate, Muzaffarpur - BSPCB",14-11-2025 21:00,26.1209,85.3647,NO2,6,13,8
Bihar,Muzaffarpur,"Muzaffarpur Collectorate, Muzaffarpur - BSPCB",14-11-2025 21:00,26.1209,85.3647,SO2,4,6,4
Bihar,Muzaffarpur,"Muzaffarpur Collectorate, Muzaffarpur - BSPCB",14-11-2025 21:00,26.1209,85.3647,CO,11,36,25
Bihar,Muzaffarpur,"Muzaffarpur Collectorate, Muzaffarpur - BSPCB",14-11-2025 21:00,26.1209,85.3647,OZONE,10,59,38
Bihar,Patna,"DRM Office Danapur, Patna - BSPCB",14-11-2025 21:00,25.586562,85.043586,PM2.5,85,216,147
Bihar,Patna,"DRM Office Danapur, Patna - BSPCB",14-11-2025 21:00,25.586562,85.043586,PM10,81,301,138
Delhi,Delhi,"Burari Crossing, Delhi - IMD",14-11-2025 21:00,28.7256504,77.2011573,PM2.5,44,467,373
Delhi,Delhi,"Burari Crossing, Delhi - IMD",14-11-2025 21:00,28.7256504,77.2011573,PM10,145,458,329
Delhi,Delhi,"CRRI Mathura Road, Delhi - IMD",14-11-2025 21:00,28.5512005,77.2735737,NO2,19,49,34
Delhi,Delhi,"Chandni Chowk, Delhi - IITM",14-11-2025 21:00,28.656756,77.227234,CO,56,111,83
Delhi,Delhi,"Chandni Chowk, Delhi - IITM",14-11-2025 21:00,28.656756,77.227234,OZONE,5,102,63
Delhi,Delhi,"DTU, Delhi - CPCB",14-11-2025 21:00,28.7500499,77.1112615,PM2.5,NA,NA,NA
Delhi,Delhi,"DTU, Delhi - CPCB",14-11-2025 21:00,28.7500499,77.1112615,OZONE,15,44,25
Delhi,Delhi,"Dr. Karni Singh Shooting Range, Delhi - DPCC",14-11-2025 21:00,28.498571,77.26484,PM10,209,420,318
Chhattisgarh,Raipur,"AIIMS, Raipur - CECB",14-11-2025 21:00,21.258815,81.578979,SO2,5,15,11
Chhattisgarh,Raipur,"Bhatagaon New ISBT, Raipur - CECB",14-11-2025 21:00,21.219665,81.630094,NO2,NA,NA,NA
Chhattisgarh,Raipur,"Bhatagaon New ISBT, Raipur - CECB",14-11-2025 21:00,21.219665,81.630094,NH3,2,2,2
Chhattisgarh,Raipur,"Bhatagaon New ISBT, Raipur - CECB",14-11-2025 21:00,21.219665,81.630094,OZONE,3,15,8
Chhattisgarh,Raipur,"Krishak Nagar, Raipur - CECB",14-11-2025 21:00,21.237755,81.705301,NO2,17,38,25
Chhattisgarh,Raipur,"Siltara Phase-II, Raipur - CECB",14-11-2025 21:00,21.371751,81.664929,NO2,9,44,18
Chhattisgarh,Tumidih,"OP Jindal Industrial Park, Tumidih - CECB",14-11-2025 21:00,22.06631475,83.33820077,PM10,48,326,112
Bihar,Sasaram,"Dada Peer, Sasaram - BSPCB",14-11-2025 21:00,24.952822,84.002396,NH3,3,3,3
Bihar,Siwan,"Chitragupta Nagar, Siwan - BSPCB",14-11-2025 21:00,26.2271665,84.3570427,CO,11,133,116
Chandigarh,Chandigarh,"Sector 22, Chandigarh - CPCC",14-11-2025 21:00,30.735567,76.775714,NO2,4,42,17
Chandigarh,Chandigarh,"Sector 22, Chandigarh - CPCC",14-11-2025 21:00,30.735567,76.775714,SO2,5,73,14
Chandigarh,Chandigarh,"Sector-25, Chandigarh - CPCC",14-11-2025 21:00,30.751462,76.762879,PM10,57,114,89
Chandigarh,Chandigarh,"Sector-25, Chandigarh - CPCC",14-11-2025 21:00,30.751462,76.762879,NO2,16,53,27
Chandigarh,Chandigarh,"Sector-25, Chandigarh - CPCC",14-11-2025 21:00,30.751462,76.762879,OZONE,1,45,29
Bihar,Patna,"Govt. High School Shikarpur, Patna - BSPCB",14-11-2025 21:00,25.592539,85.227158,PM2.5,82,87,84
Bihar,Patna,"Govt. High School Shikarpur, Patna - BSPCB",14-11-2025 21:00,25.592539,85.227158,CO,54,111,77
Bihar,Patna,"IGSC Planetarium Complex, Patna - BSPCB",14-11-2025 21:00,25.610369,85.132568,PM2.5,79,307,207
Bihar,Patna,"Muradpur, Patna - BSPCB",14-11-2025 21:00,25.619651,85.147382,CO,37,80,48
Bihar,Patna,"Rajbansi Nagar, Patna - BSPCB",14-11-2025 21:00,25.599486,85.113666,CO,24,106,64
Bihar,Patna,"Rajbansi Nagar, Patna - BSPCB",14-11-2025 21:00,25.599486,85.113666,OZONE,5,51,25
Delhi,Delhi,"Alipur, Delhi - DPCC",14-11-2025 21:00,28.815329,77.15301,PM10,177,500,374
Delhi,Delhi,"Alipur, Delhi - DPCC",14-11-2025 21:00,28.815329,77.15301,CO,50,108,62
Delhi,Delhi,"Anand Vihar, Delhi - DPCC",14-11-2025 21:00,28.647622,77.315809,PM2.5,NA,NA,NA
Delhi,Delhi,"Anand Vihar, Delhi - DPCC",14-11-2025 21:00,28.647622,77.315809,NO2,NA,NA,NA
Delhi,Delhi,"Anand Vihar, Delhi - DPCC",14-11-2025 21:00,28.647622,77.315809,CO,102,138,111
Delhi,Delhi,"Aya Nagar, Delhi - IMD",14-11-2025 21:00,28.4706914,77.1099364,NO2,26,84,50
Delhi,Delhi,"Aya Nagar, Delhi - IMD",14-11-2025 21:00,28.4706914,77.1099364,OZONE,13,147,101
Chhattisgarh,Bhilai,"32Bungalows, Bhilai - CECB",14-11-2025 21:00,21.194815,81.31477,SO2,4,35,12
Chhattisgarh,Bhilai,"Civic Center, Bhilai - Bhilai Steel Plant",14-11-2025 21:00,21.185571,81.343175,PM2.5,25,98,55
Chhattisgarh,Bhilai,"Civic Center, Bhilai - Bhilai Steel Plant",14-11-2025 21:00,21.185571,81.343175,CO,21,22,22
Chhattisgarh,Bilaspur,"Mangala, Bilaspur - NTPC",14-11-2025 21:00,22.08815,82.13737,PM2.5,54,133,78
Chhattisgarh,Bilaspur,"Mangala, Bilaspur - NTPC",14-11-2025 21:00,22.08815,82.13737,PM10,67,125,90
Chhattisgarh,Bilaspur,"Mangala, Bilaspur - NTPC",14-11-2025 21:00,22.08815,82.13737,CO,24,54,34
Bihar,Patna,"Samanpura, Patna - BSPCB",14-11-2025 21:00,25.596727,85.085624,OZONE,6,219,93
Bihar,Saharsa,"Police Line, Saharsa - BSPCB",14-11-2025 21:00,25.892357,86.590325,PM10,NA,NA,NA
Bihar,Saharsa,"Police Line, Saharsa - BSPCB",14-11-2025 21:00,25.892357,86.590325,CO,38,40,39
Bihar,Samastipur,"DM Office_Kasipur, Samastipur - BSPCB",14-11-2025 21:00,25.859655,85.77944,SO2,NA,NA,NA
Delhi,Delhi,"Narela, Delhi - DPCC",14-11-2025 21:00,28.822836,77.101981,PM10,175,418,342
Delhi,Delhi,"Narela, Delhi - DPCC",14-11-2025 21:00,28.822836,77.101981,NO2,17,83,44
Delhi,Delhi,"Narela, Delhi - DPCC",14-11-2025 21:00,28.822836,77.101981,CO,30,94,54
Delhi,Delhi,"Nehru Nagar, Delhi - DPCC",14-11-2025 21:00,28.56789,77.250515,PM2.5,351,500,404
Delhi,Delhi,"Nehru Nagar, Delhi - DPCC",14-11-2025 21:00,28.56789,77.250515,NO2,38,135,84
Delhi,Delhi,"Nehru Nagar, Delhi - DPCC",14-11-2025 21:00,28.56789,77.250515,OZONE,3,274,144
Delhi,Delhi,"Okhla Phase-2, Delhi - DPCC",14-11-2025 21:00,28.530785,77.271255,NO2,87,178,131
Delhi,Delhi,"Okhla Phase-2, Delhi - DPCC",14-11-2025 21:00,28.530785,77.271255,SO2,15,26,21
Delhi,Delhi,"Okhla Phase-2, Delhi - DPCC",14-11-2025 21:00,28.530785,77.271255,OZONE,11,199,118
Delhi,Delhi,"Patparganj, Delhi - DPCC",14-11-2025 21:00,28.623763,77.287209,PM10,263,417,363
Delhi,Delhi,"Patparganj, Delhi - DPCC",14-11-2025 21:00,28.623763,77.287209,NO2,51,173,117
Delhi,Delhi,"Jahangirpuri, Delhi - DPCC",14-11-2025 21:00,28.73282,77.170633,CO,56,115,82
Delhi,Delhi,"Jawaharlal Nehru Stadium, Delhi - DPCC",14-11-2025 21:00,28.58028,77.233829,SO2,19,36,27
Delhi,Delhi,"Lodhi Road, Delhi - IMD",14-11-2025 21:00,28.5918245,77.2273074,CO,45,92,57
Delhi,Delhi,"Major Dhyan Chand National Stadium, Delhi - DPCC",14-11-2025 21:00,28.611281,77.237738,NH3,17,20,18
Delhi,Delhi,"Mandir Marg, Delhi - DPCC",14-11-2025 21:00,28.636429,77.201067,PM2.5,302,430,371
Delhi,Delhi,"Dr. Karni Singh Shooting Range, Delhi - DPCC",14-11-2025 21:00,28.498571,77.26484,SO2,23,39,30
Delhi,Delhi,"Dwarka-Sector 8, Delhi - DPCC ",14-11-2025 21:00,28.5710274,77.0719006,OZONE,8,175,93
Delhi,Delhi,"IGI Airport (T3), Delhi - IMD",14-11-2025 21:00,28.5627763,77.1180053,OZONE,1,3,1
Delhi,Delhi,"IHBAS, Dilshad Garden, Delhi - CPCB",14-11-2025 21:00,28.6811736,77.3025234,PM10,206,354,299
Delhi,Delhi,"IHBAS, Dilshad Garden, Delhi - CPCB",14-11-2025 21:00,28.6811736,77.3025234,OZONE,23,85,55
Delhi,Delhi,"Vivek Vihar, Delhi - DPCC",14-11-2025 21:00,28.672342,77.31526,PM2.5,324,459,408
Delhi,Delhi,"Vivek Vihar, Delhi - DPCC",14-11-2025 21:00,28.672342,77.31526,NO2,33,156,89
Delhi,Delhi,"Wazirpur, Delhi - DPCC",14-11-2025 21:00,28.699793,77.165453,NO2,62,152,95
Delhi,Delhi,"Wazirpur, Delhi - DPCC",14-11-2025 21:00,28.699793,77.165453,OZONE,6,235,118
Gujarat,Ahmedabad,"Gyaspur, Ahmedabad - IITM",14-11-2025 21:00,22.977134,72.553024,PM2.5,66,288,149
Gujarat,Ahmedabad,"Gyaspur, Ahmedabad - IITM",14-11-2025 21:00,22.977134,72.553024,SO2,NA,NA,NA
Delhi,Delhi,"Rohini, Delhi - DPCC",14-11-2025 21:00,28.732528,77.11992,CO,30,111,56
Delhi,Delhi,"Shadipur, Delhi - CPCB",14-11-2025 21:00,28.6514781,77.1473105,NO2,73,189,103
Delhi,Delhi,"Shadipur, Delhi - CPCB",14-11-2025 21:00,28.6514781,77.1473105,SO2,6,27,14
Delhi,Delhi,"Shadipur, Delhi - CPCB",14-11-2025 21:00,28.6514781,77.1473105,CO,42,116,75
Delhi,Delhi,"Sonia Vihar, Delhi - DPCC",14-11-2025 21:00,28.710508,77.249485,CO,42,125,68
Delhi,Delhi,"Sonia Vihar, Delhi - DPCC",14-11-2025 21:00,28.710508,77.249485,OZONE,4,274,142
Gujarat,Ahmedabad,"Raikhad, Ahmedabad - IITM",14-11-2025 21:00,23.020509,72.579261,OZONE,3,92,61
Gujarat,Ahmedabad,"Rakhial, Ahmedabad - IITM",14-11-2025 21:00,23.016834,72.625775,NH3,2,45,7
Gujarat,Ahmedabad,"Rakhial, Ahmedabad - IITM",14-11-2025 21:00,23.016834,72.625775,OZONE,1,74,55
Gujarat,Ahmedabad,"SAC ISRO Satellite, Ahmedabad - IITM",14-11-2025 21:00,23.023389,72.515201,PM2.5,48,187,94
Gujarat,Ahmedabad,"SAC ISRO Satellite, Ahmedabad - IITM",14-11-2025 21:00,23.023389,72.515201,PM10,64,146,102
Delhi,Delhi,"NSIT Dwarka, Delhi - CPCB",14-11-2025 21:00,28.60909,77.0325413,NH3,8,14,11
Delhi,Delhi,"NSIT Dwarka, Delhi - CPCB",14-11-2025 21:00,28.60909,77.0325413,OZONE,12,86,61
Delhi,Delhi,"Najafgarh, Delhi - DPCC",14-11-2025 21:00,28.570173,76.933762,PM10,179,366,259
Delhi,Delhi,"Najafgarh, Delhi - DPCC",14-11-2025 21:00,28.570173,76.933762,CO,51,86,58
Delhi,Delhi,"Narela, Delhi - DPCC",14-11-2025 21:00,28.822836,77.101981,PM2.5,267,474,397
Gujarat,Ankleshwar,"GIDC, Ankleshwar - GPCB",14-11-2025 21:00,21.613267,73.010555,PM2.5,73,132,97
Gujarat,Gandhinagar,"GIFT City, Gandhinagar - IITM",14-11-2025 21:00,23.163798,72.677768,SO2,5,14,9
Gujarat,Gandhinagar,"GIFT City, Gandhinagar - IITM",14-11-2025 21:00,23.163798,72.677768,CO,32,70,44
Gujarat,Gandhinagar,"GIFT City, Gandhinagar - IITM",14-11-2025 21:00,23.163798,72.677768,OZONE,1,87,50
Delhi,Delhi,"R K Puram, Delhi - DPCC",14-11-2025 21:00,28.563262,77.186937,SO2,42,62,50
Delhi,Delhi,"Rohini, Delhi - DPCC",14-11-2025 21:00,28.732528,77.11992,PM10,193,486,392
Delhi,Delhi,"Rohini, Delhi - DPCC",14-11-2025 21:00,28.732528,77.11992,NH3,5,13,6
Haryana,Ambala,"Patti Mehar, Ambala - HSPCB",14-11-2025 21:00,30.379589,76.778328,CO,97,101,99
Haryana,Ambala,"Patti Mehar, Ambala - HSPCB",14-11-2025 21:00,30.379589,76.778328,OZONE,48,52,50
Haryana,Bahadurgarh,"Arya Nagar, Bahadurgarh - HSPCB",14-11-2025 21:00,28.6701,76.9254,NH3,12,13,13
Haryana,Bahadurgarh,"Arya Nagar, Bahadurgarh - HSPCB",14-11-2025 21:00,28.6701,76.9254,SO2,7,7,7
Haryana,Ballabgarh,"Nathu Colony, Ballabgarh - HSPCB",14-11-2025 21:00,28.3419248,77.319699,PM10,154,171,159
Haryana,Ballabgarh,"Nathu Colony, Ballabgarh - HSPCB",14-11-2025 21:00,28.3419248,77.319699,NH3,3,3,3
Haryana,Bhiwani,"H.B. Colony, Bhiwani - HSPCB",14-11-2025 21:00,28.806223,76.141105,PM10,163,319,200
Haryana,Bhiwani,"H.B. Colony, Bhiwani - HSPCB",14-11-2025 21:00,28.806223,76.141105,CO,11,14,12
Haryana,Bhiwani,"H.B. Colony, Bhiwani - HSPCB",14-11-2025 21:00,28.806223,76.141105,OZONE,9,21,15
Haryana,Charkhi Dadri,"Mini Secretariat, Charkhi Dadri - HSPCB",14-11-2025 21:00,28.593883,76.270653,PM2.5,266,393,315
Haryana,Charkhi Dadri,"Mini Secretariat, Charkhi Dadri - HSPCB",14-11-2025 21:00,28.593883,76.270653,PM10,150,343,195
Jammu_and_Kashmir,Srinagar,"Rajbagh, Srinagar - JKSPCB",14-11-2025 21:00,34.066206,74.81982,OZONE,1,19,7
Jharkhand,Dhanbad,"Sardar Patel Nagar, Dhanbad - JSPCB",14-11-2025 21:00,23.80569,86.44268,CO,2,23,12
Jharkhand,Dhanbad,"Sardar Patel Nagar, Dhanbad - JSPCB",14-11-2025 21:00,23.80569,86.44268,OZONE,1,31,20
Jharkhand,Jorapokhar,"Tata Stadium, Jorapokhar - JSPCB",14-11-2025 21:00,23.707909,86.41467,SO2,NA,NA,NA
Karnataka,Bagalkot,"Vidayagiri, Bagalkot - KSPCB",14-11-2025 21:00,16.172806,75.659694,NO2,11,12,12
Karnataka,Belgaum,"Ramteerth Nagar, Belgaum - KSPCB",14-11-2025 21:00,15.888653,74.541751,NO2,46,155,70
Karnataka,Bengaluru,"BTM Layout, Bengaluru - CPCB",14-11-2025 21:00,12.9135218,77.5950804,PM2.5,27,67,51
Karnataka,Bengaluru,"BTM Layout, Bengaluru - CPCB",14-11-2025 21:00,12.9135218,77.5950804,PM10,67,74,72
Haryana,Fatehabad,"Huda Sector, Fatehabad - HSPCB",14-11-2025 21:00,29.503664,75.467934,NH3,13,15,14
Haryana,Gurugram,"NISE Gwal Pahari, Gurugram - IMD",14-11-2025 21:00,28.422681,77.148944,PM2.5,327,415,363
Haryana,Gurugram,"Sector-51, Gurugram - HSPCB",14-11-2025 21:00,28.4227,77.0667,OZONE,5,16,11
Haryana,Gurugram,"Teri Gram, Gurugram - HSPCB",14-11-2025 21:00,28.4275,77.1465,PM2.5,182,310,250
Haryana,Gurugram,"Vikas Sadan, Gurugram - HSPCB",14-11-2025 21:00,28.4501238,77.0263051,NO2,9,45,27
Haryana,Gurugram,"Vikas Sadan, Gurugram - HSPCB",14-11-2025 21:00,28.4501238,77.0263051,CO,95,134,117
Haryana,Hisar,"Urban Estate-II, Hisar - HSPCB",14-11-2025 21:00,29.14056,75.744941,PM2.5,83,189,123
Gujarat,Gandhinagar,"Sector-10, Gandhinagar - GPCB",14-11-2025 21:00,23.221714,72.654328,NO2,16,47,24
Gujarat,Gandhinagar,"Sector-10, Gandhinagar - GPCB",14-11-2025 21:00,23.221714,72.654328,NH3,1,2,1
Gujarat,Surat,"Science Center, Surat - SMC",14-11-2025 21:00,21.170046,72.795405,PM10,55,152,104
Gujarat,Vapi,"Phase-1 GIDC, Vapi - GPCB",14-11-2025 21:00,20.362421,72.918013,PM10,78,194,125
Gujarat,Vapi,"Phase-1 GIDC, Vapi - GPCB",14-11-2025 21:00,20.362421,72.918013,SO2,27,29,28
Gujarat,Vatva,"Phase-4 GIDC, Vatva - GPCB",14-11-2025 21:00,22.969611,72.6435,PM2.5,61,348,185
Haryana,Ambala,"Patti Mehar, Ambala - HSPCB",14-11-2025 21:00,30.379589,76.778328,PM2.5,142,320,261
Haryana,Hisar,"Urban Estate-II, Hisar - HSPCB",14-11-2025 21:00,29.14056,75.744941,NO2,11,12,12
Haryana,Hisar,"Urban Estate-II, Hisar - HSPCB",14-11-2025 21:00,29.14056,75.744941,NH3,4,5,5
Haryana,Jind,"Police Lines, Jind - HSPCB",14-11-2025 21:00,29.307814,76.337619,CO,NA,NA,NA
Haryana,Jind,"Police Lines, Jind - HSPCB",14-11-2025 21:00,29.307814,76.337619,OZONE,NA,NA,NA
Haryana,Karnal,"Sector-12, Karnal - HSPCB",14-11-2025 21:00,29.6953,77.0027,NO2,9,11,10
Haryana,Karnal,"Sector-12, Karnal - HSPCB",14-11-2025 21:00,29.6953,77.0027,CO,39,62,47
Haryana,Palwal,"Shyam Nagar, Palwal - HSPCB",14-11-2025 21:00,28.1485564,77.3320667,PM10,61,107,93
Haryana,Palwal,"Shyam Nagar, Palwal - HSPCB",14-11-2025 21:00,28.1485564,77.3320667,SO2,11,13,12
Haryana,Rohtak,"MD University, Rohtak - HSPCB",14-11-2025 21:00,28.52123,76.37138,NO2,4,7,6
Haryana,Rohtak,"MD University, Rohtak - HSPCB",14-11-2025 21:00,28.52123,76.37138,SO2,3,6,5
Haryana,Rohtak,"MD University, Rohtak - HSPCB",14-11-2025 21:00,28.52123,76.37138,CO,39,68,65
Haryana,Dharuhera,"Municipal Corporation Office, Dharuhera -  HSPCB",14-11-2025 21:00,28.2068,76.7997,NO2,18,64,47
Haryana,Dharuhera,"Municipal Corporation Office, Dharuhera -  HSPCB",14-11-2025 21:00,28.2068,76.7997,NH3,8,22,16
Haryana,Faridabad,"New Industrial Town, Faridabad - HSPCB",14-11-2025 21:00,28.39072,77.30059,OZONE,26,35,31
Haryana,Mandikhera,"General Hospital, Mandikhera - HSPCB",14-11-2025 21:00,27.9002,76.9938,PM2.5,71,181,99
Haryana,Mandikhera,"General Hospital, Mandikhera - HSPCB",14-11-2025 21:00,27.9002,76.9938,NH3,12,15,14
Haryana,Sonipat,"Murthal, Sonipat - HSPCB",14-11-2025 21:00,29.0272,77.0621,PM2.5,211,458,357
Haryana,Sonipat,"Murthal, Sonipat - HSPCB",14-11-2025 21:00,29.0272,77.0621,PM10,146,327,231
Kerala,Thrissur,"Corporation Ground, Thrissur - Kerala PCB",14-11-2025 21:00,10.5324,76.2159,OZONE,31,32,32
Madhya Pradesh,Bhopal,"Idgah Hills, Bhopal - MPPCB",14-11-2025 21:00,23.264759,77.381568,NH3,5,7,6
Madhya Pradesh,Bhopal,"Paryavaran Parisar, Bhopal - MPPCB",14-11-2025 21:00,23.210494,77.425409,PM2.5,78,350,211
Madhya Pradesh,Bhopal,"Paryavaran Parisar, Bhopal - MPPCB",14-11-2025 21:00,23.210494,77.425409,NH3,6,10,8
Madhya Pradesh,Bhopal,"T T Nagar, Bhopal - MPPCB",14-11-2025 21:00,23.233584,77.400574,PM2.5,98,378,256
Madhya Pradesh,Bhopal,"T T Nagar, Bhopal - MPPCB",14-11-2025 21:00,23.233584,77.400574,PM10,127,402,219
Madhya Pradesh,Bhopal,"T T Nagar, Bhopal - MPPCB",14-11-2025 21:00,23.233584,77.400574,NH3,5,6,6
Madhya Pradesh,Dewas,"Bhopal Chauraha, Dewas - MPPCB",14-11-2025 21:00,22.9682591,76.064118,NO2,7,8,7
Karnataka,Chikkamagaluru,"Kalyana Nagara, Chikkamagaluru - KSPCB",14-11-2025 21:00,13.328028,75.797056,PM2.5,33,81,62
Karnataka,Chikkamagaluru,"Kalyana Nagara, Chikkamagaluru - KSPCB",14-11-2025 21:00,13.328028,75.797056,PM10,45,88,57
Karnataka,Chikkamagaluru,"Kalyana Nagara, Chikkamagaluru - KSPCB",14-11-2025 21:00,13.328028,75.797056,NO2,14,27,21
Karnataka,Davanagere,"Devaraj Urs Badavane, Davanagere - KSPCB",14-11-2025 21:00,14.4758,75.9052,OZONE,19,21,19
Karnataka,Dharwad,"Kalabhavan, Dharwad - KSPCB",14-11-2025 21:00,15.459706,75.008381,SO2,1,5,3
Karnataka,Dharwad,"Kalabhavan, Dharwad - KSPCB",14-11-2025 21:00,15.459706,75.008381,OZONE,21,27,24
Karnataka,Gadag,"Panchal Nagar, Gadag - KSPCB",14-11-2025 21:00,15.411456,75.638133,CO,10,26,17
Karnataka,Gadag,"Panchal Nagar, Gadag - KSPCB",14-11-2025 21:00,15.411456,75.638133,OZONE,4,40,14
Karnataka,Madikeri,"Stuart Hill, Madikeri - KSPCB",14-11-2025 21:00,12.415911,75.73505,OZONE,3,8,5
Karnataka,Mangalore,"Kadri, Mangalore - KSPCB",14-11-2025 21:00,12.88925,74.853,PM2.5,22,83,50
Karnataka,Mangalore,"Kadri, Mangalore - KSPCB",14-11-2025 21:00,12.88925,74.853,SO2,14,15,15
Karnataka,Mysuru,"Hebbal 1st Stage, Mysuru - KSPCB",14-11-2025 21:00,12.21041,76.37376,SO2,1,16,6
Karnataka,Shivamogga,"Vinoba Nagara, Shivamogga - KSPCB",14-11-2025 21:00,13.94,75.555917,NH3,3,4,3
Karnataka,Tumakuru,"Thimmalapura, Tumakuru - KSPCB",14-11-2025 21:00,13.377516,77.099072,NO2,31,32,32
Karnataka,Hubballi,"Lingaraj Nagar, Hubballi - KSPCB",14-11-2025 21:00,15.3714823,75.1160168,NO2,7,10,8
Karnataka,Hubballi,"Lingaraj Nagar, Hubballi - KSPCB",14-11-2025 21:00,15.3714823,75.1160168,NH3,1,2,1
Karnataka,Kalaburagi,"Lal Bahadur Shastri Nagar, Kalaburagi - KSPCB",14-11-2025 21:00,17.321993,76.822628,NO2,12,12,12
Karnataka,Koppal,"Diwator Nagar, Koppal - KSPCB",14-11-2025 21:00,15.34763,76.181767,SO2,6,14,10
Karnataka,Koppal,"Diwator Nagar, Koppal - KSPCB",14-11-2025 21:00,15.34763,76.181767,CO,4,43,19
Karnataka,Madikeri,"Stuart Hill, Madikeri - KSPCB",14-11-2025 21:00,12.415911,75.73505,PM2.5,37,64,49
Kerala,Kannur,"Thavakkara, Kannur - Kerala PCB",14-11-2025 21:00,11.875,75.3732,SO2,5,7,6
Kerala,Kollam,"Polayathode, Kollam - Kerala PCB",14-11-2025 21:00,8.8787,76.6073,SO2,2,3,2
Kerala,Kollam,"Polayathode, Kollam - Kerala PCB",14-11-2025 21:00,8.8787,76.6073,OZONE,29,34,33
Kerala,Thiruvananthapuram,"Plammoodu, Thiruvananthapuram - Kerala PCB",14-11-2025 21:00,8.5149093,76.9435879,SO2,NA,NA,NA
Kerala,Thiruvananthapuram,"Plammoodu, Thiruvananthapuram - Kerala PCB",14-11-2025 21:00,8.5149093,76.9435879,OZONE,13,27,23
Kerala,Thrissur,"Corporation Ground, Thrissur - Kerala PCB",14-11-2025 21:00,10.5324,76.2159,NO2,NA,NA,NA
Karnataka,Udupi,"Brahmagiri, Udupi - KSPCB",14-11-2025 21:00,13.34194444,74.74694444,PM2.5,23,113,68
Karnataka,Vijayapura,"Ibrahimpur, Vijayapura - KSPCB",14-11-2025 21:00,16.802639,75.722694,PM2.5,26,31,30
Karnataka,Vijayapura,"Ibrahimpur, Vijayapura - KSPCB",14-11-2025 21:00,16.802639,75.722694,PM10,42,43,42
Karnataka,Vijayapura,"Ibrahimpur, Vijayapura - KSPCB",14-11-2025 21:00,16.802639,75.722694,NO2,11,12,11
Kerala,Eloor,"Udyogamandal, Eloor - Kerala PCB",14-11-2025 21:00,10.073232,76.302765,OZONE,10,20,15
Karnataka,Bengaluru,"City Railway Station, Bengaluru - KSPCB",14-11-2025 21:00,12.9756843,77.5660749,PM10,101,110,105
Karnataka,Bengaluru,"City Railway Station, Bengaluru - KSPCB",14-11-2025 21:00,12.9756843,77.5660749,SO2,11,17,14
Karnataka,Bengaluru,"Hombegowda Nagar, Bengaluru - KSPCB",14-11-2025 21:00,12.938539,77.5901,PM2.5,NA,NA,NA
Karnataka,Bengaluru,"Hombegowda Nagar, Bengaluru - KSPCB",14-11-2025 21:00,12.938539,77.5901,CO,15,40,26
Karnataka,Bengaluru,"Kasturi Nagar, Bengaluru - KSPCB",14-11-2025 21:00,13.003872,77.664217,SO2,NA,NA,NA
Karnataka,Bengaluru,"Peenya, Bengaluru - CPCB",14-11-2025 21:00,13.0270199,77.494094,PM10,81,114,98
Karnataka,Bengaluru,"RVCE-Mailasandra, Bengaluru - KSPCB",14-11-2025 21:00,12.921418,77.502466,PM10,69,139,119
Karnataka,Bengaluru,"Shivapura_Peenya, Bengaluru - KSPCB",14-11-2025 21:00,13.0246342,77.5080115,PM2.5,68,292,169
Karnataka,Bidar,"Naubad, Bidar - KSPCB",14-11-2025 21:00,17.930306,77.482194,CO,26,40,30
Madhya Pradesh,Jabalpur,"Marhatal, Jabalpur - MPPCB",14-11-2025 21:00,23.168606,79.932247,PM10,104,402,178
Madhya Pradesh,Jabalpur,"Marhatal, Jabalpur - MPPCB",14-11-2025 21:00,23.168606,79.932247,CO,12,121,60
Madhya Pradesh,Jabalpur,"Suhagi, Jabalpur - JMC",14-11-2025 21:00,23.218135,79.95777,PM10,74,275,142
Madhya Pradesh,Jabalpur,"Suhagi, Jabalpur - JMC",14-11-2025 21:00,23.218135,79.95777,NH3,1,4,3
Madhya Pradesh,Jabalpur,"Suhagi, Jabalpur - JMC",14-11-2025 21:00,23.218135,79.95777,SO2,5,7,6
Madhya Pradesh,Jabalpur,"Suhagi, Jabalpur - JMC",14-11-2025 21:00,23.218135,79.95777,OZONE,11,113,79
Madhya Pradesh,Katni,"Gole Bazar, Katni - MPPCB",14-11-2025 21:00,23.50016,80.23284,PM2.5,42,359,199
Madhya Pradesh,Mandideep,"Sector-D Industrial Area, Mandideep - MPPCB",14-11-2025 21:00,23.10844,77.511428,CO,25,113,53
Madhya Pradesh,Pithampur,"Sector-2 Industrial Area, Pithampur - MPPCB",14-11-2025 21:00,22.624758,75.675238,NO2,NA,NA,NA
Madhya Pradesh,Gwalior,"City Center, Gwalior - MPPCB",14-11-2025 21:00,26.203442,78.193251,CO,31,115,34
Madhya Pradesh,Gwalior,"Deen Dayal Nagar, Gwalior - MPPCB",14-11-2025 21:00,26.259242,78.216432,PM2.5,96,361,253
Madhya Pradesh,Gwalior,"Deen Dayal Nagar, Gwalior - MPPCB",14-11-2025 21:00,26.259242,78.216432,CO,12,140,63
Madhya Pradesh,Gwalior,"Maharaj Bada, Gwalior - MPPCB",14-11-2025 21:00,26.200388,78.147714,PM2.5,97,374,240
Madhya Pradesh,Gwalior,"Maharaj Bada, Gwalior - MPPCB",14-11-2025 21:00,26.200388,78.147714,NH3,4,4,4
Madhya Pradesh,Gwalior,"Maharaj Bada, Gwalior - MPPCB",14-11-2025 21:00,26.200388,78.147714,SO2,4,10,8
Madhya Pradesh,Gwalior,"Maharaj Bada, Gwalior - MPPCB",14-11-2025 21:00,26.200388,78.147714,OZONE,2,170,96
Madhya Pradesh,Indore,"Airport Area, Indore - IMC",14-11-2025 21:00,22.7289,75.8076,PM2.5,43,258,113
Madhya Pradesh,Indore,"Airport Area, Indore - IMC",14-11-2025 21:00,22.7289,75.8076,PM10,67,396,133
Madhya Pradesh,Indore,"Airport Area, Indore - IMC",14-11-2025 21:00,22.7289,75.8076,CO,6,15,7
Maharashtra,Jalgaon,"Prabhat Colony, Jalgaon - MPCB",14-11-2025 21:00,21.001264,75.565602,PM10,69,306,121
Maharashtra,Jalgaon,"Prabhat Colony, Jalgaon - MPCB",14-11-2025 21:00,21.001264,75.565602,SO2,4,18,8
Maharashtra,Jalna,"Old MIDC, Jalna - MPCB",14-11-2025 21:00,19.854616,75.905894,NO2,40,49,44
Maharashtra,Kalyan,"Khadakpada, Kalyan - MPCB",14-11-2025 21:00,19.25292,73.142019,PM10,67,152,92
Maharashtra,Kalyan,"Khadakpada, Kalyan - MPCB",14-11-2025 21:00,19.25292,73.142019,NH3,1,1,1
Maharashtra,Kalyan,"Khadakpada, Kalyan - MPCB",14-11-2025 21:00,19.25292,73.142019,OZONE,8,9,9
Maharashtra,Kalyan,"Pimpleshwar Mandir, Kalyan - MPCB",14-11-2025 21:00,19.192056,72.9585188,PM2.5,3,151,34
Maharashtra,Kalyan,"Pimpleshwar Mandir, Kalyan - MPCB",14-11-2025 21:00,19.192056,72.9585188,NO2,9,33,21
Maharashtra,Kalyan,"Pimpleshwar Mandir, Kalyan - MPCB",14-11-2025 21:00,19.192056,72.9585188,CO,44,46,45
Maharashtra,Kalyan,"Pimpleshwar Mandir, Kalyan - MPCB",14-11-2025 21:00,19.192056,72.9585188,OZONE,3,57,49
Maharashtra,Akola,"Ramdaspeth, Akola - MPCB",14-11-2025 21:00,20.719516,77.000253,PM2.5,4,210,95
Maharashtra,Amravati,"Shivneri Colony, Amravati - MPCB",14-11-2025 21:00,20.9402359,77.7895248,NO2,11,37,19
Maharashtra,Amravati,"Shivneri Colony, Amravati - MPCB",14-11-2025 21:00,20.9402359,77.7895248,NH3,2,2,2
Maharashtra,Amravati,"Shivneri Colony, Amravati - MPCB",14-11-2025 21:00,20.9402359,77.7895248,OZONE,14,137,104
Maharashtra,Amravati,"Shri Shivaji Science College, Amravati - MPCB",14-11-2025 21:00,20.939198,77.765701,PM10,81,385,133
Maharashtra,Amravati,"Shri Shivaji Science College, Amravati - MPCB",14-11-2025 21:00,20.939198,77.765701,NH3,1,15,5
Maharashtra,Amravati,"Shri Shivaji Science College, Amravati - MPCB",14-11-2025 21:00,20.939198,77.765701,OZONE,3,117,71
Maharashtra,Aurangabad,"MIDC Chilkalthana, Aurangabad - MPCB",14-11-2025 21:00,19.87562,75.38731,SO2,1,2,1
Maharashtra,Boisar,"Khaira, Boisar - MPCB",14-11-2025 21:00,19.786089,72.757971,SO2,6,23,20
Maharashtra,Boisar,"Khaira, Boisar - MPCB",14-11-2025 21:00,19.786089,72.757971,OZONE,20,41,35
Maharashtra,Chandrapur,"MIDC Khutala, Chandrapur - MPCB",14-11-2025 21:00,19.9775302,79.2337086,PM2.5,NA,NA,NA
Maharashtra,Dhule,"Deopur, Dhule - MPCB",14-11-2025 21:00,20.918946,74.776388,NO2,8,94,32
Maharashtra,Dhule,"Deopur, Dhule - MPCB",14-11-2025 21:00,20.918946,74.776388,CO,12,109,34
Maharashtra,Jalgaon,"Prabhat Colony, Jalgaon - MPCB",14-11-2025 21:00,21.001264,75.565602,PM2.5,66,323,134
Maharashtra,Kolhapur,"Shivaji University, Kolhapur - MPCB",14-11-2025 21:00,16.6870449,74.2505872,CO,2,61,19
Maharashtra,Latur,"Sawe Wadi, Latur - MPCB",14-11-2025 21:00,18.39963,76.57452,PM10,72,100,84
Maharashtra,Latur,"Sawe Wadi, Latur - MPCB",14-11-2025 21:00,18.39963,76.57452,NO2,8,53,25
Maharashtra,Latur,"Sawe Wadi, Latur - MPCB",14-11-2025 21:00,18.39963,76.57452,OZONE,66,152,124
Maharashtra,Mahad,"Kamble Tarf Birwadi, Mahad - MPCB",14-11-2025 21:00,18.1023399,73.4783687,PM10,65,183,113
Maharashtra,Mahad,"Kamble Tarf Birwadi, Mahad - MPCB",14-11-2025 21:00,18.1023399,73.4783687,SO2,13,58,28
Madhya Pradesh,Indore,"Chhoti Gwaltoli, Indore - MPPCB",14-11-2025 21:00,22.431,75.5213,SO2,4,21,10
Madhya Pradesh,Indore,"Chhoti Gwaltoli, Indore - MPPCB",14-11-2025 21:00,22.431,75.5213,OZONE,3,79,47
Madhya Pradesh,Jabalpur,"Govindh Bhavan Colony, Jabalpur - JMC",14-11-2025 21:00,23.163174,79.973061,NO2,19,34,23
Madhya Pradesh,Jabalpur,"Govindh Bhavan Colony, Jabalpur - JMC",14-11-2025 21:00,23.163174,79.973061,NH3,1,2,2
Madhya Pradesh,Jabalpur,"Gupteshwar, Jabalpur - JMC",14-11-2025 21:00,23.142888,79.916147,PM10,80,190,123
Madhya Pradesh,Jabalpur,"Gupteshwar, Jabalpur - JMC",14-11-2025 21:00,23.142888,79.916147,SO2,7,9,8
Madhya Pradesh,Pithampur,"Sector-2 Industrial Area, Pithampur - MPPCB",14-11-2025 21:00,22.624758,75.675238,NH3,NA,NA,NA
Madhya Pradesh,Sagar,"Civil Lines, Sagar - MPPCB",14-11-2025 21:00,23.838586,78.759431,CO,26,79,37
Madhya Pradesh,Singrauli,"Suryakiran Bhawan NCL, Singrauli - MPPCB",14-11-2025 21:00,24.10897,82.64558,SO2,NA,NA,NA
Maharashtra,Ahmednagar,"Tarakpur, Ahmednagar - MPCB",14-11-2025 21:00,19.10122,74.73339,PM10,61,110,85
Maharashtra,Ahmednagar,"Tarakpur, Ahmednagar - MPCB",14-11-2025 21:00,19.10122,74.73339,SO2,NA,NA,NA
Maharashtra,Aurangabad,"Rachnakar Colony, Aurangabad - MPCB",14-11-2025 21:00,19.863756,75.321188,NO2,17,24,19
Maharashtra,Belapur,"CBD Belapur, Belapur - MPCB",14-11-2025 21:00,19.0243902,73.0406721,PM10,106,167,143
Maharashtra,Belapur,"CBD Belapur, Belapur - MPCB",14-11-2025 21:00,19.0243902,73.0406721,SO2,1,8,4
Maharashtra,Bhiwandi,"Gokul Nagar, Bhiwandi - MPCB",14-11-2025 21:00,19.309073,73.057223,NH3,3,7,5
Maharashtra,Boisar,"Khaira, Boisar - MPCB",14-11-2025 21:00,19.786089,72.757971,PM2.5,64,116,90
Maharashtra,Nagpur,"Mahal, Nagpur - MPCB",14-11-2025 21:00,21.14472,79.107595,NO2,20,113,52
Maharashtra,Nagpur,"Mahal, Nagpur - MPCB",14-11-2025 21:00,21.14472,79.107595,SO2,1,97,47
Maharashtra,Nagpur,"Mahal, Nagpur - MPCB",14-11-2025 21:00,21.14472,79.107595,OZONE,1,30,19
Maharashtra,Nagpur,"Opp GPO Civil Lines, Nagpur - MPCB",14-11-2025 21:00,21.152875,79.0517531,NO2,16,107,40
Maharashtra,Nagpur,"Ram Nagar, Nagpur - MPCB",14-11-2025 21:00,21.143383,79.048912,NO2,13,70,28
Maharashtra,Nanded,"Sneh Nagar, Nanded - MPCB",14-11-2025 21:00,19.173852,77.296291,NO2,10,49,23
Maharashtra,Nanded,"Sneh Nagar, Nanded - MPCB",14-11-2025 21:00,19.173852,77.296291,NH3,3,5,4
Maharashtra,Nashik,"Gangapur Road, Nashik - MPCB",14-11-2025 21:00,20.0073285,73.7762427,NO2,7,8,7
Maharashtra,Mumbai,"Sion, Mumbai - MPCB",14-11-2025 21:00,19.047,72.8746,NO2,7,8,7
Maharashtra,Mumbai,"Vasai West, Mumbai - MPCB",14-11-2025 21:00,19.3832,72.8204,NO2,16,26,22
Maharashtra,Mumbai,"Vile Parle West, Mumbai - MPCB",14-11-2025 21:00,19.10861,72.83622,OZONE,5,27,19
Maharashtra,Mumbai,"Worli, Mumbai - MPCB",14-11-2025 21:00,18.9936162,72.8128113,PM2.5,69,97,76
Maharashtra,Mumbai,"Worli, Mumbai - MPCB",14-11-2025 21:00,18.9936162,72.8128113,NO2,3,14,6
Maharashtra,Nagpur,"Ambazari, Nagpur - MPCB",14-11-2025 21:00,21.121801,79.04952,PM2.5,98,219,166
Maharashtra,Mumbai,"Kandivali East, Mumbai - MPCB",14-11-2025 21:00,19.2058,72.8682,CO,12,43,30
Maharashtra,Mumbai,"Kandivali East, Mumbai - MPCB",14-11-2025 21:00,19.2058,72.8682,OZONE,NA,NA,NA
Maharashtra,Mumbai,"Kandivali West, Mumbai - BMC",14-11-2025 21:00,19.215859,72.831718,NO2,12,61,30
Maharashtra,Mumbai,"Kandivali West, Mumbai - BMC",14-11-2025 21:00,19.215859,72.831718,SO2,3,11,7
Maharashtra,Mumbai,"Kandivali West, Mumbai - BMC",14-11-2025 21:00,19.215859,72.831718,CO,10,65,16
Maharashtra,Mumbai,"Kherwadi_Bandra East, Mumbai - MPCB",14-11-2025 21:00,19.0632143,72.8456324,PM2.5,96,273,208
Maharashtra,Mumbai,"Kherwadi_Bandra East, Mumbai - MPCB",14-11-2025 21:00,19.0632143,72.8456324,OZONE,1,115,65
Maharashtra,Mumbai,"Chhatrapati Shivaji Intl. Airport (T2), Mumbai - MPCB",14-11-2025 21:00,19.10078,72.87462,NO2,18,28,21
Maharashtra,Mumbai,"Chhatrapati Shivaji Intl. Airport (T2), Mumbai - MPCB",14-11-2025 21:00,19.10078,72.87462,CO,14,22,15
Maharashtra,Mumbai,"Colaba, Mumbai - MPCB",14-11-2025 21:00,18.91,72.82,PM2.5,32,68,49
Maharashtra,Mumbai,"Colaba, Mumbai - MPCB",14-11-2025 21:00,18.91,72.82,CO,27,30,28
Maharashtra,Mumbai,"Deonar, Mumbai - IITM",14-11-2025 21:00,19.04946,72.923,NH3,7,13,9
Maharashtra,Mumbai,"Ghatkopar, Mumbai - BMC",14-11-2025 21:00,19.083694,72.920967,NO2,25,81,52
Maharashtra,Mumbai,"Borivali East, Mumbai - MPCB",14-11-2025 21:00,19.2243333,72.8658113,SO2,NA,NA,NA
Maharashtra,Mumbai,"Byculla, Mumbai - BMC",14-11-2025 21:00,18.9767,72.838,NO2,44,140,93
Maharashtra,Mumbai,"Chakala-Andheri East, Mumbai - IITM",14-11-2025 21:00,19.11074,72.86084,PM2.5,99,216,152
Maharashtra,Mumbai,"Chembur, Mumbai - MPCB",14-11-2025 21:00,19.0364585,72.8954371,SO2,2,14,7
Maharashtra,Mumbai,"Chembur, Mumbai - MPCB",14-11-2025 21:00,19.0364585,72.8954371,OZONE,1,176,109
Maharashtra,Mira-Bhayandar,"Bhayandar West, Mira-Bhayandar - MPCB",14-11-2025 21:00,19.296481,72.840923,CO,16,57,28
Maharashtra,Mira-Bhayandar,"Bhayandar West, Mira-Bhayandar - MPCB",14-11-2025 21:00,19.296481,72.840923,OZONE,1,107,73
Maharashtra,Mumbai,"Bandra Kurla Complex, Mumbai - IITM",14-11-2025 21:00,19.053536,72.84643,SO2,4,9,6
Maharashtra,Mumbai,"Bandra Kurla Complex, Mumbai - MPCB",14-11-2025 21:00,19.065931,72.862131,PM10,114,240,153
Maharashtra,Mumbai,"Malad West, Mumbai - IITM",14-11-2025 21:00,19.19709,72.82204,PM2.5,65,232,130
Maharashtra,Mumbai,"Malad West, Mumbai - IITM",14-11-2025 21:00,19.19709,72.82204,SO2,1,7,5
Maharashtra,Mumbai,"Mindspace-Malad West, Mumbai - MPCB",14-11-2025 21:00,19.1878657,72.8304069,NH3,7,39,24
Maharashtra,Mumbai,"Mulund West, Mumbai - MPCB",14-11-2025 21:00,19.175,72.9419,NO2,15,17,16
Maharashtra,Mumbai,"Powai, Mumbai - MPCB",14-11-2025 21:00,19.1375,72.915056,PM10,103,142,124
Maharashtra,Mumbai,"Powai, Mumbai - MPCB",14-11-2025 21:00,19.1375,72.915056,NO2,7,8,8
Maharashtra,Mumbai,"Powai, Mumbai - MPCB",14-11-2025 21:00,19.1375,72.915056,CO,17,17,17
Maharashtra,Mumbai,"Shivaji Nagar, Mumbai - BMC",14-11-2025 21:00,19.060498,72.923356,NO2,25,117,49
Maharashtra,Nashik,"Gangapur Road, Nashik - MPCB",14-11-2025 21:00,20.0073285,73.7762427,NH3,4,4,4
Maharashtra,Nashik,"Gangapur Road, Nashik - MPCB",14-11-2025 21:00,20.0073285,73.7762427,CO,31,34,32
Maharashtra,Nashik,"MIDC Ambad, Nashik - MPCB",14-11-2025 21:00,19.95022,73.73148,PM2.5,NA,NA,NA
Maharashtra,Pune,"Katraj Dairy, Pune - MPCB",14-11-2025 21:00,18.45445,73.854155,OZONE,NA,NA,NA
Maharashtra,Pune,"Panchawati_Pashan, Pune - IITM",14-11-2025 21:00,18.536457,73.805454,PM2.5,49,201,100
Maharashtra,Pune,"Panchawati_Pashan, Pune - IITM",14-11-2025 21:00,18.536457,73.805454,OZONE,1,126,4
Maharashtra,Pune,"Revenue Colony-Shivajinagar, Pune - IITM",14-11-2025 21:00,18.530085,73.849598,PM2.5,101,269,186
Maharashtra,Pune,"Revenue Colony-Shivajinagar, Pune - IITM",14-11-2025 21:00,18.530085,73.849598,PM10,135,251,188
Maharashtra,Pune,"Savitribai Phule Pune University, Pune - MPCB",14-11-2025 21:00,18.547056,73.826908,PM2.5,25,60,45
Maharashtra,Pune,"Savitribai Phule Pune University, Pune - MPCB",14-11-2025 21:00,18.547056,73.826908,NO2,1,36,15
Maharashtra,Pune,"Transport Nagar-Nigdi, Pune - IITM",14-11-2025 21:00,18.664282,73.763966,PM2.5,55,188,103
Maharashtra,Pune,"Transport Nagar-Nigdi, Pune - IITM",14-11-2025 21:00,18.664282,73.763966,CO,51,105,69
Maharashtra,Pimpri-Chinchwad,"Savta Mali Nagar, Pimpri-Chinchwad - IITM",14-11-2025 21:00,18.614767,73.799516,NO2,28,150,83
Maharashtra,Pimpri-Chinchwad,"Thergaon, Pimpri Chinchwad - MPCB",14-11-2025 21:00,18.616318,73.765797,NH3,3,5,4
Maharashtra,Pune,"Bhumkar Nagar, Pune - IITM",14-11-2025 21:00,18.60577,73.749976,PM2.5,NA,NA,NA
Maharashtra,Pune,"Bhumkar Nagar, Pune - IITM",14-11-2025 21:00,18.60577,73.749976,PM10,NA,NA,NA
Maharashtra,Pune,"Dhankawadi, Pune - IITM",14-11-2025 21:00,18.459883,73.852193,OZONE,1,3,2
Maharashtra,Pune,"Katraj Dairy, Pune - MPCB",14-11-2025 21:00,18.45445,73.854155,PM2.5,NA,NA,NA
Maharashtra,Sangli,"Vijay Nagar, Sangli - MPCB",14-11-2025 21:00,16.5038,74.3623,NH3,2,4,3
Maharashtra,Solapur,"Dnyaneshwar Nagar, Solapur - MPCB",14-11-2025 21:00,17.6336264,75.9132495,NO2,8,46,20
Maharashtra,Solapur,"Dnyaneshwar Nagar, Solapur - MPCB",14-11-2025 21:00,17.6336264,75.9132495,SO2,1,6,2
Maharashtra,Solapur,"Ratandeep Housing Society, Solapur - MPCB",14-11-2025 21:00,17.65439,75.90649,SO2,1,15,4
Maharashtra,Thane,"Kasarvadavali, Thane - MPCB",14-11-2025 21:00,19.26777,72.97182,OZONE,3,91,55
Maharashtra,Navi Mumbai,"Tondare-Taloja, Navi Mumbai - MPCB",14-11-2025 21:00,19.063,73.1209,NO2,20,30,26
Maharashtra,Pimpri-Chinchwad,"Gavalinagar, Pimpri Chinchwad - MPCB",14-11-2025 21:00,18.63673,73.82487,OZONE,1,108,75
Maharashtra,Pimpri-Chinchwad,"Park Street Wakad, Pimpri Chinchwad - MPCB",14-11-2025 21:00,18.59051,73.77946,NO2,38,102,57
Maharashtra,Pimpri-Chinchwad,"Park Street Wakad, Pimpri Chinchwad - MPCB",14-11-2025 21:00,18.59051,73.77946,NH3,1,4,3
Maharashtra,Pimpri-Chinchwad,"Park Street Wakad, Pimpri Chinchwad - MPCB",14-11-2025 21:00,18.59051,73.77946,SO2,1,9,4
Maharashtra,Ulhasnagar,"Sidhi Vinayak Nagar, Ulhasnagar - MPCB",14-11-2025 21:00,19.235581,73.159121,PM2.5,68,277,121
Maharashtra,Virar,"Bolinj, Virar - MPCB",14-11-2025 21:00,19.445821,72.7988231,NO2,13,59,29
Maharashtra,Virar,"Bolinj, Virar - MPCB",14-11-2025 21:00,19.445821,72.7988231,SO2,NA,NA,NA
Meghalaya,Shillong,"Lumpyngngad, Shillong - Meghalaya PCB",14-11-2025 21:00,25.5586,91.8985,PM10,4,31,13
Maharashtra,Navi Mumbai,"Sanpada, Navi Mumbai - MPCB",14-11-2025 21:00,19.0575752,73.0151367,SO2,9,19,14
Maharashtra,Navi Mumbai,"Sanpada, Navi Mumbai - MPCB",14-11-2025 21:00,19.0575752,73.0151367,CO,20,116,48
Maharashtra,Navi Mumbai,"Sector-2E Kalamboli, Navi Mumbai - MPCB",14-11-2025 21:00,19.02579,73.10297,PM2.5,17,304,139
Maharashtra,Navi Mumbai,"Sector-2E Kalamboli, Navi Mumbai - MPCB",14-11-2025 21:00,19.02579,73.10297,PM10,15,274,130
Odisha,Angul,"Hakimapada, Angul - OSPCB",14-11-2025 21:00,20.832874,85.104082,NH3,4,11,9
Odisha,Balasore,"Kalidaspur, Balasore - OSPCB",14-11-2025 21:00,21.51161,86.89088,NH3,2,3,3
Odisha,Baripada,"Meher Colony, Baripada - OSPCB",14-11-2025 21:00,21.941841,86.728318,PM2.5,146,228,181
Odisha,Baripada,"Meher Colony, Baripada - OSPCB",14-11-2025 21:00,21.941841,86.728318,CO,28,56,44
Odisha,Bileipada,"Tata Township, Bileipada - OSPCB",14-11-2025 21:00,22.06156703,85.47409613,NO2,6,7,6
Odisha,Bileipada,"Tata Township, Bileipada - OSPCB",14-11-2025 21:00,22.06156703,85.47409613,OZONE,10,13,11
Maharashtra,Navi Mumbai,"Mahape, Navi Mumbai - MPCB",14-11-2025 21:00,19.1135051,73.008978,PM2.5,16,44,21
Odisha,Brajrajnagar,"GM Office, Brajrajnagar - OSPCB",14-11-2025 21:00,21.8004996,83.8396977,OZONE,26,28,27
Odisha,Byasanagar,"Ferro Chrome Colony, Byasanagar - OSPCB",14-11-2025 21:00,20.94185,86.1151,PM2.5,92,349,202
Odisha,Byasanagar,"Ferro Chrome Colony, Byasanagar - OSPCB",14-11-2025 21:00,20.94185,86.1151,PM10,88,221,134
Odisha,Byasanagar,"Ferro Chrome Colony, Byasanagar - OSPCB",14-11-2025 21:00,20.94185,86.1151,SO2,6,77,19
Odisha,Cuttack,"CDA Area, Cuttack - OSPCB",14-11-2025 21:00,20.48891,85.84768,NO2,22,146,53
Odisha,Cuttack,"CDA Area, Cuttack - OSPCB",14-11-2025 21:00,20.48891,85.84768,SO2,5,26,12
Odisha,Keonjhar,"Jagamohanpur, Keonjhar - OSPCB",14-11-2025 21:00,21.6439,85.599355,PM2.5,75,99,87
Odisha,Keonjhar,"Jagamohanpur, Keonjhar - OSPCB",14-11-2025 21:00,21.6439,85.599355,NH3,8,19,13
Odisha,Keonjhar,"Jagamohanpur, Keonjhar - OSPCB",14-11-2025 21:00,21.6439,85.599355,CO,6,111,75
Puducherry,Puducherry,"Jawahar Nagar, Puducherry - PPCC",14-11-2025 21:00,11.9309,79.8027,NO2,5,48,21
Puducherry,Puducherry,"Jawahar Nagar, Puducherry - PPCC",14-11-2025 21:00,11.9309,79.8027,NH3,2,3,3
Punjab,Amritsar,"Golden Temple, Amritsar - PPCB",14-11-2025 21:00,31.62,74.876512,CO,25,121,46
Punjab,Bathinda,"Hardev Nagar, Bathinda - PPCB",14-11-2025 21:00,30.233011,74.907758,PM2.5,NA,NA,NA
Punjab,Bathinda,"Hardev Nagar, Bathinda - PPCB",14-11-2025 21:00,30.233011,74.907758,NO2,31,32,31
Punjab,Jalandhar,"Civil Line, Jalandhar - PPCB",14-11-2025 21:00,31.321907,75.578914,NH3,4,6,5
Punjab,Khanna,"Kalal Majra, Khanna - PPCB",14-11-2025 21:00,30.736056,76.209694,NO2,26,30,28
Odisha,Nayagarh,"Dabuna, Nayagarh - OSPCB",14-11-2025 21:00,21.847279,85.416905,CO,16,30,18
Odisha,Rairangpur,"Divisional Forest Office, Rairangpur - OSPCB",14-11-2025 21:00,22.265816,86.174829,NO2,8,8,8
Odisha,Rourkela,"Fertilizer Township, Rourkela - OSPCB",14-11-2025 21:00,22.18972222,84.86277778,NO2,11,11,11
Odisha,Rourkela,"Raghunathpali, Rourkela - OSPCB",14-11-2025 21:00,22.220833,84.809444,NO2,8,40,14
Odisha,Rourkela,"Raghunathpali, Rourkela - OSPCB",14-11-2025 21:00,22.220833,84.809444,NH3,1,4,2
Odisha,Rourkela,"Raghunathpali, Rourkela - OSPCB",14-11-2025 21:00,22.220833,84.809444,OZONE,6,50,35
Odisha,Tensa,"Barsua Iron Ore Mines, Tensa - OSPCB",14-11-2025 21:00,21.869985,85.167016,PM10,66,130,105
Rajasthan,Dausa,"Khatikan Mohalla, Dausa - RSPCB",14-11-2025 21:00,26.895552,76.334753,SO2,5,21,11
Rajasthan,Dholpur,"Raja Ganj, Dholpur - RSPCB",14-11-2025 21:00,26.699557,77.898881,PM2.5,63,302,184
Rajasthan,Dholpur,"Raja Ganj, Dholpur - RSPCB",14-11-2025 21:00,26.699557,77.898881,NO2,21,118,42
Rajasthan,Dungarpur,"Bhoiwada, Dungarpur - RSPCB",14-11-2025 21:00,23.837789,73.714926,SO2,1,5,2
Rajasthan,Hanumangarh,"Housing Board, Hanumangarh - RSPCB",14-11-2025 21:00,29.61075,74.283608,PM10,21,128,92
Rajasthan,Hanumangarh,"Housing Board, Hanumangarh - RSPCB",14-11-2025 21:00,29.61075,74.283608,OZONE,4,94,46
Rajasthan,Jaipur,"Adarsh Nagar, Jaipur - RSPCB",14-11-2025 21:00,26.902909,75.836858,SO2,12,35,23
Rajasthan,Bharatpur,"Krishna Nagar, Bharatpur - RSPCB",14-11-2025 21:00,27.215415,77.50873,NH3,4,10,7
Rajasthan,Bhilwara,"Pratap Nagar, Bhilwara - RSPCB",14-11-2025 21:00,25.339605,74.618883,NO2,12,83,41
Rajasthan,Bhiwadi,"RIICO Ind. Area III, Bhiwadi - RSPCB",14-11-2025 21:00,28.194909,76.862296,PM2.5,316,427,354
Rajasthan,Bhiwadi,"RIICO Ind. Area III, Bhiwadi - RSPCB",14-11-2025 21:00,28.194909,76.862296,PM10,170,402,232
Rajasthan,Bhiwadi,"RIICO Ind. Area III, Bhiwadi - RSPCB",14-11-2025 21:00,28.194909,76.862296,SO2,3,12,7
Rajasthan,Bhiwadi,"Vasundhara Nagar_UIT, Bhiwadi - RSPCB",14-11-2025 21:00,28.207266,76.829265,PM2.5,273,434,337
Rajasthan,Bhiwadi,"Vasundhara Nagar_UIT, Bhiwadi - RSPCB",14-11-2025 21:00,28.207266,76.829265,PM10,176,460,287
Rajasthan,Bikaner,"MM Ground, Bikaner - RSPCB",14-11-2025 21:00,28.018792,73.292658,SO2,1,13,6
Rajasthan,Bikaner,"MM Ground, Bikaner - RSPCB",14-11-2025 21:00,28.018792,73.292658,CO,23,169,69
Rajasthan,Chittorgarh,"Shastri Nagar, Chittorgarh - RSPCB",14-11-2025 21:00,24.892047,74.623527,PM10,39,178,103
Rajasthan,Chittorgarh,"Shastri Nagar, Chittorgarh - RSPCB",14-11-2025 21:00,24.892047,74.623527,CO,2,183,64
Rajasthan,Churu,"Subash Chowk, Churu - RSPCB",14-11-2025 21:00,28.296139,74.961696,PM2.5,47,375,196
Rajasthan,Churu,"Subash Chowk, Churu - RSPCB",14-11-2025 21:00,28.296139,74.961696,NO2,10,109,55
Rajasthan,Dausa,"Khatikan Mohalla, Dausa - RSPCB",14-11-2025 21:00,26.895552,76.334753,NH3,5,24,11
Punjab,Khanna,"Kalal Majra, Khanna - PPCB",14-11-2025 21:00,30.736056,76.209694,NH3,7,8,7
Punjab,Khanna,"Kalal Majra, Khanna - PPCB",14-11-2025 21:00,30.736056,76.209694,OZONE,24,26,25
Punjab,Ludhiana,"Punjab Agricultural University, Ludhiana - PPCB",14-11-2025 21:00,30.9028,75.8086,SO2,11,36,22
Punjab,Rupnagar,"Ratanpura, Rupnagar - Ambuja Cements",14-11-2025 21:00,31.0325454,76.5623046,PM2.5,24,442,76
Punjab,Rupnagar,"Ratanpura, Rupnagar - Ambuja Cements",14-11-2025 21:00,31.0325454,76.5623046,PM10,26,456,81
Rajasthan,Ajmer,"Civil Lines,  Ajmer - RSPCB",14-11-2025 21:00,26.470859,74.646594,CO,9,60,30
Rajasthan,Banswara,"Rati Talai, Banswara - RSPCB",14-11-2025 21:00,23.55519,74.44001,SO2,4,33,11
Rajasthan,Baran,"Bamboliya, Baran - RSPCB",14-11-2025 21:00,25.106006,76.469948,PM10,68,197,125
Rajasthan,Baran,"Bamboliya, Baran - RSPCB",14-11-2025 21:00,25.106006,76.469948,NH3,7,12,9
Rajasthan,Baran,"Bamboliya, Baran - RSPCB",14-11-2025 21:00,25.106006,76.469948,SO2,6,16,9
Rajasthan,Jaipur,"Mansarovar Sector-12, Jaipur - RSPCB",14-11-2025 21:00,26.843698,75.766894,NO2,9,139,76
Rajasthan,Jaipur,"Police Commissionerate, Jaipur - RSPCB",14-11-2025 21:00,26.9164092,75.7994901,NH3,4,34,10
Rajasthan,Jaipur,"RIICO Sitapura, Jaipur - RSPCB",14-11-2025 21:00,26.786682,75.827928,CO,17,141,56
Rajasthan,Sri Ganganagar,"Old City, Sri Ganganagar - RSPCB",14-11-2025 21:00,29.931624,73.864511,OZONE,1,169,70
Rajasthan,Tonk,"Shastri Nagar, Tonk - RSPCB",14-11-2025 21:00,26.159933,75.780517,PM2.5,59,453,205
Rajasthan,Udaipur,"Ashok Nagar, Udaipur - RSPCB",14-11-2025 21:00,24.5886166,73.6321397,PM2.5,33,209,75
Rajasthan,Udaipur,"Ashok Nagar, Udaipur - RSPCB",14-11-2025 21:00,24.5886166,73.6321397,NO2,6,91,45
Sikkim,Gangtok,"Zero Point GICI, Gangtok - SSPCB",14-11-2025 21:00,27.33853,88.614099,NO2,6,7,6
Sikkim,Gangtok,"Zero Point GICI, Gangtok - SSPCB",14-11-2025 21:00,27.33853,88.614099,CO,3,35,12
TamilNadu,Ariyalur,"Keelapalur, Ariyalur - TNPCB",14-11-2025 21:00,11.06825,79.07033,NH3,1,1,1
TamilNadu,Ariyalur,"Keelapalur, Ariyalur - TNPCB",14-11-2025 21:00,11.06825,79.07033,SO2,13,13,13
Rajasthan,Jaisalmer,"Sadar Bazar, Jaisalmer - RSPCB",14-11-2025 21:00,26.912329,70.909168,NH3,5,14,9
Rajasthan,Jaisalmer,"Sadar Bazar, Jaisalmer - RSPCB",14-11-2025 21:00,26.912329,70.909168,CO,18,82,34
Rajasthan,Jalore,"Mudtra Sili, Jalore - RSPCB",14-11-2025 21:00,25.344694,72.626208,PM2.5,28,190,79
Rajasthan,Jalore,"Mudtra Sili, Jalore - RSPCB",14-11-2025 21:00,25.344694,72.626208,PM10,57,248,127
Rajasthan,Jhalawar,"Rajlaxmi Nagar, Jhalawar - RSPCB",14-11-2025 21:00,24.588397,76.172782,PM10,37,157,94
Rajasthan,Jhalawar,"Rajlaxmi Nagar, Jhalawar - RSPCB",14-11-2025 21:00,24.588397,76.172782,SO2,7,18,11
Rajasthan,Jhunjhunu,"Indra Nagar, Jhunjhunu - RSPCB",14-11-2025 21:00,28.108988,75.386577,PM2.5,36,359,195
Rajasthan,Jhunjhunu,"Indra Nagar, Jhunjhunu - RSPCB",14-11-2025 21:00,28.108988,75.386577,NH3,1,14,9
TamilNadu,Chennai,"Alandur Bus Depot, Chennai - CPCB",14-11-2025 21:00,12.9099161,80.1076538,OZONE,10,14,13
TamilNadu,Chennai,"Arumbakkam, Chennai - TNPCB",14-11-2025 21:00,13.0664,80.2112,SO2,2,11,4
TamilNadu,Chennai,"Gandhi Nagar_Ennore, Chennai - TNPCB",14-11-2025 21:00,13.218341,80.32027,NH3,1,1,1
TamilNadu,Chennai,"Gandhi Nagar_Ennore, Chennai - TNPCB",14-11-2025 21:00,13.218341,80.32027,CO,8,10,8
TamilNadu,Chennai,"Kodungaiyur, Chennai - TNPCB",14-11-2025 21:00,13.1278,80.2642,NO2,1,2,1
TamilNadu,Chennai,"Manali Village, Chennai - TNPCB",14-11-2025 21:00,13.1662,80.2584,NH3,1,2,2
Rajasthan,Jodhpur,"Collectorate, Jodhpur - RSPCB",14-11-2025 21:00,26.268249,73.0193853,PM10,48,401,149
Rajasthan,Jodhpur,"Collectorate, Jodhpur - RSPCB",14-11-2025 21:00,26.268249,73.0193853,NO2,6,13,10
Rajasthan,Jodhpur,"Digari Kalan, Jodhpur - RSPCB",14-11-2025 21:00,26.29581,73.082283,NH3,5,13,8
Rajasthan,Jodhpur,"Jhalamand, Jodhpur - RSPCB",14-11-2025 21:00,26.215415,73.070156,OZONE,4,100,73
Rajasthan,Jodhpur,"Mandor, Jodhpur - RSPCB",14-11-2025 21:00,26.358805,73.047444,PM2.5,17,110,56
Rajasthan,Jodhpur,"Mandor, Jodhpur - RSPCB",14-11-2025 21:00,26.358805,73.047444,CO,8,60,21
Rajasthan,Kota,"Shrinath Puram, Kota - RSPCB",14-11-2025 21:00,25.14389,75.821256,SO2,6,95,17
Rajasthan,Nagaur,"Karni Colony, Nagaur - RSPCB",14-11-2025 21:00,27.213494,73.734444,OZONE,8,80,55
Rajasthan,Pali,"Indira Colony Vistar, Pali - RSPCB",14-11-2025 21:00,25.771061,73.340227,PM2.5,43,237,92
Rajasthan,Pali,"Indira Colony Vistar, Pali - RSPCB",14-11-2025 21:00,25.771061,73.340227,OZONE,8,66,45
Rajasthan,Pratapgarh,"Pragati Nagar, Pratapgarh - RSPCB",14-11-2025 21:00,24.041198,74.780702,SO2,3,9,5
Rajasthan,Sawai Madhopur,"Sahu Nagar, Sawai Madhopur - RSPCB",14-11-2025 21:00,26.031443,76.359327,PM2.5,17,372,89
Rajasthan,Sikar,"Radhakishan Pura, Sikar - RSPCB",14-11-2025 21:00,27.608912,75.153302,CO,24,119,53
Rajasthan,Sirohi,"Vedhaynath Colony, Sirohi - RSPCB",14-11-2025 21:00,24.885261,72.857549,NO2,4,85,33
Rajasthan,Sirohi,"Vedhaynath Colony, Sirohi - RSPCB",14-11-2025 21:00,24.885261,72.857549,CO,20,44,28
Rajasthan,Sirohi,"Vedhaynath Colony, Sirohi - RSPCB",14-11-2025 21:00,24.885261,72.857549,OZONE,28,98,75
TamilNadu,Chennai,"Manali, Chennai - CPCB",14-11-2025 21:00,13.164544,80.26285,NH3,7,7,7
TamilNadu,Chennai,"Manali, Chennai - CPCB",14-11-2025 21:00,13.164544,80.26285,SO2,8,15,13
TamilNadu,Chennai,"Manali, Chennai - CPCB",14-11-2025 21:00,13.164544,80.26285,OZONE,10,10,10
TamilNadu,Chennai,"Velachery Res. Area, Chennai - CPCB",14-11-2025 21:00,13.0052189,80.2398125,SO2,12,15,13
TamilNadu,Coimbatore,"PSG College of Arts and Science, Coimbatore - TNPCB",14-11-2025 21:00,11.0328,77.0349,SO2,1,2,1
TamilNadu,Coimbatore,"SIDCO Kurichi, Coimbatore - TNPCB",14-11-2025 21:00,10.942451,76.978996,PM10,70,132,96
TamilNadu,Cuddalore,"Kudikadu, Cuddalore - TNPCB",14-11-2025 21:00,11.6829898,79.7532099,PM2.5,47,74,58
TamilNadu,Dindigul,"Mendonsa Colony, Dindigul - TNPCB",14-11-2025 21:00,10.358535,77.984321,SO2,19,24,22
TamilNadu,Hosur,"SIPCOT Phase-1, Hosur - TNPCB",14-11-2025 21:00,12.746998,77.813811,SO2,NA,NA,NA
Rajasthan,Jodhpur,"Samrat Ashok Udhyan, Jodhpur - RSPCB",14-11-2025 21:00,26.253384,72.976571,OZONE,6,173,109
Rajasthan,Karauli,"Satyawati Vihar, Karauli - RSPCB",14-11-2025 21:00,26.506177,77.025989,CO,15,96,36
Rajasthan,Kota,"Dhanmandi, Kota - RSPCB",14-11-2025 21:00,25.16409,75.858137,PM2.5,43,330,172
Rajasthan,Kota,"Dhanmandi, Kota - RSPCB",14-11-2025 21:00,25.16409,75.858137,OZONE,1,142,78
Telangana,Hyderabad,"New Malakpet, Hyderabad - TSPCB",14-11-2025 21:00,17.37206,78.50864,NO2,11,16,13
Telangana,Hyderabad,"New Malakpet, Hyderabad - TSPCB",14-11-2025 21:00,17.37206,78.50864,NH3,2,3,2
Telangana,Hyderabad,"Ramachandrapuram, Hyderabad - TSPCB",14-11-2025 21:00,17.528544,78.286195,PM2.5,36,46,40
Telangana,Hyderabad,"Sanathnagar, Hyderabad - TSPCB",14-11-2025 21:00,17.4559458,78.4332152,PM2.5,45,130,88
Telangana,Hyderabad,"Sanathnagar, Hyderabad - TSPCB",14-11-2025 21:00,17.4559458,78.4332152,NO2,26,30,28
Telangana,Hyderabad,"Sanathnagar, Hyderabad - TSPCB",14-11-2025 21:00,17.4559458,78.4332152,CO,9,22,12
Telangana,Hyderabad,"Somajiguda, Hyderabad - TSPCB",14-11-2025 21:00,17.417094,78.457437,NO2,13,19,16
Telangana,Hyderabad,"Somajiguda, Hyderabad - TSPCB",14-11-2025 21:00,17.417094,78.457437,CO,19,38,29
Telangana,Hyderabad,"Zoo Park, Hyderabad - TSPCB",14-11-2025 21:00,17.349694,78.451437,NH3,3,4,3
Uttar_Pradesh,Baghpat,"Sardar Patel Inter College, Baghpat - UPPCB",14-11-2025 21:00,28.964949,77.278761,OZONE,5,96,80
Uttar_Pradesh,Bareilly,"Civil Lines, Bareilly - UPPCB",14-11-2025 21:00,28.359581,79.414455,PM2.5,11,99,51
Uttar_Pradesh,Bareilly,"Civil Lines, Bareilly - UPPCB",14-11-2025 21:00,28.359581,79.414455,CO,56,120,76
Uttar_Pradesh,Bareilly,"Rajendra Nagar, Bareilly - UPPCB",14-11-2025 21:00,28.38910936,79.42963708,PM2.5,37,126,78
Uttar_Pradesh,Bareilly,"Rajendra Nagar, Bareilly - UPPCB",14-11-2025 21:00,28.38910936,79.42963708,PM10,71,164,126
Uttar_Pradesh,Bulandshahr,"Yamunapuram, Bulandshahr - UPPCB",14-11-2025 21:00,28.406963,77.849831,PM2.5,286,464,405
Uttar_Pradesh,Firozabad,"Nagla Bhau, Firozabad - UPPCB",14-11-2025 21:00,27.168897,78.37696,PM2.5,41,166,93
TamilNadu,Kanchipuram,"Kilambi, Kanchipuram - TNPCB",14-11-2025 21:00,12.864618,79.659968,CO,26,29,27
TamilNadu,Karur,"Kamadenu Nagar, Karur - TNPCB",14-11-2025 21:00,10.96782,78.080882,PM2.5,65,106,87
TamilNadu,Karur,"Kamadenu Nagar, Karur - TNPCB",14-11-2025 21:00,10.96782,78.080882,NH3,3,4,3
TamilNadu,Madurai,"Uchapatti, Madurai - TNPCB",14-11-2025 21:00,9.865935,78.022669,OZONE,1,1,1
TamilNadu,Nagapattinam,"Velippalayam, Nagapattinam - TNPCB",14-11-2025 21:00,10.798548,79.838212,PM2.5,62,95,79
TamilNadu,Nagapattinam,"Velippalayam, Nagapattinam - TNPCB",14-11-2025 21:00,10.798548,79.838212,NH3,2,2,2
TamilNadu,Ooty,"Bombay Castel, Ooty - TNPCB",14-11-2025 21:00,11.4068288,76.7138973,PM2.5,NA,NA,NA
TamilNadu,Ooty,"Bombay Castel, Ooty - TNPCB",14-11-2025 21:00,11.4068288,76.7138973,PM10,NA,NA,NA
TamilNadu,Virudhunagar,"Collectorate Office, Virudhunagar - TNPCB",14-11-2025 21:00,9.559382,77.948828,SO2,25,25,25
TamilNadu,Virudhunagar,"Collectorate Office, Virudhunagar - TNPCB",14-11-2025 21:00,9.559382,77.948828,CO,16,18,17
Telangana,Hyderabad,"Bollaram Industrial Area, Hyderabad - TSPCB",14-11-2025 21:00,17.540891,78.358528,NH3,2,6,4
Telangana,Hyderabad,"Bollaram Industrial Area, Hyderabad - TSPCB",14-11-2025 21:00,17.540891,78.358528,CO,10,40,24
Telangana,Hyderabad,"ECIL Kapra, Hyderabad - TSPCB",14-11-2025 21:00,17.470431,78.566959,SO2,7,21,12
Telangana,Hyderabad,"IDA Pashamylaram, Hyderabad - TSPCB",14-11-2025 21:00,17.5316895,78.218939,PM10,NA,NA,NA
Telangana,Hyderabad,"IDA Pashamylaram, Hyderabad - TSPCB",14-11-2025 21:00,17.5316895,78.218939,NO2,NA,NA,NA
Telangana,Hyderabad,"IDA Pashamylaram, Hyderabad - TSPCB",14-11-2025 21:00,17.5316895,78.218939,CO,18,58,33
TamilNadu,Thoothukudi,"Meelavittan, Thoothukudi - TNPCB",14-11-2025 21:00,8.816428,78.099039,PM10,23,107,62
TamilNadu,Tiruchirappalli,"St Joseph College, Tiruchirappalli - TNPCB",14-11-2025 21:00,10.830158,78.691849,PM2.5,NA,NA,NA
TamilNadu,Tiruchirappalli,"St Joseph College, Tiruchirappalli - TNPCB",14-11-2025 21:00,10.830158,78.691849,PM10,NA,NA,NA
TamilNadu,Tiruchirappalli,"St Joseph College, Tiruchirappalli - TNPCB",14-11-2025 21:00,10.830158,78.691849,NO2,NA,NA,NA
TamilNadu,Tirupur,"Kumaran College, Tirupur - TNPCB",14-11-2025 21:00,11.0973603,77.3228673,PM10,58,156,101
TamilNadu,Vellore,"Vasanthapuram, Vellore - TNPCB",14-11-2025 21:00,12.909494,79.131861,SO2,20,25,21
Tripura,Agartala,"Bardowali, Agartala - Tripura SPCB",14-11-2025 21:00,23.8175497,91.2726974,PM10,31,55,44
Tripura,Agartala,"Bardowali, Agartala - Tripura SPCB",14-11-2025 21:00,23.8175497,91.2726974,SO2,27,28,27
Tripura,Agartala,"Bardowali, Agartala - Tripura SPCB",14-11-2025 21:00,23.8175497,91.2726974,OZONE,1,8,4
Uttar_Pradesh,Agra,"Manoharpur, Agra - UPPCB",14-11-2025 21:00,27.23711,78.01936,PM2.5,68,246,156
Uttar_Pradesh,Agra,"Manoharpur, Agra - UPPCB",14-11-2025 21:00,27.23711,78.01936,PM10,88,183,141
Uttar_Pradesh,Agra,"Sector-3B Avas Vikas Colony, Agra - UPPCB",14-11-2025 21:00,27.19412,77.96237,PM10,140,500,227
TamilNadu,Ooty,"Bombay Castel, Ooty - TNPCB",14-11-2025 21:00,11.4068288,76.7138973,SO2,13,131,25
TamilNadu,Ooty,"Bombay Castel, Ooty - TNPCB",14-11-2025 21:00,11.4068288,76.7138973,OZONE,4,7,5
TamilNadu,Palkalaiperur,"Bharathidasan University, Palkalaiperur - TNPCB",14-11-2025 21:00,10.681158,78.741746,NO2,3,12,4
TamilNadu,Palkalaiperur,"Bharathidasan University, Palkalaiperur - TNPCB",14-11-2025 21:00,10.681158,78.741746,NH3,1,2,1
TamilNadu,Ramanathapuram,"Chalai Bazaar, Ramanathapuram - TNPCB",14-11-2025 21:00,9.36399,78.831977,PM2.5,40,76,50
TamilNadu,Ramanathapuram,"Chalai Bazaar, Ramanathapuram - TNPCB",14-11-2025 21:00,9.36399,78.831977,CO,14,22,18
Uttar_Pradesh,Agra,"Sector-3B Avas Vikas Colony, Agra - UPPCB",14-11-2025 21:00,27.19412,77.96237,SO2,9,11,9
Uttar_Pradesh,Agra,"Sector-3B Avas Vikas Colony, Agra - UPPCB",14-11-2025 21:00,27.19412,77.96237,OZONE,4,29,11
Uttar_Pradesh,Agra,"Shahjahan Garden, Agra - UPPCB",14-11-2025 21:00,27.169338,78.03582,SO2,NA,NA,NA
Uttar_Pradesh,Agra,"Shahjahan Garden, Agra - UPPCB",14-11-2025 21:00,27.169338,78.03582,OZONE,3,27,16
Uttar_Pradesh,Agra,"Shastripuram, Agra - UPPCB",14-11-2025 21:00,27.19862,77.92066,NH3,3,3,3
Uttar_Pradesh,Agra,"Shastripuram, Agra - UPPCB",14-11-2025 21:00,27.19862,77.92066,OZONE,6,7,6
Telangana,Hyderabad,"Kokapet, Hyderabad - TSPCB",14-11-2025 21:00,17.393559,78.339194,CO,16,28,26
Telangana,Hyderabad,"Nacharam_TSIIC IALA, Hyderabad - TSPCB",14-11-2025 21:00,17.429398,78.569354,PM10,78,123,99
Uttar_Pradesh,Gorakhpur,"Madan Mohan Malaviya University of Technology, Gorakhpur - UPPCB",14-11-2025 21:00,26.730136,83.433859,NH3,1,1,1
Uttar_Pradesh,Gorakhpur,"Madan Mohan Malaviya University of Technology, Gorakhpur - UPPCB",14-11-2025 21:00,26.730136,83.433859,SO2,30,31,31
Uttar_Pradesh,Greater Noida,"Knowledge Park - III, Greater Noida - UPPCB",14-11-2025 21:00,28.47272,77.482,NO2,41,191,104
Uttar_Pradesh,Greater Noida,"Knowledge Park - III, Greater Noida - UPPCB",14-11-2025 21:00,28.47272,77.482,NH3,9,13,11
Uttar_Pradesh,Greater Noida,"Knowledge Park - III, Greater Noida - UPPCB",14-11-2025 21:00,28.47272,77.482,SO2,24,39,32
Uttar_Pradesh,Greater Noida,"Knowledge Park - V, Greater Noida - UPPCB",14-11-2025 21:00,28.557054,77.453663,PM10,202,484,326
Uttar_Pradesh,Greater Noida,"Knowledge Park - V, Greater Noida - UPPCB",14-11-2025 21:00,28.557054,77.453663,CO,50,112,83
Uttar_Pradesh,Jhansi,"Shivaji Nagar, Jhansi - UPPCB",14-11-2025 21:00,25.4547,78.6039,PM10,43,112,81
Uttar_Pradesh,Jhansi,"Shivaji Nagar, Jhansi - UPPCB",14-11-2025 21:00,25.4547,78.6039,NH3,4,4,4
Uttar_Pradesh,Jhansi,"Shivaji Nagar, Jhansi - UPPCB",14-11-2025 21:00,25.4547,78.6039,CO,17,96,37
Uttar_Pradesh,Moradabad,"Kashiram Nagar, Moradabad - UPPCB",14-11-2025 21:00,28.849399,78.742362,NO2,25,25,25
Uttar_Pradesh,Muzaffarnagar,"New Mandi, Muzaffarnagar - UPPCB",14-11-2025 21:00,29.4723508,77.7194031,NO2,36,141,74
Uttar_Pradesh,Muzaffarnagar,"New Mandi, Muzaffarnagar - UPPCB",14-11-2025 21:00,29.4723508,77.7194031,NH3,9,15,11
Uttar_Pradesh,Muzaffarnagar,"New Mandi, Muzaffarnagar - UPPCB",14-11-2025 21:00,29.4723508,77.7194031,SO2,12,58,26
Uttar_Pradesh,Noida,"Sector - 125, Noida - UPPCB",14-11-2025 21:00,28.5447608,77.3231257,SO2,14,30,21
Uttar_Pradesh,Noida,"Sector - 125, Noida - UPPCB",14-11-2025 21:00,28.5447608,77.3231257,OZONE,11,159,72
Uttar_Pradesh,Noida,"Sector - 62, Noida - IMD",14-11-2025 21:00,28.6245479,77.3577104,NO2,30,154,58
Uttar_Pradesh,Noida,"Sector-1, Noida - UPPCB",14-11-2025 21:00,28.5898,77.3101,PM10,282,428,333
Uttar_Pradesh,Noida,"Sector-1, Noida - UPPCB",14-11-2025 21:00,28.5898,77.3101,NO2,66,220,139
Uttar_Pradesh,Firozabad,"Nagla Bhau, Firozabad - UPPCB",14-11-2025 21:00,27.168897,78.37696,OZONE,10,18,14
Uttar_Pradesh,Ghaziabad,"Indirapuram, Ghaziabad - UPPCB",14-11-2025 21:00,28.646233,77.358075,CO,58,134,58
Uttar_Pradesh,Ghaziabad,"Indirapuram, Ghaziabad - UPPCB",14-11-2025 21:00,28.646233,77.358075,OZONE,1,8,1
Uttar_Pradesh,Ghaziabad,"Loni, Ghaziabad - UPPCB",14-11-2025 21:00,28.757294,77.278792,PM2.5,209,500,388
Uttar_Pradesh,Ghaziabad,"Loni, Ghaziabad - UPPCB",14-11-2025 21:00,28.757294,77.278792,SO2,14,49,28
Uttar_Pradesh,Ghaziabad,"Loni, Ghaziabad - UPPCB",14-11-2025 21:00,28.757294,77.278792,OZONE,5,73,51
Uttar_Pradesh,Ghaziabad,"Vasundhara, Ghaziabad - UPPCB",14-11-2025 21:00,28.6603346,77.3572563,OZONE,4,217,127
Uttar_Pradesh,Lucknow,"Gomti Nagar, Lucknow - UPPCB",14-11-2025 21:00,26.86812,81.005119,PM2.5,74,293,156
Uttar_Pradesh,Lucknow,"Gomti Nagar, Lucknow - UPPCB",14-11-2025 21:00,26.86812,81.005119,PM10,64,142,105
Uttar_Pradesh,Lucknow,"Kendriya Vidyalaya, Lucknow - CPCB",14-11-2025 21:00,26.906111,80.948222,SO2,4,15,9
Uttar_Pradesh,Lucknow,"Kukrail Picnic Spot-1, Lucknow - UPPCB",14-11-2025 21:00,26.90723,80.98579,NH3,5,5,5
Uttar_Pradesh,Lucknow,"Kukrail Picnic Spot-1, Lucknow - UPPCB",14-11-2025 21:00,26.90723,80.98579,SO2,40,47,42
Uttar_Pradesh,Lucknow,"Lalbagh, Lucknow - CPCB",14-11-2025 21:00,26.8458805,80.9365541,NO2,25,39,29
Uttar_Pradesh,Kanpur,"FTI Kidwai Nagar, Kanpur - UPPCB",14-11-2025 21:00,26.428282,80.327067,SO2,25,30,28
Uttar_Pradesh,Kanpur,"NSI Kalyanpur, Kanpur - UPPCB",14-11-2025 21:00,26.509954,80.249612,NO2,22,22,22
Uttar_Pradesh,Khurja,"Kalindi Kunj, Khurja - UPPCB",14-11-2025 21:00,28.2348927,77.8683002,PM10,198,421,276
Uttar_Pradesh,Lucknow,"Talkatora District Industries Center, Lucknow - CPCB",14-11-2025 21:00,26.83399722,80.8917361,PM2.5,119,337,283
Uttar_Pradesh,Lucknow,"Talkatora District Industries Center, Lucknow - CPCB",14-11-2025 21:00,26.83399722,80.8917361,SO2,1,15,7
Uttar_Pradesh,Meerut,"Ganga Nagar, Meerut - UPPCB",14-11-2025 21:00,28.999264,77.7590354,PM10,124,491,293
Uttar_Pradesh,Moradabad,"Employment Office, Moradabad - UPPCB",14-11-2025 21:00,28.88528,78.7388,NH3,4,4,4
Uttar_Pradesh,Moradabad,"Jigar Colony, Moradabad - UPPCB",14-11-2025 21:00,28.856664,78.772638,SO2,34,101,49
Uttar_Pradesh,Moradabad,"Jigar Colony, Moradabad - UPPCB",14-11-2025 21:00,28.856664,78.772638,CO,40,42,41
Uttar_Pradesh,Meerut,"Pallavpuram Phase 2, Meerut - UPPCB",14-11-2025 21:00,29.06351,77.709723,OZONE,4,178,94
Uttar_Pradesh,Firozabad,"Nagla Bhau, Firozabad - UPPCB",14-11-2025 21:00,27.168897,78.37696,CO,14,18,15
West_Bengal,Haldia,"Priyambada Housing Estate, Haldia - WBPCB",14-11-2025 21:00,22.06047,88.109737,NH3,7,12,8
West_Bengal,Haldia,"Priyambada Housing Estate, Haldia - WBPCB",14-11-2025 21:00,22.06047,88.109737,SO2,14,17,16
West_Bengal,Haldia,"Priyambada Housing Estate, Haldia - WBPCB",14-11-2025 21:00,22.06047,88.109737,OZONE,20,45,33
West_Bengal,Howrah,"Belur Math, Howrah - WBPCB",14-11-2025 21:00,22.629801,88.352017,PM2.5,NA,NA,NA
West_Bengal,Howrah,"Belur Math, Howrah - WBPCB",14-11-2025 21:00,22.629801,88.352017,OZONE,7,43,26
West_Bengal,Howrah,"Botanical Garden, Howrah - WBPCB",14-11-2025 21:00,22.554954,88.292568,CO,58,102,65
West_Bengal,Howrah,"Botanical Garden, Howrah - WBPCB",14-11-2025 21:00,22.554954,88.292568,OZONE,5,18,13
West_Bengal,Howrah,"Dasnagar, Howrah - WBPCB",14-11-2025 21:00,22.6025571,88.3105664,PM2.5,84,318,159
West_Bengal,Howrah,"Ghusuri, Howrah - WBPCB",14-11-2025 21:00,22.611968,88.347422,SO2,8,42,25
West_Bengal,Howrah,"Padmapukur, Howrah - WBPCB",14-11-2025 21:00,22.5687319,88.2797276,NO2,15,52,30
West_Bengal,Howrah,"Padmapukur, Howrah - WBPCB",14-11-2025 21:00,22.5687319,88.2797276,SO2,2,11,7
West_Bengal,Howrah,"Padmapukur, Howrah - WBPCB",14-11-2025 21:00,22.5687319,88.2797276,OZONE,3,133,85
West_Bengal,Kolkata,"Ballygunge, Kolkata - WBPCB",14-11-2025 21:00,22.5367507,88.3638022,CO,16,115,36
West_Bengal,Kolkata,"Bidhannagar, Kolkata - WBPCB",14-11-2025 21:00,22.58157048,88.41002457,PM2.5,77,230,141
West_Bengal,Kolkata,"Bidhannagar, Kolkata - WBPCB",14-11-2025 21:00,22.58157048,88.41002457,PM10,84,176,125
West_Bengal,Kolkata,"Bidhannagar, Kolkata - WBPCB",14-11-2025 21:00,22.58157048,88.41002457,NO2,2,32,23
West_Bengal,Kolkata,"Fort William, Kolkata - WBPCB",14-11-2025 21:00,22.55664,88.342674,PM2.5,NA,NA,NA
West_Bengal,Kolkata,"Fort William, Kolkata - WBPCB",14-11-2025 21:00,22.55664,88.342674,PM10,NA,NA,NA
West_Bengal,Asansol,"Asansol Court Area, Asansol - WBPCB",14-11-2025 21:00,23.685297,86.945968,CO,29,95,43
West_Bengal,Asansol,"Evelyn Lodge, Asansol - WBPCB",14-11-2025 21:00,23.697936,86.944395,SO2,4,7,6
West_Bengal,Asansol,"Mahabir Colliery, Asansol - WBPCB",14-11-2025 21:00,23.618183,87.105718,NO2,9,41,18
West_Bengal,Asansol,"Mahabir Colliery, Asansol - WBPCB",14-11-2025 21:00,23.618183,87.105718,NH3,1,2,1
West_Bengal,Asansol,"Trivenidevi Bhalotia College, Asansol - WBPCB",14-11-2025 21:00,23.616515,87.119133,NH3,5,7,6
West_Bengal,Asansol,"Trivenidevi Bhalotia College, Asansol - WBPCB",14-11-2025 21:00,23.616515,87.119133,CO,6,66,16
West_Bengal,Barrackpore,"SVSPA Campus, Barrackpore - WBPCB",14-11-2025 21:00,22.7605581,88.3617589,PM2.5,72,183,128
Uttar_Pradesh,Noida,"Sector-1, Noida - UPPCB",14-11-2025 21:00,28.5898,77.3101,NH3,15,21,19
Uttar_Pradesh,Noida,"Sector-1, Noida - UPPCB",14-11-2025 21:00,28.5898,77.3101,OZONE,6,150,78
Uttar_Pradesh,Noida,"Sector-116, Noida - UPPCB",14-11-2025 21:00,28.56923,77.393848,NH3,9,14,11
Uttar_Pradesh,Prayagraj,"Jhunsi, Prayagraj - UPPCB",14-11-2025 21:00,25.425602,81.917152,PM2.5,74,199,121
Uttar_Pradesh,Prayagraj,"Jhunsi, Prayagraj - UPPCB",14-11-2025 21:00,25.425602,81.917152,PM10,100,239,165
Uttar_Pradesh,Prayagraj,"Motilal Nehru NIT, Prayagraj - UPPCB",14-11-2025 21:00,25.494,81.863,PM2.5,94,332,254
Uttar_Pradesh,Prayagraj,"Motilal Nehru NIT, Prayagraj - UPPCB",14-11-2025 21:00,25.494,81.863,PM10,91,416,231
Uttar_Pradesh,Prayagraj,"Motilal Nehru NIT, Prayagraj - UPPCB",14-11-2025 21:00,25.494,81.863,SO2,22,46,40
Uttar_Pradesh,Varanasi,"Ardhali Bazar, Varanasi - UPPCB",14-11-2025 21:00,25.3505986,82.9083074,SO2,NA,NA,NA
Uttar_Pradesh,Varanasi,"Bhelupur, Varanasi - UPPCB",14-11-2025 21:00,25.301778,82.996789,PM2.5,78,339,174
Uttar_Pradesh,Varanasi,"Bhelupur, Varanasi - UPPCB",14-11-2025 21:00,25.301778,82.996789,PM10,108,369,182
Uttar_Pradesh,Varanasi,"Bhelupur, Varanasi - UPPCB",14-11-2025 21:00,25.301778,82.996789,SO2,29,35,31
Uttar_Pradesh,Varanasi,"IESD Banaras Hindu University, Varanasi - UPPCB",14-11-2025 21:00,25.262326,82.995408,CO,13,47,25
Uttar_Pradesh,Varanasi,"IESD Banaras Hindu University, Varanasi - UPPCB",14-11-2025 21:00,25.262326,82.995408,OZONE,17,61,34
Uttar_Pradesh,Varanasi,"Maldahiya, Varanasi - UPPCB",14-11-2025 21:00,25.32393,82.99687,PM10,104,266,164
West_Bengal,Barrackpore,"SVSPA Campus, Barrackpore - WBPCB",14-11-2025 21:00,22.7605581,88.3617589,CO,36,78,46
West_Bengal,Barrackpore,"SVSPA Campus, Barrackpore - WBPCB",14-11-2025 21:00,22.7605581,88.3617589,OZONE,3,65,37
West_Bengal,Durgapur,"Womens College_City Center, Durgapur - WBPCB (Formerly known as Sidhu Kanhu Indoor Stadium)",14-11-2025 21:00,23.549395,87.300496,PM10,88,179,126
West_Bengal,Durgapur,"Womens College_City Center, Durgapur - WBPCB (Formerly known as Sidhu Kanhu Indoor Stadium)",14-11-2025 21:00,23.549395,87.300496,SO2,3,89,28
West_Bengal,Haldia,"Priyambada Housing Estate, Haldia - WBPCB",14-11-2025 21:00,22.06047,88.109737,PM2.5,124,308,211
West_Bengal,Kolkata,"Jadavpur, Kolkata - WBPCB",14-11-2025 21:00,22.49929,88.36917,PM10,133,405,241
West_Bengal,Kolkata,"Jadavpur, Kolkata - WBPCB",14-11-2025 21:00,22.49929,88.36917,SO2,1,4,2
West_Bengal,Kolkata,"Jadavpur, Kolkata - WBPCB",14-11-2025 21:00,22.49929,88.36917,OZONE,11,30,20
West_Bengal,Kolkata,"Rabindra Bharati University, Kolkata - WBPCB",14-11-2025 21:00,22.627847,88.380669,NH3,NA,NA,NA
West_Bengal,Kolkata,"Rabindra Sarobar, Kolkata - WBPCB",14-11-2025 21:00,22.51106,88.35142,PM10,87,134,114
West_Bengal,Kolkata,"Rabindra Sarobar, Kolkata - WBPCB",14-11-2025 21:00,22.51106,88.35142,NO2,51,259,161
West_Bengal,Kolkata,"Rabindra Sarobar, Kolkata - WBPCB",14-11-2025 21:00,22.51106,88.35142,CO,28,118,60
West_Bengal,Kolkata,"Victoria, Kolkata - WBPCB",14-11-2025 21:00,22.5448082,88.3403691,SO2,2,24,13
West_Bengal,Kolkata,"Victoria, Kolkata - WBPCB",14-11-2025 21:00,22.5448082,88.3403691,OZONE,5,58,34
West_Bengal,Siliguri,"Ward-32 Bapupara, Siliguri - WBPCB",14-11-2025 21:00,26.6879226,88.4152495,PM10,63,130,88
West_Bengal,Siliguri,"Ward-32 Bapupara, Siliguri - WBPCB",14-11-2025 21:00,26.6879226,88.4152495,SO2,11,24,14
West_Bengal,Siliguri,"Ward-32 Bapupara, Siliguri - WBPCB",14-11-2025 21:00,26.6879226,88.4152495,OZONE,16,105,62
Uttar_Pradesh,Vrindavan,"Omex Eternity, Vrindavan - UPPCB",14-11-2025 21:00,27.571409,77.655757,PM10,100,187,139
Uttarakhand,Kashipur,"Govt. Girls Inter College, Kashipur - UKPCB",14-11-2025 21:00,29.2124114,78.9611753,NH3,2,14,5
